Date,ABSA,ARM,BAMB,BAT,BOC,BRIT,CABL,CARB,CGEN,CIC,COOP,CRWN,CTUM,DTK,EABL,EGAD,EQTY,EVRD,HFCK,JUB,KAPC,KCB,KEGN,KENO,KNRE,KPLC,KPLC-P4,KPLC-P7,KQ,KUKZ,LBTY,LIMT,LKL,MSC,NBK,NCBA,NMG,OCH,ORCH,PORT,SASN,SBIC,SCAN,SCBK,SCOM,SGL,SLAM,SMER,TCL,TOTL,TPSE,UCHM,UMME,UNGA,WTK,XPRS,^FNK15,^FNK25,^N20I,^NASI,FTGH,HAFR,IMH,KURV,NSE,^N25I,DCON,FAHR,NBV,BKG,GLD,^ZKEQTK,^ZKEQTU,HBE,LAPR,^N10I,ABSA_NewGold_ETF,Africa_Mega_Agricorp,NSE_Banking_Sector_Index,NSE_Bonds_Index,Sameer_Africa,Satrix_MSCI_World_ETF,Shri_Krishana_Overseas
2013-01-02,15.7,44.6,190.0,493.0,99.5,6.05,11.75,120.0,24.0,3.5,12.75,42.5,12.2,118.0,267.0,25.0,23.75,2.0,15.45,175.0,118.0,30.25,8.9,13.55,10.9,17.0,7.65,5.5,11.3,67.5,6.75,430.0,10.2,4.9,17.35,39.1,225.0,3.7,3.0,39.0,11.9,43.0,67.5,236.25,5.1,22.5,40.25,4.35,23.25,13.9,39.25,19.1,,13.05,200.0,3.5,126.46,129.24,,95.55,,,,,,,,,,,,,,,,,,,,,,,
2013-01-03,15.8,44.6,190.0,500.0,99.5,6.05,12.1,120.0,24.0,3.45,12.8,41.75,12.2,118.0,267.0,24.0,23.75,2.0,15.55,182.0,118.0,31.0,8.85,13.55,10.95,16.95,7.65,5.5,11.35,67.5,7.0,430.0,10.2,4.95,17.05,39.05,227.0,3.6,3.0,40.0,11.75,42.75,68.5,235.5,5.15,22.0,40.25,4.35,23.75,13.85,40.0,19.45,,13.15,200.0,3.45,126.74,129.64,,96.07,,,,,,,,,,,,,,,,,,,,,,,
2013-01-04,15.75,49.75,194.0,502.0,99.5,6.05,12.05,118.0,24.0,3.4,12.9,41.75,12.55,119.0,274.0,25.0,24.0,2.0,15.8,180.0,118.0,31.0,8.85,13.55,11.1,16.95,7.65,5.5,11.25,67.5,7.0,430.0,10.2,5.0,17.35,40.75,229.0,3.65,3.0,40.0,11.9,43.5,63.0,236.75,5.25,22.0,41.0,4.45,24.0,13.9,41.75,19.45,,13.45,200.0,3.5,128.57,131.53,,97.3,,,,,,,,,,,,,,,,,,,,,,,
2013-01-07,15.7,52.0,191.0,504.0,99.5,6.05,12.15,118.0,24.0,3.4,12.8,41.75,12.45,121.0,272.0,24.0,23.75,1.9,15.6,194.0,118.0,31.0,9.0,13.5,11.05,16.5,7.65,5.5,11.2,70.0,6.9,430.0,10.2,5.0,17.4,39.95,231.0,3.55,3.0,41.0,12.0,44.75,67.0,239.0,5.35,22.0,41.0,4.45,24.0,13.65,41.0,19.1,,13.6,200.0,3.5,128.09,131.13,,97.55,,,,,,,,,,,,,,,,,,,,,,,
2013-01-08,15.7,51.5,190.0,505.0,99.5,6.05,12.2,118.0,24.0,3.45,12.75,42.0,12.45,120.0,280.0,24.75,24.0,1.95,15.85,194.0,118.0,31.0,8.95,13.55,11.1,16.7,7.65,5.5,11.35,72.0,6.8,430.0,10.2,5.0,17.45,39.95,233.0,3.55,3.0,40.25,12.1,45.0,68.5,241.5,5.6,22.25,41.0,4.55,23.0,13.65,42.0,19.1,,13.5,200.0,3.5,131.86,135.25,,98.91,,,,,,,,,,,,,,,,,,,,,,,
2013-01-09,15.6,54.5,190.0,524.0,100.0,6.1,12.4,125.0,24.0,3.45,12.7,42.5,12.5,124.0,290.0,24.5,25.25,1.95,16.1,194.0,118.0,31.25,9.15,13.6,11.45,16.7,7.65,5.5,11.2,71.5,6.8,430.0,10.2,4.95,17.5,42.25,239.0,3.5,3.0,40.25,12.45,45.0,69.5,241.25,5.8,22.5,40.75,4.6,23.25,13.55,42.0,19.05,,13.5,200.0,3.15,131.61,134.84,,101.03,,,,,,,,,,,,,,,,,,,,,,,
2013-01-10,15.45,55.0,194.0,525.0,100.0,6.35,12.0,125.0,24.0,3.65,12.75,43.0,12.4,122.0,291.0,24.0,25.75,1.95,16.3,194.0,118.0,31.75,9.45,13.7,11.45,16.8,7.65,5.5,11.35,71.5,6.95,430.0,10.2,4.95,17.6,41.75,242.0,3.55,3.0,40.5,12.05,46.0,69.0,242.25,5.6,24.0,41.25,4.55,23.75,13.65,41.75,19.1,,13.55,199.0,3.05,132.91,136.12,,101.02,,,,,,,,,,,,,,,,,,,,,,,
2013-01-11,15.4,56.0,195.0,530.0,100.0,6.3,12.05,119.0,24.25,3.65,12.75,42.5,12.25,124.0,294.0,24.0,25.5,1.95,16.45,194.0,118.0,32.75,10.05,13.8,11.35,17.0,7.65,5.5,11.0,72.0,6.95,430.0,10.2,4.95,17.65,41.65,243.0,3.55,3.0,40.0,12.05,45.0,69.0,244.0,5.6,23.25,41.75,4.6,24.0,13.5,42.0,19.0,,13.65,200.0,3.05,133.64,136.97,,101.63,,,,,,,,,,,,,,,,,,,,,,,
2013-01-14,15.5,59.0,195.0,540.0,100.0,6.25,12.1,119.0,25.25,3.65,12.85,42.5,12.4,125.0,299.0,24.0,25.75,1.95,16.85,194.0,118.0,33.25,10.8,13.75,11.5,17.2,7.65,5.5,11.05,72.0,6.95,430.0,10.2,4.9,17.45,41.9,242.0,3.55,3.0,40.0,12.9,45.0,69.0,249.75,5.6,23.25,41.75,4.75,24.0,13.9,42.0,19.1,,13.6,200.0,3.05,135.04,138.47,,102.76,,,,,,,,,,,,,,,,,,,,,,,
2013-01-15,15.65,59.0,196.0,540.0,99.0,6.3,12.5,119.0,25.0,3.65,12.95,42.0,12.6,129.0,303.0,24.0,26.25,1.95,17.2,194.0,118.0,34.25,11.5,13.95,11.85,17.9,7.65,5.5,11.05,72.0,6.95,430.0,10.2,4.95,17.75,43.85,256.0,3.65,3.0,40.0,12.55,45.0,70.0,255.25,5.65,24.0,42.0,4.75,23.75,13.9,42.0,18.95,,13.65,200.0,3.15,137.9,141.18,,104.28,,,,,,,,,,,,,,,,,,,,,,,
2013-01-16,16.15,59.5,200.0,540.0,100.0,6.45,13.2,119.0,24.25,3.8,13.35,42.5,13.0,131.0,304.0,24.75,27.25,1.95,18.15,194.0,118.0,34.5,12.6,13.95,12.55,18.05,7.65,5.5,11.05,70.0,6.95,430.0,10.2,5.25,18.5,44.65,264.0,3.7,3.0,42.0,12.85,45.25,68.5,262.75,5.75,24.0,42.25,4.65,24.0,14.0,42.0,19.1,,13.9,197.0,3.15,139.31,142.45,,106.1,,,,,,,,,,,,,,,,,,,,,,,
2013-01-17,16.25,59.0,204.0,540.0,100.0,6.45,13.35,120.0,24.25,3.95,13.1,42.5,13.75,138.0,301.0,24.0,26.5,1.9,18.35,190.0,118.0,32.75,13.6,13.95,12.6,18.05,7.65,5.5,11.0,70.0,6.95,430.0,10.2,5.3,18.75,45.0,259.0,3.65,3.0,41.0,12.9,45.0,66.0,268.75,5.75,24.0,42.25,4.4,25.75,14.1,44.0,19.05,,14.0,200.0,3.25,136.78,139.99,,105.82,,,,,,,,,,,,,,,,,,,,,,,
2013-01-18,16.0,57.0,205.0,540.0,99.5,6.3,13.3,120.0,25.0,3.9,13.0,42.5,13.45,139.0,295.0,24.0,25.75,1.9,17.6,190.0,118.0,32.75,13.75,13.9,12.25,17.85,7.65,5.5,10.95,70.0,6.9,430.0,11.2,5.25,19.0,45.05,251.0,3.7,3.0,42.0,12.8,45.0,65.5,262.25,5.75,23.75,42.0,4.55,27.75,14.3,43.75,19.05,,14.0,200.0,3.55,136.28,139.44,,104.78,,,,,,,,,,,,,,,,,,,,,,,
2013-01-21,16.1,57.5,201.0,540.0,100.0,6.25,13.25,123.0,25.0,3.95,13.05,42.5,12.85,137.0,295.0,23.5,25.5,1.9,17.0,190.0,118.0,32.75,13.35,13.8,12.1,17.7,7.65,5.5,10.85,70.0,6.9,430.0,11.2,5.15,18.75,43.45,251.0,3.7,3.0,45.0,12.4,42.25,64.5,262.5,5.75,23.75,42.0,4.5,28.0,14.1,42.75,19.05,,14.0,200.0,3.5,136.18,139.44,,104.31,,,,,,,,,,,,,,,,,,,,,,,
2013-01-22,16.1,56.5,201.0,530.0,95.0,6.3,13.3,124.0,25.5,4.0,13.05,42.5,12.95,135.0,294.0,24.0,26.0,1.9,17.25,190.0,118.0,33.0,13.1,13.7,11.75,17.9,7.65,5.5,10.95,70.0,6.95,430.0,11.25,5.1,18.5,44.9,256.0,3.7,3.0,45.0,12.4,45.0,63.5,259.25,5.65,24.75,42.0,4.4,26.75,13.85,42.75,19.1,,13.95,220.0,3.5,135.94,139.09,,104.1,,,,,,,,,,,,,,,,,,,,,,,
2013-01-23,16.1,54.0,202.0,515.0,95.0,6.25,13.25,125.0,25.5,4.0,13.0,42.5,12.95,134.0,296.0,22.5,25.75,1.85,17.3,191.0,118.0,33.0,12.1,13.65,11.95,17.8,7.65,5.5,10.95,70.0,6.95,430.0,11.5,5.0,17.8,42.35,256.0,3.7,3.0,45.0,12.15,41.5,65.0,259.25,5.6,23.75,42.75,4.45,27.75,13.9,42.25,19.1,,13.65,200.0,3.5,134.84,138.14,,103.39,,,,,,,,,,,,,,,,,,,,,,,
2013-01-24,16.1,52.5,202.0,519.0,98.0,6.1,13.35,125.0,25.5,4.05,12.85,42.5,12.95,130.0,294.0,22.0,25.75,1.9,17.4,187.0,118.0,32.75,11.4,13.45,11.85,17.6,7.65,5.5,10.9,70.0,7.0,430.0,11.5,4.95,17.5,41.9,250.0,3.65,3.0,42.5,12.45,41.75,64.5,258.0,5.6,23.5,42.75,4.5,27.0,13.85,42.0,19.1,,13.95,200.0,3.6,134.83,138.08,,102.45,,,,,,,,,,,,,,,,,,,,,,,
2013-01-25,16.1,52.5,205.0,517.0,98.0,6.15,13.5,120.0,25.5,4.1,12.7,42.5,12.9,130.0,297.0,22.25,25.75,1.95,17.45,189.0,118.0,33.25,11.4,13.5,11.65,17.05,7.65,5.5,10.9,70.0,7.0,430.0,11.0,5.0,17.6,41.9,250.0,3.6,3.0,44.0,12.05,41.25,65.0,257.75,5.55,23.0,43.5,4.45,26.25,13.75,42.0,19.1,,14.0,200.0,3.6,135.38,138.8,,103.03,,,,,,,,,,,,,,,,,,,,,,,
2013-01-28,16.1,52.5,210.0,517.0,98.0,6.15,13.55,120.0,24.0,4.1,12.75,42.5,13.15,124.0,299.0,22.25,26.0,1.95,17.5,190.0,118.0,33.5,12.2,13.55,11.8,17.25,7.65,5.5,10.85,70.0,6.95,430.0,10.15,5.05,17.55,41.8,251.0,3.6,3.0,42.0,12.0,41.5,65.0,259.25,5.4,23.0,43.5,4.55,26.25,13.45,42.0,19.1,,13.8,200.0,3.5,134.69,138.01,,102.95,,,,,,,,,,,,,,,,,,,,,,,
2013-01-29,16.1,52.0,202.0,517.0,98.0,6.15,13.55,125.0,24.0,4.1,12.9,42.5,13.3,126.0,299.0,22.0,26.25,2.05,17.45,187.0,118.0,33.5,12.5,13.55,11.85,17.4,7.65,5.5,10.8,70.0,6.95,430.0,10.15,5.05,17.55,41.8,255.0,3.6,3.0,44.0,12.0,41.75,65.0,259.75,5.3,22.5,41.5,4.6,26.25,13.35,42.5,19.1,,13.9,200.0,3.5,135.15,138.46,,102.64,,,,,,,,,,,,,,,,,,,,,,,
2013-01-30,16.1,51.0,203.0,517.0,98.0,6.25,13.25,125.0,24.0,4.05,13.0,42.5,13.05,125.0,300.0,22.0,26.25,1.95,17.5,186.0,113.0,33.5,12.15,13.6,11.85,17.85,7.65,5.5,10.85,71.0,7.0,430.0,10.15,5.0,18.25,42.05,256.0,3.6,3.0,42.0,12.0,42.25,66.5,260.0,5.3,22.5,42.25,4.65,25.0,13.6,43.25,19.1,,13.85,200.0,3.5,135.55,138.87,,102.79,,,,,,,,,,,,,,,,,,,,,,,
2013-01-31,16.1,52.0,205.0,519.0,105.0,6.3,13.45,121.0,24.0,4.1,12.95,42.5,13.25,128.0,301.0,24.0,26.25,1.95,17.55,187.0,112.0,33.5,11.85,13.6,12.0,17.65,7.65,5.5,10.5,71.0,7.0,430.0,10.15,5.0,17.75,42.6,259.0,3.6,3.0,42.25,11.9,42.75,66.5,262.75,5.45,22.0,42.75,4.75,25.25,13.65,43.0,19.15,,13.75,200.0,3.5,136.44,139.73,,103.5,,,,,,,,,,,,,,,,,,,,,,,
2013-02-01,16.1,51.5,203.0,519.0,105.0,6.5,13.4,124.0,22.5,4.15,13.05,42.5,13.25,129.0,303.0,24.0,26.5,1.9,17.55,186.0,118.0,33.5,11.75,13.65,12.05,17.7,7.65,5.5,10.65,71.0,6.95,430.0,10.0,5.0,17.75,42.5,260.0,3.6,3.0,45.0,11.9,44.25,67.0,263.0,5.5,23.5,42.75,4.75,24.75,14.0,43.0,19.05,,14.2,200.0,3.5,137.11,140.48,,104.09,,,,,,,,,,,,,,,,,,,,,,,
2013-02-04,16.15,52.5,203.0,520.0,105.0,6.55,13.35,124.0,24.0,4.05,13.0,42.5,13.25,131.0,304.0,23.75,26.5,1.9,17.55,186.0,118.0,33.75,11.7,13.65,12.05,17.8,7.65,5.5,10.85,75.0,6.95,430.0,10.0,5.0,18.0,42.5,264.0,3.6,3.0,45.0,11.55,43.25,69.5,263.25,5.45,23.5,42.0,4.8,25.75,13.6,41.0,19.1,,13.8,200.0,3.5,137.24,140.64,,104.3,,,,,,,,,,,,,,,,,,,,,,,
2013-02-05,16.15,55.5,203.0,521.0,105.0,6.5,13.4,124.0,24.0,4.1,13.2,42.5,13.45,131.0,306.0,23.75,26.75,1.9,17.9,186.0,118.0,34.25,11.95,13.6,12.15,17.95,7.65,5.5,10.85,75.0,6.95,430.0,10.15,5.0,18.0,42.65,264.0,3.6,3.0,45.0,11.6,42.75,72.0,264.5,5.4,23.5,42.0,4.8,26.25,13.65,42.0,19.15,,14.1,201.0,3.5,137.64,141.07,,104.58,,,,,,,,,,,,,,,,,,,,,,,
2013-02-06,16.2,56.5,209.0,529.0,105.0,6.55,13.35,124.0,24.0,4.1,13.2,42.0,13.55,139.0,307.0,23.75,27.0,1.9,18.4,185.0,118.0,34.75,12.45,13.65,12.5,18.45,7.65,5.5,10.9,75.0,6.95,430.0,10.0,4.95,18.0,43.15,261.0,3.6,3.0,43.5,11.85,42.75,72.0,265.0,5.4,23.75,42.0,4.65,25.5,13.75,40.25,19.15,,14.0,201.0,3.5,138.39,141.82,,105.39,,,,,,,,,,,,,,,,,,,,,,,
2013-02-07,16.35,60.0,215.0,530.0,101.0,6.65,13.45,124.0,26.0,4.1,13.45,42.5,13.8,137.0,307.0,23.5,27.25,1.9,19.2,185.0,118.0,34.75,12.5,13.65,12.65,18.45,7.65,5.5,10.7,75.0,6.95,430.0,10.15,4.95,18.2,44.8,260.0,3.6,3.0,44.0,11.85,45.0,73.5,269.75,5.4,23.75,42.0,4.3,26.0,14.0,40.25,19.25,,13.95,200.0,3.5,139.71,143.12,,106.23,,,,,,,,,,,,,,,,,,,,,,,
2013-02-08,16.45,59.5,217.0,539.0,100.0,6.8,13.6,124.0,26.0,4.15,13.6,42.5,14.45,139.0,307.0,22.25,27.5,1.9,19.15,193.0,118.0,35.5,12.5,13.6,12.95,18.6,7.65,5.5,10.75,75.0,6.9,430.0,10.1,5.0,18.85,45.0,264.0,3.6,3.0,44.0,11.6,45.25,74.5,274.0,5.55,23.75,43.0,4.4,26.0,14.0,40.5,19.3,,14.35,199.0,3.5,141.3,144.61,,107.42,,,,,,,,,,,,,,,,,,,,,,,
2013-02-11,16.5,58.5,217.0,539.0,100.0,6.85,13.35,124.0,26.0,4.15,13.65,40.75,14.9,139.0,311.0,22.25,27.75,1.9,19.2,191.0,120.0,36.75,12.5,13.7,12.95,18.65,7.65,5.5,10.8,75.0,6.95,430.0,10.1,4.95,18.65,45.95,264.0,3.6,3.0,44.0,11.85,44.75,75.0,273.5,5.65,23.75,42.75,4.3,26.0,13.85,40.75,19.4,,14.4,201.0,3.5,142.84,146.26,,108.36,,,,,,,,,,,,,,,,,,,,,,,
2013-02-12,16.5,59.0,217.0,539.0,100.0,6.85,13.55,123.0,26.0,4.15,13.85,42.5,15.0,139.0,314.0,22.25,27.5,1.9,19.45,198.0,120.0,38.25,12.45,13.8,12.8,19.0,7.65,5.5,10.85,75.0,6.95,430.0,9.2,4.95,18.6,46.95,261.0,3.6,3.0,44.0,11.8,45.0,75.0,277.75,5.65,23.75,43.25,4.3,26.0,13.85,41.25,19.35,,14.5,210.0,3.25,144.66,148.2,,109.23,,,,,,,,,,,,,,,,,,,,,,,
2013-02-13,16.15,60.0,221.0,539.0,100.0,6.85,13.4,122.0,26.0,4.1,14.05,42.75,15.0,140.0,314.0,22.25,27.75,1.9,19.5,195.0,120.0,38.5,12.3,13.8,12.95,19.05,7.65,5.5,10.8,75.0,6.95,430.0,9.15,4.9,18.75,45.0,270.0,3.5,3.0,43.5,11.95,45.5,74.0,277.0,5.7,23.5,44.25,4.4,26.0,13.8,41.25,19.35,,14.5,210.0,3.2,143.04,146.55,,109.5,,,,,,,,,,,,,,,,,,,,,,,
2013-02-14,16.15,59.5,222.0,539.0,109.0,6.85,13.45,122.0,26.0,4.1,13.9,42.75,15.0,140.0,308.0,22.25,27.75,1.85,19.95,195.0,120.0,37.0,12.35,13.9,12.95,19.05,7.65,5.5,10.75,77.0,7.0,430.0,9.15,4.95,19.0,44.75,268.0,3.65,3.0,43.5,12.1,46.0,74.5,278.25,5.6,24.0,45.0,4.3,26.0,13.8,42.0,19.4,,14.5,210.0,3.2,141.53,144.93,,108.5,,,,,,,,,,,,,,,,,,,,,,,
2013-02-15,16.15,60.0,222.0,537.0,108.0,6.9,13.45,122.0,26.0,4.1,13.7,42.75,14.85,140.0,295.0,23.0,28.0,1.85,20.05,196.0,120.0,37.0,12.25,14.0,12.95,18.7,7.65,5.5,10.75,77.0,7.0,430.0,9.0,4.95,19.3,45.35,266.0,3.65,3.0,44.25,12.0,47.0,73.0,278.25,5.55,24.75,46.0,4.35,26.0,13.85,43.5,19.4,,14.2,210.0,3.2,141.36,144.51,,107.58,,,,,,,,,,,,,,,,,,,,,,,
2013-02-18,16.35,59.5,220.0,534.0,100.0,6.85,13.4,122.0,26.0,4.1,13.3,42.75,14.8,140.0,287.0,23.0,27.5,1.9,20.05,191.0,120.0,37.25,12.15,13.95,12.85,18.65,7.65,5.5,10.6,77.0,7.0,430.0,9.0,4.95,19.8,45.5,263.0,3.65,3.0,47.0,11.8,46.0,70.0,278.0,5.55,24.5,46.0,4.3,26.0,13.9,42.75,19.45,,14.45,210.0,3.25,137.77,140.58,,106.72,,,,,,,,,,,,,,,,,,,,,,,
2013-02-19,16.35,60.0,220.0,535.0,100.0,6.75,13.45,122.0,26.0,4.1,13.3,43.0,14.8,140.0,277.0,23.0,27.5,1.85,20.0,191.0,120.0,36.75,11.75,13.65,12.85,18.0,7.65,5.5,10.7,77.0,7.0,430.0,9.0,4.95,19.55,45.35,265.0,3.65,3.0,46.5,11.95,46.0,69.5,276.0,5.65,24.5,45.0,4.35,26.25,13.85,42.75,19.45,,14.4,210.0,3.25,138.59,141.57,,106.06,,,,,,,,,,,,,,,,,,,,,,,
2013-02-20,16.3,61.0,204.0,535.0,105.0,6.65,13.45,124.0,24.0,4.1,13.3,43.0,13.65,140.0,273.0,24.0,27.25,1.8,19.4,194.0,120.0,36.5,11.65,13.1,12.55,17.75,7.65,5.5,10.65,77.0,7.0,430.0,9.0,4.8,19.1,45.5,265.0,3.65,3.0,46.5,11.6,45.75,70.0,272.75,5.7,24.0,45.0,4.3,26.25,14.05,42.75,19.65,,14.55,210.0,3.25,137.16,140.05,,105.13,,,,,,,,,,,,,,,,,,,,,,,
2013-02-21,16.25,62.0,214.0,530.0,103.0,6.65,13.45,123.0,24.0,4.05,13.15,42.5,13.7,140.0,277.0,24.0,27.0,1.85,18.3,195.0,120.0,36.25,11.65,12.9,12.5,17.75,7.65,5.5,10.6,76.5,7.1,430.0,9.0,4.7,19.05,45.45,265.0,3.65,3.0,48.0,11.55,45.5,71.0,271.75,5.7,24.0,47.0,4.25,26.0,14.0,43.25,19.65,,14.55,210.0,3.05,137.09,140.05,,105.39,,,,,,,,,,,,,,,,,,,,,,,
2013-02-22,16.2,62.5,214.0,529.0,100.0,6.6,13.45,122.0,24.0,4.05,13.1,41.0,13.75,140.0,280.0,24.0,26.75,1.9,17.8,195.0,120.0,36.5,10.95,12.65,12.05,17.5,7.65,5.5,10.6,77.0,7.1,430.0,9.0,4.65,17.9,45.25,265.0,3.65,3.0,46.75,11.25,45.5,71.5,270.25,5.65,24.0,48.0,4.3,26.5,15.15,42.5,19.6,,14.6,206.0,3.05,136.96,140.16,,105.27,,,,,,,,,,,,,,,,,,,,,,,
2013-02-25,16.2,62.5,211.0,530.0,100.0,6.55,13.45,122.0,24.0,4.05,13.05,42.5,13.9,140.0,280.0,24.0,26.5,1.85,17.9,190.0,120.0,37.0,10.8,12.8,12.0,17.05,7.65,5.5,10.65,77.0,7.2,430.0,9.0,4.75,17.9,44.4,265.0,3.7,3.0,46.0,11.15,45.75,71.0,265.5,5.65,24.0,48.25,4.25,26.5,14.05,42.5,19.35,,14.5,205.0,3.3,137.5,140.63,,104.92,,,,,,,,,,,,,,,,,,,,,,,
2013-02-26,16.25,62.0,204.0,523.0,100.0,6.6,13.7,120.0,24.25,4.1,13.25,42.5,13.55,141.0,279.0,23.0,26.75,1.85,18.4,185.0,120.0,39.25,11.6,12.95,12.0,16.8,7.65,5.5,10.65,77.0,7.05,430.0,9.0,4.7,16.6,44.1,264.0,3.6,3.0,46.75,10.9,45.75,70.5,265.75,5.65,24.0,49.5,4.3,26.5,14.2,42.25,19.0,,14.5,205.0,3.3,138.77,141.83,,105.19,,,,,,,,,,,,,,,,,,,,,,,
2013-02-27,16.3,62.0,204.0,529.0,100.0,6.75,14.95,120.0,24.25,4.05,13.35,42.5,14.0,140.0,280.0,23.0,27.75,1.85,19.0,186.0,115.0,38.5,12.25,13.15,12.15,16.75,7.65,5.5,10.65,77.0,7.0,430.0,9.0,4.85,17.6,44.7,267.0,3.6,3.0,46.75,10.95,45.5,71.5,264.75,5.7,24.0,49.5,4.3,27.0,14.2,42.25,19.15,,14.8,205.0,3.3,140.27,143.33,,106.55,,,,,,,,,,,,,,,,,,,,,,,
2013-02-28,16.6,62.0,204.0,529.0,106.0,6.95,14.9,120.0,24.0,4.15,13.75,42.5,14.35,140.0,282.0,23.0,28.25,1.85,19.6,191.0,115.0,38.25,12.3,13.45,12.5,17.45,7.65,5.5,10.65,77.0,7.05,430.0,9.0,4.2,18.15,45.25,268.0,3.65,3.0,49.5,11.0,45.25,71.5,270.0,5.75,24.0,50.0,4.3,27.0,14.3,43.25,19.3,,14.55,207.0,3.4,141.12,144.27,,106.91,,,,,,,,,,,,,,,,,,,,,,,
2013-03-01,16.95,62.5,203.0,539.0,106.0,7.05,14.75,126.0,24.0,4.25,13.95,42.5,14.65,141.0,285.0,23.0,28.25,1.85,19.6,200.0,115.0,35.75,12.05,13.5,12.5,17.9,7.65,5.5,10.5,77.0,7.1,430.0,9.0,4.2,18.65,46.05,270.0,3.8,3.0,50.0,11.2,45.5,66.0,273.5,5.8,24.5,50.0,4.3,27.25,14.5,43.25,19.3,,14.45,207.0,3.4,141.01,143.92,,107.18,,,,,,,,,,,,,,,,,,,,,,,
2013-03-05,17.0,62.5,203.0,537.0,106.0,7.2,14.3,126.0,24.0,4.4,14.45,42.5,14.55,142.0,287.0,23.0,28.5,1.8,19.65,200.0,115.0,35.5,12.25,12.3,12.9,17.8,7.65,5.5,10.6,77.0,7.1,430.0,9.0,4.55,19.1,45.25,269.0,3.8,3.0,50.0,11.2,48.25,67.0,279.5,5.95,24.5,52.5,4.4,27.0,14.25,43.5,19.3,,14.45,207.0,3.4,142.22,145.18,,108.09,,,,,,,,,,,,,,,,,,,,,,,
2013-03-06,16.95,62.5,205.0,537.0,101.0,7.5,14.6,126.0,23.0,4.65,14.3,46.0,14.55,142.0,291.0,23.0,30.0,1.85,19.8,198.0,115.0,35.5,12.45,11.15,13.05,18.0,7.65,5.5,10.65,78.0,7.5,430.0,9.0,4.45,18.95,47.1,270.0,3.85,3.0,50.0,11.45,51.5,68.0,291.0,5.9,24.5,52.5,4.4,27.0,14.5,45.0,19.1,,14.4,219.0,3.5,143.46,146.38,,109.28,,,,,,,,,,,,,,,,,,,,,,,
2013-03-07,17.1,63.0,205.0,540.0,101.0,8.05,14.75,126.0,21.0,4.7,14.4,43.0,14.95,144.0,295.0,23.0,29.75,1.85,20.4,200.0,115.0,36.0,12.5,10.9,13.55,18.25,7.65,5.5,10.75,80.5,7.75,430.0,9.0,4.5,19.1,47.6,270.0,3.8,3.0,50.0,11.95,56.0,68.0,298.5,5.95,25.0,53.0,4.45,27.5,15.4,48.0,19.2,,14.5,219.0,3.6,145.35,148.51,,110.3,,,,,,,,,,,,,,,,,,,,,,,
2013-03-08,17.35,64.0,205.0,539.0,101.0,8.5,14.8,126.0,21.0,4.8,14.8,46.0,15.25,146.0,297.0,24.0,30.0,1.85,20.5,207.0,115.0,38.25,12.6,11.0,13.9,18.35,7.65,5.5,10.85,85.0,8.3,430.0,9.0,4.8,19.1,49.2,270.0,3.85,3.0,50.0,12.05,59.5,68.5,294.25,5.95,24.75,52.5,4.5,27.75,15.4,49.0,19.65,,14.5,220.0,3.6,146.57,149.73,,111.79,,,,,,,,,,,,,,,,,,,,,,,
2013-03-11,17.2,67.5,218.0,535.0,100.0,8.95,15.55,120.0,21.0,5.2,15.6,46.0,16.35,146.0,307.0,24.0,31.25,1.9,22.2,227.0,115.0,39.5,13.45,11.75,15.15,19.0,7.65,5.5,11.0,85.0,9.0,430.0,9.0,4.8,20.25,52.5,275.0,3.85,3.0,53.0,12.4,62.5,70.5,300.5,6.15,26.5,56.5,4.9,28.25,15.4,50.0,20.25,,14.9,240.0,3.9,153.5,157.0,,115.37,,,,,,,,,,,,,,,,,,,,,,,
2013-03-12,17.95,71.5,220.0,539.0,101.0,9.3,16.3,120.0,21.0,5.65,16.15,46.25,17.8,150.0,320.0,24.0,33.5,2.0,23.85,227.0,120.0,40.25,14.7,12.6,15.85,19.95,7.65,5.5,11.6,85.0,9.9,430.0,9.2,4.75,22.0,56.25,280.0,4.1,3.0,55.0,13.35,60.5,73.0,309.75,6.25,26.25,60.0,5.3,30.0,15.65,52.0,21.75,,15.45,240.0,3.9,157.85,161.1,,119.37,,,,,,,,,,,,,,,,,,,,,,,
2013-03-13,18.3,71.0,219.0,535.0,99.5,8.95,16.1,121.0,21.0,5.65,16.0,46.5,17.25,150.0,319.0,24.0,31.5,2.1,22.45,235.0,120.0,39.75,14.1,12.0,15.6,20.0,7.65,5.5,11.55,85.0,9.6,470.0,8.9,4.7,21.75,52.0,282.0,4.15,3.0,54.0,13.0,57.0,72.0,302.75,6.25,26.75,58.5,5.1,31.5,15.8,54.0,20.5,,15.15,240.0,3.9,155.05,158.35,,118.02,,,,,,,,,,,,,,,,,,,,,,,
2013-03-14,16.95,69.5,219.0,539.0,100.0,8.5,15.85,120.0,21.0,5.25,15.35,46.5,16.25,150.0,310.0,24.0,31.0,2.2,21.95,225.0,120.0,39.25,13.6,11.6,14.45,19.1,7.65,5.5,11.35,85.0,9.05,470.0,8.5,4.6,20.75,52.75,280.0,4.05,3.0,54.5,12.55,54.5,72.5,300.0,6.3,25.5,57.5,5.1,32.25,15.5,52.0,21.5,,15.05,240.0,3.9,150.18,153.62,,115.93,,,,,,,,,,,,,,,,,,,,,,,
2013-03-15,16.3,69.0,211.0,530.0,100.0,8.15,14.85,127.0,22.0,4.95,14.9,47.5,16.0,145.0,303.0,24.0,30.0,2.05,22.1,208.0,115.0,38.5,13.1,11.55,14.5,18.65,7.65,5.5,11.35,89.0,8.55,470.0,8.5,4.65,20.25,50.25,282.0,3.9,3.0,55.0,12.85,55.0,72.0,292.75,6.1,24.75,54.5,5.25,34.5,15.55,51.5,21.5,,15.05,239.0,3.9,145.64,149.08,,113.23,,,,,,,,,,,,,,,,,,,,,,,
2013-03-18,16.35,67.0,215.0,530.0,100.0,8.35,15.65,122.0,22.0,5.25,14.85,47.5,16.15,144.0,304.0,24.0,29.0,2.0,22.15,209.0,115.0,38.5,13.25,10.85,14.35,18.6,7.65,5.5,11.25,89.0,8.65,470.0,8.5,4.6,21.0,49.35,283.0,4.0,3.0,53.5,12.45,55.5,71.5,291.5,5.95,23.0,56.0,5.1,35.25,15.4,52.0,21.25,,15.0,229.0,3.9,146.19,149.74,,112.56,,,,,,,,,,,,,,,,,,,,,,,
2013-03-19,16.55,67.0,217.0,530.0,99.5,8.55,15.45,122.0,22.0,5.6,14.95,47.5,16.9,143.0,307.0,24.5,29.75,2.0,22.85,210.0,115.0,38.75,13.7,10.75,14.55,18.55,7.65,5.5,11.25,81.5,9.15,470.0,8.5,4.6,21.25,48.65,282.0,3.85,3.0,54.0,12.4,57.5,72.0,289.75,5.95,23.0,56.5,5.25,34.75,14.9,52.0,20.75,,14.95,226.0,3.9,147.46,150.88,,113.2,,,,,,,,,,,,,,,,,,,,,,,
2013-03-20,16.65,68.0,217.0,530.0,99.5,8.5,15.5,126.0,22.0,5.3,15.1,47.0,17.1,145.0,309.0,24.0,30.0,1.95,23.0,211.0,115.0,38.5,13.85,10.8,14.4,18.55,7.65,5.5,11.15,76.0,9.6,470.0,8.5,4.6,22.0,49.65,286.0,4.05,3.0,54.0,12.1,54.5,71.5,289.5,5.95,23.0,57.0,5.3,34.25,14.6,50.0,21.25,,14.95,226.0,3.6,148.09,151.65,,113.52,,,,,,,,,,,,,,,,,,,,,,,
2013-03-21,16.6,68.0,217.0,530.0,100.0,8.5,15.45,126.0,21.25,5.3,15.05,47.0,17.15,145.0,309.0,24.0,30.0,1.9,22.8,219.0,121.0,38.5,13.5,10.7,14.2,18.6,7.65,5.5,11.1,76.0,9.75,470.0,8.5,4.55,22.25,49.35,303.0,4.0,3.0,53.0,11.95,55.0,71.0,288.75,5.8,23.0,56.0,5.45,33.5,14.2,50.0,21.5,,14.75,226.0,3.5,147.06,150.68,,113.21,,,,,,,,,,,,,,,,,,,,,,,
2013-03-22,16.6,67.5,219.0,530.0,100.0,8.45,15.45,126.0,21.25,5.5,15.0,47.75,17.35,145.0,309.0,24.25,30.0,2.0,22.45,224.0,121.0,38.5,13.45,10.5,14.45,18.55,7.65,5.5,11.0,76.0,9.8,470.0,8.5,4.5,22.5,49.3,321.0,4.05,3.0,52.0,11.85,54.5,72.0,291.5,5.8,24.75,55.5,5.4,33.5,14.55,50.5,21.5,,14.75,226.0,3.5,147.13,150.83,,113.45,,,,,,,,,,,,,,,,,,,,,,,
2013-03-25,16.65,67.0,220.0,530.0,107.0,8.4,15.2,129.0,21.25,5.45,15.15,46.5,17.5,146.0,310.0,26.25,30.0,2.0,22.85,236.0,125.0,39.0,13.8,10.0,14.9,18.95,7.65,5.5,11.0,76.0,9.85,470.0,9.0,4.5,20.25,49.55,330.0,4.1,3.0,53.0,12.2,58.0,71.5,294.75,5.8,24.75,56.0,5.2,33.0,14.25,54.0,21.5,,15.0,226.0,3.5,148.17,151.95,,114.09,,,,,,,,,,,,,,,,,,,,,,,
2013-03-26,16.65,66.5,219.0,539.0,107.0,8.4,15.15,129.0,21.25,5.45,15.15,47.0,18.6,145.0,311.0,25.5,30.5,1.95,23.8,237.0,120.0,40.0,14.1,10.3,15.4,18.85,7.65,5.5,10.95,76.0,9.5,470.0,9.0,4.55,19.35,50.5,332.0,4.1,3.0,50.0,11.6,56.5,72.0,298.25,5.8,26.75,55.5,5.2,33.25,14.0,54.0,22.0,,15.0,221.0,3.55,150.36,153.89,,114.78,,,,,,,,,,,,,,,,,,,,,,,
2013-03-27,16.9,67.5,218.0,539.0,101.0,8.45,15.5,134.0,22.75,5.55,16.25,47.75,19.75,146.0,311.0,25.5,33.25,2.1,24.35,249.0,120.0,40.75,14.45,10.05,15.6,19.0,7.65,5.5,10.85,76.0,9.65,460.0,9.05,4.5,20.5,52.25,349.0,4.0,3.0,53.0,12.1,58.5,72.0,301.5,5.95,28.5,56.5,5.2,32.75,13.25,54.0,21.75,,15.0,228.0,3.5,153.78,157.07,,117.23,,,,,,,,,,,,,,,,,,,,,,,
2013-03-28,17.0,68.5,217.0,540.0,101.0,8.7,15.95,130.0,23.5,5.45,16.4,48.0,19.9,145.0,311.0,25.5,33.25,2.15,24.3,258.0,120.0,41.5,14.55,10.0,15.6,19.0,7.65,5.5,10.9,80.0,10.05,460.0,9.0,4.5,22.25,53.75,355.0,4.0,3.0,53.0,11.95,60.0,71.5,301.25,6.0,31.0,59.0,5.05,32.5,13.1,51.5,22.0,,14.0,228.0,3.45,154.43,157.81,,117.91,,,,,,,,,,,,,,,,,,,,,,,
2013-04-02,18.0,70.0,225.0,540.0,102.0,9.45,17.2,140.0,25.75,5.7,17.8,49.5,21.7,150.0,310.0,25.5,35.5,2.25,25.8,264.0,125.0,42.5,15.95,10.65,16.8,20.0,7.65,5.5,10.95,80.0,10.45,460.0,9.0,4.7,23.0,56.0,366.0,4.0,3.0,53.0,12.4,64.5,71.5,312.25,6.0,33.5,62.5,5.3,34.25,13.85,55.5,23.25,,15.35,228.0,3.8,159.25,162.24,,121.58,,,,,,,,,,,,,,,,,,,,,,,
2013-04-03,17.7,67.5,210.0,540.0,108.0,9.45,17.05,140.0,25.25,5.85,17.65,53.5,21.25,153.0,309.0,25.5,35.5,2.4,25.0,259.0,125.0,42.0,15.5,10.85,16.45,19.8,7.65,5.5,10.95,85.0,11.2,460.0,9.0,4.7,22.5,54.0,377.0,4.0,3.0,53.0,12.4,65.0,72.5,314.25,6.15,35.5,64.5,5.65,34.75,15.1,54.5,22.75,,15.5,231.0,3.8,158.85,161.84,,,,,,,,,,,,,,,,,,,,,,,,,
2013-04-04,17.05,68.5,206.0,540.0,108.0,9.05,16.8,136.0,25.0,5.75,17.0,54.5,19.95,152.0,309.0,25.5,34.75,2.55,24.5,246.0,125.0,42.25,15.15,10.7,16.15,19.2,7.65,5.5,10.95,85.0,11.2,460.0,8.5,4.7,21.5,53.5,373.0,3.75,3.0,53.0,12.65,63.0,72.5,309.25,6.25,37.5,59.5,5.6,35.0,15.1,54.5,22.0,,16.4,228.0,3.5,157.1,160.19,,120.45,,,,,,,,,,,,,,,,,,,,,,,
2013-04-05,17.25,68.0,205.0,542.0,107.0,9.15,16.65,135.0,26.0,5.7,16.85,54.5,20.5,154.0,307.0,25.5,34.75,2.75,25.05,250.0,125.0,42.5,15.35,10.6,16.2,19.3,7.65,5.5,10.9,85.0,11.25,460.0,9.0,4.7,22.0,52.5,379.0,4.0,3.0,57.0,13.0,63.5,73.0,312.5,6.3,37.0,60.5,5.5,35.75,15.4,53.5,21.75,,16.4,250.0,3.5,157.22,160.27,,120.65,,,,,,,,,,,,,,,,,,,,,,,
2013-04-08,17.1,66.5,200.0,541.0,110.0,9.45,16.95,135.0,26.75,5.7,16.95,54.5,20.8,154.0,292.0,25.5,35.5,2.95,25.6,259.0,125.0,42.25,15.8,10.45,17.2,19.5,7.65,5.5,10.9,85.0,11.75,460.0,9.0,4.85,22.25,53.5,381.0,4.25,3.0,57.0,12.7,64.0,73.0,318.5,6.35,37.75,62.0,5.55,36.25,15.25,53.5,21.75,,15.55,274.0,3.85,156.58,159.15,,120.41,,,,,,,,,,,,,,,,,,,,,,,
2013-04-10,17.3,66.5,203.0,541.0,110.0,9.2,16.95,136.0,26.75,5.75,17.05,55.0,21.55,154.0,302.0,25.5,35.75,3.15,25.05,262.0,125.0,42.25,15.95,9.7,16.75,19.6,7.65,5.5,10.95,85.0,12.8,460.0,9.0,5.0,22.75,53.25,386.0,4.35,3.0,57.0,12.6,64.5,70.5,317.5,6.4,35.0,63.5,5.7,36.25,15.9,52.0,22.0,,15.55,274.0,3.95,158.37,161.14,,121.53,,,,,,,,,,,,,,,,,,,,,,,
2013-04-11,17.4,67.5,204.0,542.0,110.0,9.1,17.1,136.0,26.75,5.7,16.95,55.0,21.6,153.0,303.0,25.5,35.5,3.4,25.0,267.0,125.0,42.25,15.9,10.3,16.75,19.55,7.65,5.5,10.95,85.0,13.9,460.0,9.0,5.0,22.75,53.25,398.0,4.65,3.0,57.0,12.9,64.0,71.5,317.25,6.5,32.25,62.5,5.65,36.75,16.0,53.5,21.75,,15.35,274.0,4.2,158.8,161.58,,122.14,,,,,,,,,,,,,,,,,,,,,,,
2013-04-12,17.5,67.5,205.0,542.0,110.0,9.0,16.75,130.0,26.75,5.6,16.95,55.0,21.25,154.0,304.0,25.5,35.0,3.5,24.55,269.0,125.0,42.0,15.9,10.4,16.9,19.45,7.65,5.5,10.95,85.5,13.3,470.0,9.0,4.95,22.75,52.75,395.0,4.65,3.0,56.0,13.05,64.0,69.5,317.25,6.5,35.0,62.0,5.7,34.75,16.0,53.0,22.0,,15.55,274.0,4.25,158.26,161.12,,121.71,,,,,,,,,,,,,,,,,,,,,,,
2013-04-15,17.55,67.5,210.0,543.0,110.0,9.0,16.95,130.0,26.75,5.6,16.9,56.0,21.6,154.0,306.0,25.0,34.5,3.25,24.75,270.0,125.0,42.0,15.75,10.45,17.4,19.4,7.65,5.5,11.0,85.0,12.95,470.0,9.0,4.9,22.5,53.0,338.0,4.95,3.0,57.0,13.4,63.5,69.5,316.75,6.4,34.5,61.0,5.75,34.75,16.7,53.5,23.0,,15.9,274.0,4.25,157.94,160.98,,120.94,,,,,,,,,,,,,,,,,,,,,,,
2013-04-16,17.5,66.5,205.0,544.0,110.0,8.95,17.15,130.0,26.75,5.5,16.9,55.0,21.05,153.0,304.0,25.0,34.0,3.2,25.0,271.0,125.0,42.0,15.75,10.5,18.25,19.2,7.65,5.5,10.95,85.0,12.65,470.0,9.0,4.8,22.5,52.75,314.0,5.25,3.0,53.5,13.45,64.0,69.0,318.25,6.4,33.75,62.0,5.65,35.75,17.0,53.5,22.5,,15.5,257.0,4.25,157.1,160.17,,120.15,,,,,,,,,,,,,,,,,,,,,,,
2013-04-17,17.45,67.5,204.0,544.0,110.0,8.95,17.05,130.0,26.75,5.45,16.9,55.0,21.55,154.0,302.0,25.0,33.5,2.9,25.0,270.0,130.0,41.75,15.75,10.45,17.8,19.1,7.65,5.5,10.95,85.0,13.0,470.0,9.0,4.8,22.5,53.25,295.0,5.6,3.0,54.0,13.45,62.0,69.0,318.0,6.45,34.5,62.5,5.65,36.75,17.1,52.5,23.0,,15.5,243.0,4.3,156.48,159.57,,119.73,,,,,,,,,,,,,,,,,,,,,,,
2013-04-18,17.45,68.0,205.0,548.0,110.0,8.95,16.75,135.0,28.75,5.4,16.8,55.0,21.7,152.0,302.0,25.0,33.25,2.75,25.1,270.0,130.0,41.0,15.7,10.4,17.75,19.05,7.65,5.5,10.95,84.0,13.05,470.0,9.0,4.75,22.75,53.75,295.0,5.8,3.0,57.0,13.05,61.0,69.0,300.0,6.55,34.5,62.5,5.65,36.75,17.05,53.0,22.75,,15.6,234.0,4.3,156.28,159.4,,119.46,,,,,,,,,,,,,,,,,,,,,,,
2013-04-19,17.4,67.0,205.0,554.0,110.0,8.9,16.7,137.0,28.75,5.4,16.65,55.0,21.8,154.0,299.0,25.0,33.0,2.9,24.8,269.0,130.0,40.75,15.7,10.25,17.75,18.95,7.65,5.5,10.95,84.0,13.0,470.0,8.95,4.75,22.5,54.0,287.0,5.75,3.0,57.0,13.1,60.5,66.0,299.25,6.6,33.0,62.5,5.5,36.5,16.95,53.5,22.5,,15.95,230.0,4.25,155.47,158.51,,118.99,,,,,,,,,,,,,,,,,,,,,,,
2013-04-22,17.4,66.5,205.0,555.0,110.0,8.85,16.9,137.0,28.75,5.35,16.5,55.0,21.7,142.0,297.0,25.0,32.75,2.8,24.75,267.0,130.0,40.5,15.45,10.3,17.5,18.85,7.65,5.5,10.95,82.0,12.95,470.0,8.55,4.75,22.75,53.75,278.0,5.75,3.0,57.0,13.45,61.0,65.0,300.0,6.6,34.25,63.0,5.25,36.0,16.85,53.0,22.0,,15.95,230.0,4.25,154.69,157.71,,118.26,,,,,,,,,,,,,,,,,,,,,,,
2013-04-23,17.35,66.0,205.0,560.0,110.0,8.85,16.9,137.0,28.75,5.3,16.3,56.0,21.3,150.0,296.0,24.75,32.5,2.85,24.2,266.0,130.0,40.75,15.0,9.85,17.65,18.5,7.65,5.5,10.95,84.5,12.85,470.0,9.0,4.75,22.5,53.0,275.0,5.7,3.0,57.0,13.5,61.0,66.0,299.25,6.6,31.75,62.0,5.3,36.25,16.35,52.5,22.25,,15.95,225.0,4.25,154.05,157.1,,117.98,,,,,,,,,,,,,,,,,,,,,,,
2013-04-24,17.35,65.0,210.0,560.0,110.0,8.8,16.75,139.0,28.75,5.3,16.4,58.0,20.7,150.0,298.0,24.0,32.75,2.75,24.05,265.0,130.0,41.75,15.0,9.05,17.95,18.5,7.65,5.5,10.95,84.5,12.5,470.0,9.0,4.7,22.25,53.0,277.0,5.5,3.0,57.0,13.4,62.0,66.0,298.0,6.6,31.75,62.0,5.15,35.0,16.25,53.5,21.75,,15.95,225.0,4.0,154.74,157.81,,118.38,,,,,,,,,,,,,,,,,,,,,,,
2013-04-25,17.35,65.5,204.0,560.0,110.0,8.5,16.85,137.0,26.0,5.3,16.5,56.0,20.3,150.0,299.0,24.0,32.5,2.75,24.35,263.0,125.0,41.5,15.0,9.05,17.15,18.25,7.65,5.5,11.0,86.0,11.95,470.0,9.0,4.65,22.0,52.75,280.0,5.05,3.0,56.5,13.4,61.0,65.5,277.5,6.6,29.75,62.0,5.35,36.0,16.35,52.5,19.9,,15.95,225.0,4.0,154.24,157.29,,117.47,,,,,,,,,,,,,,,,,,,,,,,
2013-04-26,17.45,65.0,204.0,560.0,110.0,8.4,16.9,136.0,26.0,5.25,16.45,56.0,19.9,150.0,297.0,24.0,32.0,2.75,25.15,260.0,125.0,41.5,15.15,9.5,16.3,18.25,7.65,5.5,11.1,86.0,11.55,470.0,9.0,4.75,21.75,52.75,279.0,5.0,3.0,57.0,13.1,59.0,65.5,281.5,6.65,29.0,62.0,5.5,36.75,16.45,52.0,20.5,,15.5,225.0,4.0,154.05,157.19,,117.41,,,,,,,,,,,,,,,,,,,,,,,
2013-04-29,17.45,62.5,204.0,560.0,109.0,8.1,16.7,136.0,26.0,5.1,16.35,56.0,19.9,150.0,300.0,25.0,31.75,2.75,24.85,260.0,125.0,41.5,15.0,9.75,15.95,18.3,7.65,5.5,10.95,86.0,11.6,470.0,9.0,4.75,20.5,52.0,279.0,4.55,3.0,56.5,12.7,59.0,66.0,279.75,6.7,29.75,61.0,5.4,36.25,16.45,52.5,19.8,,15.5,230.0,4.0,154.13,157.34,,117.36,,,,,,,,,,,,,,,,,,,,,,,
2013-04-30,17.7,62.0,204.0,549.0,110.0,8.15,16.4,136.0,26.0,5.0,16.25,56.5,20.3,154.0,305.0,26.0,31.25,2.7,24.8,260.0,125.0,42.0,14.85,9.65,16.0,18.3,7.65,5.5,10.95,86.0,12.45,470.0,9.0,4.7,20.5,51.75,280.0,4.2,3.0,53.5,12.9,59.5,66.0,279.75,6.8,29.75,61.0,5.25,36.0,16.35,53.0,19.75,,15.5,230.0,4.2,155.27,158.64,,118.07,,,,,,,,,,,,,,,,,,,,,,,
2013-05-02,17.65,65.0,205.0,545.0,110.0,8.2,15.95,138.0,23.5,5.2,16.25,56.5,21.3,156.0,317.0,27.0,31.25,2.65,25.15,244.0,127.0,42.0,14.95,9.75,16.5,18.45,7.65,5.5,10.95,86.0,12.4,470.0,9.0,4.75,20.25,52.25,285.0,4.1,3.0,54.0,12.85,59.0,66.5,282.5,7.0,29.0,60.0,5.1,35.25,16.35,52.5,18.55,,15.5,227.0,4.2,157.3,160.77,,119.49,,,,,,,,,,,,,,,,,,,,,,,
2013-05-03,17.65,65.0,205.0,545.0,110.0,8.1,16.0,138.0,23.5,5.3,16.4,56.5,21.15,154.0,320.0,27.0,31.0,2.6,25.0,247.0,127.0,42.0,14.9,9.75,17.0,18.5,7.65,5.5,10.95,86.0,12.4,470.0,9.0,4.65,20.5,52.25,279.0,4.0,3.0,53.5,13.4,59.0,69.0,288.0,7.05,29.0,60.0,5.05,35.0,16.25,53.5,19.75,,15.95,227.0,4.0,157.65,161.33,,120.06,,,,,,,,,,,,,,,,,,,,,,,
2013-05-06,17.65,66.0,205.0,545.0,110.0,8.15,15.15,140.0,25.0,5.3,16.45,51.0,21.55,157.0,327.0,27.0,31.25,2.4,25.25,240.0,127.0,42.25,14.95,9.75,16.85,18.55,7.65,5.5,10.9,86.0,12.35,470.0,9.05,4.65,21.0,52.25,285.0,4.2,3.0,53.0,13.2,60.5,68.5,291.0,7.05,29.0,60.5,5.1,35.0,16.3,52.0,20.5,,15.6,245.0,4.0,158.91,162.76,,120.99,,,,,,,,,,,,,,,,,,,,,,,
2013-05-07,17.6,66.0,205.0,545.0,110.0,8.2,15.2,139.0,25.0,5.3,16.45,51.5,21.65,156.0,334.0,27.75,31.5,2.35,25.7,248.0,130.0,42.25,15.05,9.75,17.05,18.55,7.65,5.5,10.95,86.0,12.65,470.0,9.05,4.6,21.75,53.0,287.0,4.25,3.0,53.5,13.25,61.0,70.0,296.0,7.1,29.0,60.5,5.1,35.0,16.3,51.0,21.75,,15.85,245.0,3.95,160.04,164.12,,121.95,,,,,,,,,,,,,,,,,,,,,,,
2013-05-08,17.65,68.0,205.0,549.0,110.0,8.3,15.25,139.0,27.25,5.35,16.4,52.0,21.8,154.0,338.0,28.0,32.25,2.25,25.75,255.0,130.0,42.75,15.05,9.8,17.0,18.75,7.65,5.5,10.95,86.0,12.65,470.0,9.05,4.55,22.0,53.25,290.0,4.3,3.0,55.0,13.05,59.5,69.0,298.0,7.2,29.5,61.5,5.15,34.75,16.15,52.0,22.0,,15.75,246.0,3.95,161.65,165.78,,122.9,,,,,,,,,,,,,,,,,,,,,,,
2013-05-09,17.7,69.0,205.0,550.0,110.0,8.4,15.2,140.0,25.5,5.3,16.35,52.0,22.0,154.0,340.0,27.25,33.25,2.2,25.95,255.0,130.0,43.0,15.05,9.9,17.25,18.75,7.65,5.5,10.95,86.0,12.7,470.0,9.05,4.55,22.5,54.0,293.0,4.45,3.0,53.5,13.0,57.0,69.0,298.25,7.15,29.5,61.0,5.15,34.75,16.0,52.0,21.5,,15.85,246.0,3.95,162.64,166.66,,123.35,,,,,,,,,,,,,,,,,,,,,,,
2013-05-10,17.5,68.0,206.0,550.0,110.0,8.3,15.0,141.0,25.5,5.3,16.35,52.5,22.0,154.0,343.0,28.0,33.5,2.35,25.55,254.0,130.0,43.0,14.5,9.55,17.1,17.95,7.65,5.5,11.1,86.0,12.7,470.0,9.0,4.5,22.5,54.5,295.0,4.4,3.0,53.5,13.55,54.0,69.0,299.5,6.95,29.5,62.5,5.15,35.0,16.2,52.0,21.25,,15.65,246.0,3.95,161.57,165.74,,122.52,,,,,,,,,,,,,,,,,,,,,,,
2013-05-13,17.55,67.5,200.0,550.0,110.0,8.3,14.75,143.0,25.5,5.3,16.35,54.5,21.4,157.0,349.0,26.0,33.25,2.4,25.55,250.0,126.0,42.75,14.45,9.5,16.95,17.15,7.65,5.5,11.35,86.5,12.65,470.0,9.0,4.5,22.75,54.25,295.0,4.3,3.0,53.0,13.55,58.5,68.0,303.25,6.9,29.25,63.0,5.15,34.75,16.65,53.0,20.5,,15.65,246.0,3.9,161.45,165.77,,122.57,,,,,,,,,,,,,,,,,,,,,,,
2013-05-14,17.55,69.5,204.0,530.0,110.0,8.3,15.0,150.0,25.0,5.25,16.25,54.5,21.75,158.0,355.0,26.0,32.75,2.4,25.55,249.0,126.0,40.5,14.65,9.15,16.85,17.1,7.65,5.5,11.3,86.5,12.55,470.0,8.9,4.45,22.25,54.0,294.0,4.6,3.0,53.0,13.45,60.0,67.5,302.75,7.1,29.5,62.5,5.15,34.0,16.6,53.0,20.5,,15.65,246.0,3.95,161.08,165.56,,122.86,,,,,,,,,,,,,,,,,,,,,,,
2013-05-15,17.6,70.0,208.0,530.0,115.0,8.3,15.1,145.0,24.75,5.2,16.5,54.5,21.4,158.0,369.0,26.0,33.0,2.45,25.7,254.0,126.0,41.25,15.5,9.9,16.55,17.05,7.65,5.5,11.3,86.5,12.05,470.0,9.0,4.45,21.5,54.0,296.0,4.9,3.0,53.0,13.4,62.5,68.5,303.25,7.35,30.0,62.0,5.1,34.0,16.8,53.5,20.25,,15.6,246.0,3.95,164.36,169.09,,125.16,,,,,,,,,,,,,,,,,,,,,,,
2013-05-16,17.6,69.0,205.0,548.0,115.0,8.35,14.8,145.0,26.0,5.35,16.9,54.5,21.3,161.0,385.0,26.0,34.5,2.45,25.65,255.0,126.0,41.0,15.5,10.8,16.9,17.0,7.65,5.5,11.3,86.0,12.1,470.0,9.0,4.4,21.75,55.0,299.0,5.0,3.0,53.0,13.55,62.0,67.5,299.0,7.25,31.5,62.5,5.05,34.0,16.55,53.5,20.5,,15.65,245.0,4.0,167.08,171.97,,126.52,,,,,,,,,,,,,,,,,,,,,,,
2013-05-17,17.65,69.5,205.0,548.0,111.0,8.35,14.95,145.0,26.0,5.35,16.95,54.5,21.55,159.0,391.0,26.0,34.75,2.6,25.3,254.0,125.0,41.25,15.1,11.45,16.85,17.1,7.65,5.5,11.35,86.0,12.4,470.0,9.0,4.5,21.5,56.25,300.0,4.8,3.0,53.0,13.55,60.5,67.0,299.75,7.15,30.0,62.5,5.05,35.0,16.45,52.5,20.5,,15.95,240.0,4.0,167.91,172.9,,126.75,,,,,,,,,,,,,,,,,,,,,,,
2013-05-20,17.85,69.5,205.0,548.0,111.0,8.3,14.65,145.0,26.0,5.3,17.0,56.5,21.55,159.0,399.0,26.0,34.75,2.55,25.1,254.0,125.0,41.25,15.05,10.6,17.0,17.1,7.65,5.5,11.35,86.0,12.3,470.0,9.0,4.5,20.75,56.75,305.0,4.9,3.0,53.0,13.5,60.0,68.5,296.0,7.0,30.0,59.5,5.2,34.5,16.5,52.5,20.0,,15.95,240.0,3.95,168.34,173.47,,126.72,,,,,,,,,,,,,,,,,,,,,,,
2013-05-21,17.7,69.0,205.0,550.0,111.0,8.2,14.45,143.0,27.0,5.25,16.95,56.5,21.65,160.0,409.0,26.0,35.0,2.6,25.2,255.0,130.0,41.5,14.8,10.4,16.95,17.6,7.65,5.5,11.3,86.0,12.35,470.0,9.0,4.55,20.5,56.75,302.0,4.9,3.0,56.0,13.55,63.0,69.5,299.75,7.05,30.0,56.5,5.2,34.5,16.5,53.0,20.25,,15.95,245.0,3.95,169.81,175.16,,127.81,,,,,,,,,,,,,,,,,,,,,,,
2013-05-22,17.7,70.0,205.0,542.0,111.0,8.2,14.4,141.0,26.0,5.3,16.95,56.5,21.8,166.0,423.0,28.0,35.0,2.8,25.35,255.0,130.0,41.75,14.85,10.5,17.0,17.7,7.65,5.5,11.35,87.0,12.35,470.0,9.0,4.45,20.5,55.5,305.0,4.9,3.0,56.5,13.6,63.5,66.5,301.75,7.1,30.0,57.5,5.25,34.0,16.7,52.5,20.0,,15.65,245.0,4.0,171.59,177.29,,127.77,,,,,,,,,,,,,,,,,,,,,,,
2013-05-23,17.9,69.0,205.0,543.0,111.0,8.15,14.35,140.0,26.0,5.25,16.9,56.5,21.75,169.0,408.0,28.0,35.0,2.8,25.2,260.0,130.0,42.0,14.95,10.05,17.1,17.55,7.65,5.5,11.3,86.0,12.35,470.0,9.0,4.4,20.5,55.0,307.0,4.95,3.0,56.5,13.95,63.5,66.0,299.75,7.05,30.0,57.0,5.3,34.0,16.6,52.0,19.85,,15.65,240.0,3.95,169.9,175.24,,127.77,,,,,,,,,,,,,,,,,,,,,,,
2013-05-24,18.2,69.0,208.0,550.0,111.0,8.35,15.05,140.0,26.0,5.25,16.95,56.0,21.85,173.0,388.0,28.0,35.0,2.7,25.45,264.0,127.0,41.75,15.1,10.35,17.1,17.3,7.65,5.5,11.25,86.0,12.45,470.0,9.0,4.4,21.0,55.25,312.0,5.2,3.0,56.0,14.0,63.0,66.5,301.0,7.0,30.25,59.0,5.25,32.5,17.05,52.0,19.9,,15.6,240.0,3.95,168.07,172.94,,126.89,,,,,,,,,,,,,,,,,,,,,,,
2013-05-27,18.25,69.5,210.0,550.0,115.0,8.5,15.1,140.0,26.0,5.2,16.8,56.5,21.9,170.0,379.0,28.0,35.5,2.75,25.45,266.0,127.0,41.25,15.05,10.4,17.15,17.05,7.65,5.5,11.3,86.0,12.45,470.0,8.1,4.4,21.25,55.5,309.0,5.1,3.0,56.5,13.95,63.0,66.5,301.25,6.95,30.25,57.5,5.3,32.5,17.5,52.5,19.45,,15.5,240.0,3.95,167.21,171.77,,126.25,,,,,,,,,,,,,,,,,,,,,,,
2013-05-28,18.5,69.0,210.0,550.0,115.0,8.75,14.65,139.0,25.75,5.05,16.65,56.5,22.0,169.0,377.0,28.0,36.25,2.85,25.6,265.0,127.0,41.75,14.95,10.4,17.15,17.0,7.65,5.5,11.25,86.0,12.45,470.0,8.1,4.45,22.0,55.75,312.0,5.15,3.0,56.5,13.85,63.0,66.5,302.25,7.05,30.25,57.0,5.35,35.0,17.4,53.5,20.0,,15.45,239.0,4.0,168.32,172.79,,126.76,,,,,,,,,,,,,,,,,,,,,,,
2013-05-29,18.7,69.5,215.0,551.0,115.0,8.7,15.0,139.0,25.75,5.05,16.7,56.0,22.95,168.0,365.0,28.0,35.25,2.8,25.45,265.0,129.0,42.0,14.95,10.3,17.1,16.95,7.65,5.5,11.25,89.0,12.5,450.0,8.1,4.55,21.0,56.75,319.0,5.2,3.0,57.0,14.0,63.5,66.5,300.0,7.15,30.5,57.0,5.35,35.0,17.6,53.5,20.0,,15.5,240.0,4.1,167.17,171.42,,126.47,,,,,,,,,,,,,,,,,,,,,,,
2013-05-30,18.55,68.0,219.0,550.0,115.0,8.5,15.1,139.0,25.75,5.1,16.75,57.0,23.55,168.0,364.0,28.0,35.75,2.85,25.5,263.0,130.0,41.75,15.05,10.5,17.45,16.75,7.65,5.5,11.1,90.0,12.6,450.0,8.5,4.5,21.5,56.25,314.0,5.2,3.0,57.0,14.0,62.5,67.0,300.75,7.25,30.5,57.0,5.25,33.0,16.8,53.5,20.5,,15.55,245.0,4.1,167.48,171.68,,126.72,,,,,,,,,,,,,,,,,,,,,,,
2013-05-31,17.95,69.0,221.0,550.0,115.0,8.35,15.0,140.0,27.0,5.05,16.7,56.5,23.15,166.0,367.0,28.0,36.0,2.95,25.95,263.0,130.0,41.5,15.15,10.45,17.3,16.75,7.65,5.5,11.25,90.0,12.75,450.0,9.0,4.5,22.25,56.75,320.0,5.1,3.0,57.0,14.2,62.5,67.5,300.0,7.25,31.0,56.5,5.25,33.0,17.2,52.0,20.5,,15.55,254.0,4.2,166.87,171.19,,126.8,,,,,,,,,,,,,,,,,,,,,,,
2013-06-03,17.85,68.0,221.0,550.0,112.0,8.4,15.2,140.0,27.0,5.05,16.7,56.5,23.5,165.0,373.0,28.0,35.75,3.1,26.2,265.0,131.0,41.0,15.7,10.35,17.9,16.4,7.65,5.5,11.1,89.0,12.8,450.0,9.0,4.45,22.25,56.0,328.0,5.0,3.0,56.5,13.7,63.0,67.0,297.0,7.15,30.5,57.0,5.35,32.5,16.9,52.0,20.75,,15.65,254.0,4.3,166.83,171.35,,126.81,,,,,,,,,,,,,,,,,,,,,,,
2013-06-04,18.0,68.0,220.0,550.0,115.0,8.45,14.8,140.0,27.75,5.05,16.6,56.5,23.65,164.0,375.0,28.0,35.5,3.15,26.85,264.0,136.0,41.25,15.7,10.25,17.95,16.6,7.65,5.5,11.0,89.0,12.8,450.0,9.0,4.45,22.25,56.75,323.0,4.95,3.0,57.0,13.8,62.5,67.0,297.5,7.1,31.0,57.0,5.3,32.5,17.1,53.5,21.0,,15.65,267.0,4.15,167.02,171.65,,126.68,,,,,,,,,,,,,,,,,,,,,,,
2013-06-05,17.95,67.0,220.0,550.0,115.0,8.5,15.05,140.0,27.75,5.15,16.6,56.5,23.45,162.0,374.0,28.0,35.25,3.1,27.15,263.0,136.0,41.5,15.95,10.3,17.9,16.6,7.65,5.5,10.95,85.0,12.95,450.0,8.5,4.45,22.25,56.5,331.0,4.95,3.0,58.5,13.95,63.5,67.0,296.75,7.1,30.5,57.5,5.35,34.5,17.3,53.5,21.25,,15.65,260.0,4.15,166.74,171.43,,,,,,,,,,,,,,,,,,,,,,,,,
2013-06-06,17.95,67.0,219.0,550.0,115.0,8.45,15.0,140.0,27.75,5.15,16.5,56.5,22.75,164.0,374.0,28.0,34.75,3.0,26.5,260.0,138.0,41.25,15.95,10.35,17.9,16.95,7.65,5.5,11.0,86.0,12.95,450.0,8.5,4.5,22.25,56.75,327.0,5.0,3.0,61.0,14.35,63.5,67.5,297.5,7.15,30.75,57.0,5.3,34.5,16.95,53.5,20.75,,15.6,263.0,4.15,166.42,171.08,,126.19,,,,,,,,,,,,,,,,,,,,,,,
2013-06-07,17.85,66.5,219.0,546.0,115.0,8.45,14.6,141.0,26.0,5.15,16.5,56.0,22.45,164.0,370.0,27.5,34.75,3.15,26.95,260.0,138.0,41.0,15.95,10.0,17.8,16.75,7.65,5.5,11.0,84.0,13.0,450.0,9.0,4.45,22.25,56.75,325.0,5.0,3.0,61.0,14.85,64.0,67.0,296.5,7.2,31.5,57.0,5.3,34.75,16.8,52.0,20.5,,15.65,264.0,4.15,165.66,170.26,,126.19,,,,,,,,,,,,,,,,,,,,,,,
2013-06-10,17.5,66.0,218.0,539.0,115.0,8.5,14.7,141.0,26.0,5.15,16.45,56.5,22.75,164.0,369.0,26.75,34.5,3.1,26.65,255.0,146.0,40.5,16.8,10.0,16.9,16.55,7.65,5.5,10.8,84.0,13.05,450.0,9.0,4.45,22.5,56.5,324.0,5.1,3.0,60.0,14.55,68.0,67.0,299.25,7.25,31.0,59.0,5.3,33.0,16.8,53.0,20.5,,15.65,260.0,4.1,164.91,169.5,,126.07,,,,,,,,,,,,,,,,,,,,,,,
2013-06-11,17.15,65.0,218.0,532.0,115.0,8.5,14.6,142.0,25.5,5.15,16.5,56.5,22.2,163.0,364.0,27.5,34.0,3.15,26.05,256.0,148.0,40.5,17.15,9.85,16.55,16.55,7.65,5.5,10.15,84.0,12.95,450.0,9.0,4.4,22.5,56.75,305.0,5.05,3.0,60.0,14.65,71.0,65.0,293.5,7.35,31.5,57.5,5.25,32.5,16.8,52.0,20.0,,15.5,253.0,4.05,163.63,168.13,,125.24,,,,,,,,,,,,,,,,,,,,,,,
2013-06-12,17.1,65.0,209.0,532.0,115.0,8.45,14.5,142.0,25.5,5.15,16.45,56.0,22.0,165.0,358.0,27.5,33.5,2.95,25.65,250.0,146.0,39.75,17.0,9.8,16.4,16.4,7.65,5.5,10.55,84.0,12.8,450.0,9.0,4.35,22.75,56.75,310.0,4.95,3.0,60.0,14.5,67.5,64.5,292.25,7.35,30.25,57.0,5.3,34.0,16.85,52.0,19.85,,15.45,254.0,4.0,162.13,166.48,,124.23,,,,,,,,,,,,,,,,,,,,,,,
2013-06-13,17.0,65.5,202.0,539.0,115.0,8.35,14.45,142.0,25.5,5.1,16.1,56.0,23.0,161.0,350.0,27.5,33.0,2.95,25.7,250.0,147.0,39.0,16.85,9.9,16.45,16.8,7.65,5.5,10.65,83.0,12.6,450.0,9.0,4.35,22.5,56.25,310.0,4.95,3.0,59.0,14.6,69.0,64.5,289.5,7.3,31.0,57.0,5.3,32.0,17.0,52.0,19.5,,15.6,254.0,4.0,160.28,164.45,,122.97,,,,,,,,,,,,,,,,,,,,,,,
2013-06-14,16.95,64.0,210.0,577.0,115.0,8.3,14.15,142.0,25.5,5.0,16.15,56.0,22.0,165.0,340.0,27.5,32.25,3.1,25.6,249.0,147.0,38.25,16.0,9.85,16.3,16.0,7.65,5.5,10.05,83.0,12.5,450.0,9.0,4.4,22.5,56.0,310.0,5.1,3.0,58.0,14.5,67.0,64.5,294.75,7.0,31.0,55.5,5.3,32.5,16.75,51.0,19.5,,16.45,260.0,4.0,156.62,160.73,,121.27,,,,,,,,,,,,,,,,,,,,,,,
2013-06-17,16.75,64.5,216.0,577.0,115.0,8.1,14.35,140.0,23.0,4.9,16.0,56.0,21.5,165.0,340.0,27.5,31.25,3.1,25.15,249.0,147.0,37.25,16.05,9.65,15.9,15.5,7.65,5.5,10.4,83.0,12.3,450.0,9.0,4.4,22.25,53.25,312.0,5.1,3.0,58.0,14.3,68.0,63.5,293.5,6.7,30.5,55.0,5.3,32.5,16.95,51.5,19.4,,16.0,255.0,4.0,153.67,157.93,,119.63,,,,,,,,,,,,,,,,,,,,,,,
2013-06-18,16.5,63.5,211.0,541.0,115.0,7.5,14.3,142.0,23.0,4.85,15.75,57.0,21.15,164.0,336.0,27.5,31.5,3.1,24.65,249.0,147.0,36.25,16.0,9.65,15.0,15.3,7.65,5.5,10.0,83.0,11.95,450.0,9.0,4.4,22.75,52.75,310.0,5.05,3.0,58.0,14.25,66.5,61.5,290.25,6.9,30.5,55.0,5.2,32.25,17.0,49.0,19.15,,15.55,250.0,4.0,152.57,156.73,,118.78,,,,,,,,,,,,,,,,,,,,,,,
2013-06-19,16.75,63.0,216.0,540.0,110.0,7.65,14.15,140.0,25.25,4.75,15.75,56.0,20.7,165.0,339.0,27.5,32.25,3.0,24.65,238.0,147.0,37.5,15.95,9.6,15.0,15.05,7.65,5.5,9.9,83.0,11.85,490.0,9.0,4.45,22.25,52.75,309.0,5.0,3.0,58.0,13.7,66.0,60.0,289.75,6.9,30.25,54.0,5.1,32.25,16.5,47.75,19.0,,15.5,250.0,4.0,154.6,158.74,,119.62,,,,,,,,,,,,,,,,,,,,,,,
2013-06-20,16.7,64.5,216.0,540.0,110.0,8.0,14.3,140.0,23.5,4.8,15.8,56.0,21.65,166.0,341.0,27.75,33.75,2.95,25.15,240.0,147.0,38.75,15.95,9.55,15.05,14.95,7.65,5.5,9.95,83.0,11.95,490.0,9.0,4.35,22.25,52.75,303.0,5.0,3.0,58.0,13.45,66.5,60.5,287.5,6.9,30.5,56.5,5.1,32.5,16.95,47.75,19.05,,15.5,250.0,4.0,156.36,160.43,,120.33,,,,,,,,,,,,,,,,,,,,,,,
2013-06-21,16.5,64.5,216.0,545.0,110.0,8.1,14.75,140.0,23.75,4.9,15.85,56.0,21.8,165.0,340.0,27.5,32.5,2.95,25.8,240.0,146.0,38.75,15.9,9.35,15.05,15.0,7.65,5.5,10.0,83.0,11.9,490.0,9.0,4.35,22.5,53.0,308.0,4.9,3.0,58.0,13.5,66.5,63.0,289.0,6.75,30.25,56.5,5.2,33.0,16.5,47.25,19.0,,15.5,250.0,4.0,154.63,158.88,,119.64,,,,,,,,,,,,,,,,,,,,,,,
2013-06-24,16.3,64.0,215.0,567.0,110.0,8.0,15.15,142.0,23.75,4.85,15.6,56.0,21.8,165.0,335.0,27.5,31.5,2.95,25.4,233.0,144.0,37.5,15.95,9.0,15.0,14.95,7.65,5.5,9.95,83.0,11.05,490.0,9.0,4.35,22.0,53.0,310.0,5.0,3.0,56.5,13.5,66.0,62.0,285.0,6.7,29.0,56.5,5.15,32.75,16.6,47.0,19.6,,15.5,250.0,4.1,152.28,156.61,,118.38,,,,,,,,,,,,,,,,,,,,,,,
2013-06-25,15.8,64.0,215.0,554.0,110.0,8.0,15.25,142.0,25.0,4.65,15.05,57.0,21.2,165.0,335.0,27.5,31.5,2.9,25.3,234.0,144.0,36.5,15.8,9.0,14.9,14.9,7.65,5.5,9.9,83.0,10.75,490.0,8.55,4.25,22.0,52.75,308.0,5.0,3.0,57.5,13.5,64.5,60.0,285.0,6.7,28.0,53.5,5.05,32.75,16.85,46.0,20.0,,16.0,250.0,4.0,150.68,155.1,,117.29,,,,,,,,,,,,,,,,,,,,,,,
2013-06-26,15.35,63.0,214.0,541.0,115.0,8.0,15.45,142.0,23.75,4.55,15.0,57.0,22.8,167.0,329.0,27.5,31.5,2.9,25.3,223.0,138.0,36.75,15.45,9.2,14.95,14.8,7.65,5.5,9.95,83.0,9.75,490.0,8.55,4.2,21.5,53.5,306.0,5.0,3.0,57.5,13.65,64.0,60.0,285.25,6.65,28.0,51.5,5.15,30.0,16.5,46.0,19.05,,15.3,250.0,4.1,149.53,153.72,,116.24,,,,,,,,,,,,,,,,,,,,,,,
2013-06-27,15.65,63.5,215.0,541.0,115.0,8.0,14.7,142.0,23.75,4.6,15.45,56.0,21.0,169.0,320.0,27.5,31.5,2.95,25.25,225.0,135.0,36.75,15.4,9.05,15.05,14.5,7.65,5.5,9.95,83.0,9.6,490.0,9.0,4.2,21.75,53.5,301.0,4.65,3.0,57.5,13.5,63.0,60.0,280.75,6.5,28.0,51.5,4.95,31.0,16.45,44.25,18.9,,15.3,250.0,4.05,148.51,152.52,,115.33,,,,,,,,,,,,,,,,,,,,,,,
2013-06-28,15.7,64.0,215.0,543.0,115.0,8.0,14.5,140.0,23.75,4.65,15.3,56.0,21.95,170.0,333.0,27.25,31.25,2.8,25.45,225.0,135.0,37.0,15.15,8.8,16.2,14.5,7.65,5.5,9.95,80.0,9.95,490.0,9.0,4.2,21.0,53.0,301.0,4.6,3.0,55.5,13.65,63.5,60.5,287.25,6.55,28.0,51.5,4.9,31.0,16.4,46.0,19.9,,15.2,225.0,4.0,149.68,154.12,,116.31,,,,,,,,,,,,,,,,,,,,,,,
2013-07-01,15.7,64.0,215.0,541.0,115.0,8.0,14.45,140.0,23.75,4.7,15.25,54.5,21.15,170.0,331.0,27.25,31.25,2.6,25.45,225.0,135.0,37.25,15.05,8.75,16.05,14.45,7.65,5.5,10.0,80.0,10.55,490.0,9.0,4.15,21.25,52.75,302.0,4.6,3.0,52.0,13.5,64.0,60.0,280.0,6.4,28.5,52.5,4.95,32.0,16.4,45.0,19.95,,15.1,225.0,3.8,149.11,153.53,,115.64,,,,,,,,,,,,,,,,,,,,,,,
2013-07-02,15.7,64.0,210.0,577.0,115.0,8.1,14.4,140.0,23.75,4.65,15.45,54.5,21.0,170.0,325.0,27.25,31.25,2.6,25.25,234.0,135.0,37.5,15.0,8.9,15.95,14.4,7.65,5.5,9.95,80.0,10.95,490.0,9.0,4.1,22.0,52.75,300.0,4.15,3.0,52.0,12.8,65.5,60.0,280.75,6.4,27.0,53.0,5.35,32.0,16.4,48.25,19.15,,15.1,227.0,3.75,148.57,152.77,,115.44,,,,,,,,,,,,,,,,,,,,,,,
2013-07-03,15.8,64.0,210.0,565.0,115.0,8.0,15.35,140.0,23.0,4.9,15.5,54.5,21.0,169.0,324.0,27.25,31.5,2.45,25.5,234.0,135.0,37.5,15.0,8.8,16.15,14.1,7.65,5.5,9.95,80.0,11.25,490.0,9.0,4.15,22.0,53.0,300.0,3.85,3.0,55.5,12.7,65.5,60.5,283.0,6.3,27.0,53.0,5.2,32.5,16.4,46.0,19.7,,15.95,227.0,3.75,148.58,152.9,,115.48,,,,,,,,,,,,,,,,,,,,,,,
2013-07-04,16.0,63.5,209.0,550.0,115.0,8.05,15.25,140.0,23.5,4.95,15.65,57.5,20.95,171.0,325.0,27.25,31.75,2.45,25.7,239.0,135.0,38.0,15.0,8.9,16.0,14.4,7.65,5.5,9.9,80.0,11.95,490.0,9.0,4.05,21.75,52.75,299.0,3.75,3.0,55.0,12.6,65.5,60.0,286.75,6.45,27.0,53.5,5.0,32.5,16.35,48.25,19.95,,15.2,227.0,3.75,149.73,153.96,,116.23,,,,,,,,,,,,,,,,,,,,,,,
2013-07-05,16.05,63.5,216.0,551.0,115.0,8.05,15.15,140.0,23.5,4.95,15.55,57.5,21.05,169.0,324.0,27.0,32.0,2.45,25.5,239.0,135.0,38.25,15.0,8.65,16.4,14.45,7.65,5.5,9.9,80.0,11.9,490.0,9.0,4.15,22.25,53.25,299.0,3.6,3.0,56.0,12.5,65.5,60.0,283.25,6.75,29.5,54.0,5.0,32.5,16.4,48.25,19.8,,15.2,227.0,3.75,151.04,155.21,,117.34,,,,,,,,,,,,,,,,,,,,,,,
2013-07-08,16.55,64.0,215.0,551.0,115.0,8.05,14.95,140.0,23.5,4.95,15.65,57.0,21.9,170.0,326.0,27.0,33.25,2.6,25.95,239.0,135.0,39.25,15.0,8.0,16.05,14.4,7.65,5.5,9.9,80.0,11.4,490.0,9.0,4.2,20.75,53.25,300.0,3.5,3.0,56.0,11.55,65.0,60.5,280.0,6.7,29.5,54.0,5.05,33.0,16.4,49.0,19.9,,15.2,225.0,3.75,153.09,157.04,,118.03,,,,,,,,,,,,,,,,,,,,,,,
2013-07-09,16.85,65.0,210.0,550.0,116.0,8.0,15.1,140.0,23.5,4.85,15.6,57.0,22.2,170.0,327.0,27.0,33.75,2.6,25.85,239.0,135.0,39.75,14.95,8.15,16.1,14.45,7.65,5.5,9.9,80.0,11.35,490.0,9.0,4.25,21.25,53.0,298.0,3.5,3.0,56.5,11.95,65.0,60.0,282.0,6.65,29.5,54.5,5.05,33.0,16.8,48.5,20.25,,15.55,230.0,3.75,153.94,157.91,,118.18,,,,,,,,,,,,,,,,,,,,,,,
2013-07-10,17.0,67.5,210.0,552.0,116.0,8.05,15.05,140.0,25.0,4.85,15.75,57.0,22.1,173.0,329.0,26.25,33.25,2.8,25.8,239.0,135.0,40.25,15.05,8.05,15.65,14.4,7.65,5.5,9.8,80.0,11.5,490.0,9.0,4.4,20.5,53.5,299.0,3.5,3.0,56.5,12.15,66.0,63.0,287.75,6.75,29.5,54.0,5.05,33.0,16.6,47.5,20.25,,15.4,230.0,3.75,154.7,158.66,,118.85,,,,,,,,,,,,,,,,,,,,,,,
2013-07-11,17.45,68.0,210.0,555.0,116.0,8.1,15.0,142.0,23.0,4.8,15.9,57.0,22.25,172.0,334.0,26.25,33.5,2.75,25.7,239.0,135.0,40.5,15.05,8.3,15.8,14.05,7.65,5.5,9.45,81.0,11.95,490.0,9.0,4.35,21.75,53.75,293.0,3.5,3.0,56.5,12.65,65.5,62.5,286.0,6.9,29.5,57.0,5.15,33.0,16.5,47.5,20.25,,15.3,229.0,3.75,156.43,160.44,,119.87,,,,,,,,,,,,,,,,,,,,,,,
2013-07-12,17.6,69.5,210.0,555.0,116.0,8.25,15.25,142.0,23.0,4.85,15.95,57.0,22.4,172.0,343.0,26.75,33.75,2.9,25.75,244.0,135.0,40.5,15.25,8.6,16.2,14.15,7.65,5.5,9.5,81.0,11.9,490.0,9.0,4.4,21.75,55.0,304.0,3.6,3.0,56.5,13.7,65.5,61.0,290.0,7.05,29.0,56.0,5.2,32.5,16.5,48.0,20.0,,15.95,229.0,4.0,158.61,162.76,,121.39,,,,,,,,,,,,,,,,,,,,,,,
2013-07-15,17.9,71.0,212.0,555.0,115.0,8.2,15.4,142.0,23.0,4.9,16.0,57.0,22.45,172.0,344.0,26.75,33.5,2.75,25.9,244.0,135.0,40.5,15.85,8.5,16.35,14.45,7.65,5.5,9.65,81.0,12.35,490.0,9.0,4.4,21.25,55.5,303.0,3.55,3.0,56.5,14.0,65.5,60.5,290.5,7.3,29.0,57.5,5.15,34.5,15.85,48.5,20.0,,15.5,229.0,4.0,160.0,164.06,,122.51,,,,,,,,,,,,,,,,,,,,,,,
2013-07-16,17.95,71.0,209.0,572.0,115.0,8.35,15.45,142.0,23.0,4.85,16.05,57.0,22.55,170.0,344.0,26.75,33.5,2.95,25.85,253.0,135.0,40.75,16.15,8.5,16.3,14.45,7.65,5.5,9.6,81.0,12.1,490.0,9.0,4.35,21.25,55.75,303.0,3.6,3.0,57.0,14.5,65.5,61.0,298.5,7.4,29.0,58.5,5.05,34.5,15.65,49.0,20.0,,15.9,235.0,4.0,160.71,164.69,,123.21,,,,,,,,,,,,,,,,,,,,,,,
2013-07-17,17.7,70.0,211.0,572.0,115.0,8.2,15.45,143.0,23.0,4.85,16.0,57.0,22.95,170.0,344.0,26.75,33.5,2.95,26.0,253.0,135.0,41.25,16.25,8.45,16.5,14.45,7.65,5.5,9.55,80.0,12.1,490.0,9.0,4.35,22.0,56.0,305.0,3.7,3.0,56.5,14.1,65.0,61.5,298.0,7.35,29.0,56.5,5.1,34.5,15.85,52.5,20.0,,16.15,235.0,4.0,160.8,164.78,,124.4,,,,,,,,,,,,,,,,,,,,,,,
2013-07-18,17.5,70.0,212.0,572.0,115.0,8.35,15.7,143.0,23.0,4.9,16.1,57.0,22.6,170.0,345.0,27.0,33.75,2.95,26.0,247.0,135.0,41.75,16.75,8.45,16.45,14.45,7.65,5.5,9.75,80.0,12.15,490.0,9.0,4.35,22.0,56.25,306.0,3.7,3.0,56.5,14.05,65.5,62.5,300.0,7.3,29.0,56.5,5.15,34.75,15.7,51.5,20.25,,15.6,235.0,3.6,160.92,164.98,,123.42,,,,,,,,,,,,,,,,,,,,,,,
2013-07-19,17.55,69.5,214.0,573.0,115.0,8.4,15.55,142.0,23.0,4.85,16.15,57.0,22.7,170.0,348.0,26.5,33.5,2.85,27.0,262.0,135.0,42.0,17.35,8.4,16.6,14.4,7.65,5.5,9.8,80.0,12.1,490.0,9.0,4.4,22.5,56.0,309.0,4.05,3.0,56.5,14.0,65.5,61.5,300.0,7.25,27.5,55.5,5.1,35.0,15.7,49.5,20.25,,16.05,235.0,3.6,161.31,165.47,,123.7,,,,,,,,,,,,,,,,,,,,,,,
2013-07-22,17.55,69.5,216.0,574.0,116.0,8.2,16.25,140.0,23.0,4.95,16.35,57.0,22.85,170.0,349.0,26.75,33.5,2.8,26.9,273.0,135.0,42.0,17.1,8.45,16.35,14.4,7.65,5.5,9.75,80.0,11.95,490.0,9.0,4.45,22.0,56.0,308.0,4.05,3.0,56.5,14.05,65.5,61.5,304.0,7.1,27.5,55.5,5.05,35.0,14.65,50.0,20.0,,16.05,235.0,3.6,160.86,165.08,,123.48,,,,,,,,,,,,,,,,,,,,,,,
2013-07-23,17.65,68.0,216.0,575.0,115.0,8.1,16.1,140.0,23.5,4.9,16.2,57.0,23.15,170.0,351.0,27.25,33.25,2.85,26.9,270.0,135.0,42.0,16.45,8.65,16.5,14.3,7.65,5.5,9.7,84.0,11.95,490.0,9.9,4.35,22.25,56.5,311.0,4.4,3.0,56.5,14.25,66.0,60.5,298.5,7.0,27.5,55.0,5.15,33.0,14.85,51.0,19.75,,16.15,235.0,3.6,160.62,164.87,,122.92,,,,,,,,,,,,,,,,,,,,,,,
2013-07-24,17.65,68.0,220.0,575.0,116.0,8.1,16.4,140.0,23.5,4.9,16.1,57.0,23.0,170.0,350.0,27.25,33.25,2.9,26.7,262.0,135.0,42.5,16.0,8.55,16.45,14.2,7.65,5.5,9.55,84.0,11.95,490.0,9.9,4.3,22.0,56.75,310.0,4.35,3.0,55.0,14.4,65.5,61.5,304.0,7.05,27.5,54.5,5.15,33.0,15.25,50.0,19.4,,16.0,234.0,3.6,160.9,165.03,,123.21,,,,,,,,,,,,,,,,,,,,,,,
2013-07-25,17.7,68.0,217.0,576.0,116.0,8.1,16.65,144.0,23.5,4.85,15.9,57.0,22.8,170.0,351.0,27.25,33.5,2.9,26.7,269.0,135.0,42.25,16.25,8.85,16.55,14.2,7.65,5.5,9.65,83.0,12.0,490.0,10.65,4.3,22.0,57.0,311.0,4.45,3.0,56.0,14.4,66.0,61.5,303.75,7.05,28.0,53.5,5.15,33.0,15.0,50.0,19.6,,16.0,234.0,3.95,161.03,165.19,,123.22,,,,,,,,,,,,,,,,,,,,,,,
2013-07-26,17.6,68.0,217.0,570.0,116.0,8.0,16.7,144.0,23.5,4.9,15.95,57.0,23.0,170.0,352.0,27.25,33.5,2.9,26.6,270.0,135.0,42.5,16.1,8.85,16.95,14.15,7.65,5.5,9.3,85.0,12.0,490.0,10.65,4.35,22.0,57.5,312.0,4.65,3.0,55.5,14.1,67.5,64.0,304.75,7.15,27.75,55.0,5.1,34.75,15.25,49.5,19.6,,16.15,236.0,3.8,161.55,165.77,,123.71,,,,,,,,,,,,,,,,,,,,,,,
2013-07-29,17.55,66.0,211.0,575.0,116.0,8.0,16.6,144.0,24.0,4.9,15.7,57.0,23.0,169.0,346.0,27.0,33.5,2.85,26.7,273.0,135.0,42.75,16.1,8.9,17.5,14.05,7.65,5.5,9.5,85.0,11.8,490.0,11.65,4.35,22.0,57.75,309.0,4.4,3.0,56.0,14.1,65.0,64.0,304.5,7.15,27.0,55.0,5.05,34.75,15.0,49.25,19.6,,15.85,236.0,3.7,160.93,165.05,,123.23,,,,,,,,,,,,,,,,,,,,,,,
2013-07-30,17.55,67.0,213.0,574.0,111.0,8.0,16.65,140.0,24.0,4.85,15.9,57.0,23.0,165.0,349.0,27.0,33.25,2.85,26.8,274.0,130.0,43.0,16.0,8.9,16.95,14.15,7.65,5.5,9.3,85.0,12.05,490.0,12.7,4.3,22.0,57.5,310.0,4.4,3.0,55.0,14.0,67.0,66.5,304.5,7.25,27.75,54.5,5.1,33.0,15.0,48.5,19.55,,15.9,235.0,3.7,161.64,165.72,,123.63,,,,,,,,,,,,,,,,,,,,,,,
2013-07-31,17.35,67.0,213.0,574.0,111.0,7.95,16.2,140.0,23.0,4.75,16.0,57.0,23.1,165.0,335.0,27.0,33.0,3.0,26.7,279.0,125.0,42.75,16.2,8.8,16.95,14.05,7.65,5.5,9.4,85.0,12.0,490.0,13.5,4.3,22.25,56.25,311.0,4.55,3.0,55.0,13.95,65.5,66.5,304.75,7.25,27.5,55.0,5.15,32.5,15.85,49.0,19.6,13.0,16.1,235.0,3.7,159.9,163.69,,122.86,,,,,,,,,,,,,,,,,,,,,,,
2013-08-01,17.45,67.5,220.0,574.0,111.0,7.95,16.1,140.0,23.0,4.55,16.2,57.0,23.0,165.0,339.0,27.0,33.25,2.95,26.2,274.0,125.0,42.5,16.05,8.7,17.0,14.05,7.65,5.5,9.45,85.0,12.0,490.0,14.45,4.25,21.75,55.75,310.0,4.6,3.0,55.0,13.3,65.5,66.5,303.75,7.25,27.25,55.0,5.1,33.0,16.65,48.0,19.55,13.0,16.1,235.0,3.95,160.15,163.93,,123.03,,,,,,,,,,,,,,,,,,,,,,,
2013-08-02,17.4,68.5,220.0,574.0,111.0,7.9,16.1,140.0,23.0,4.7,16.1,57.0,23.0,165.0,345.0,26.5,33.0,3.0,26.35,276.0,125.0,42.5,16.0,8.75,16.9,14.0,7.65,5.5,9.35,83.0,12.1,490.0,14.6,4.25,21.75,55.5,310.0,4.55,3.0,54.0,13.8,67.5,64.5,300.0,7.25,27.5,56.0,5.0,31.75,16.6,48.0,19.6,13.0,15.65,235.0,3.95,160.38,164.39,,123.3,,,,,,,,,,,,,,,,,,,,,,,
2013-08-05,17.45,67.5,217.0,570.0,111.0,7.9,16.45,140.0,23.0,4.7,16.35,57.0,23.05,168.0,344.0,26.5,33.25,3.0,25.3,276.0,125.0,42.75,16.0,8.75,17.0,14.0,7.65,5.5,9.4,85.0,12.2,490.0,14.55,4.25,21.5,54.75,309.0,4.4,3.0,52.0,13.8,66.0,63.5,300.0,7.3,27.25,55.0,5.1,30.5,16.75,48.0,19.65,13.0,15.65,235.0,3.95,160.7,164.6,,123.29,,,,,,,,,,,,,,,,,,,,,,,
2013-08-06,17.3,68.0,217.0,570.0,115.0,7.95,16.5,140.0,22.0,4.75,16.2,57.0,23.2,169.0,339.0,26.5,33.75,3.1,25.4,276.0,125.0,43.25,16.0,8.75,16.9,13.85,7.65,5.5,9.55,85.0,12.2,490.0,14.95,4.15,21.75,55.25,310.0,4.5,3.0,55.0,13.9,69.5,63.5,303.75,7.3,27.5,56.0,5.0,30.75,16.65,45.25,19.7,13.0,15.65,237.0,3.7,160.61,164.33,,123.35,,,,,,,,,,,,,,,,,,,,,,,
2013-08-07,17.2,69.0,218.0,571.0,115.0,7.85,16.25,130.0,22.5,4.65,16.3,57.5,23.2,168.0,339.0,26.5,33.5,3.0,25.9,276.0,125.0,43.75,16.1,8.7,17.0,13.95,7.65,5.5,9.5,85.0,12.0,490.0,14.6,4.15,22.0,55.75,311.0,4.3,3.0,55.0,14.25,63.0,63.5,303.5,7.4,27.0,56.0,5.15,32.5,16.65,45.5,19.75,13.0,16.0,237.0,3.95,161.04,164.77,,123.55,,,,,,,,,,,,,,,,,,,,,,,
2013-08-08,17.2,69.5,218.0,570.0,114.0,7.8,16.45,130.0,22.0,4.8,16.4,60.0,24.5,169.0,338.0,26.5,33.75,2.95,25.9,275.0,135.0,43.75,16.15,8.65,17.05,13.95,7.65,5.5,9.45,83.0,12.0,490.0,14.5,4.1,21.25,56.5,311.0,4.2,3.0,53.5,13.8,69.0,62.5,303.75,7.7,27.5,55.0,5.2,30.0,16.8,48.0,19.8,13.0,16.0,236.0,3.95,162.47,165.99,,124.67,,,,,,,,,,,,,,,,,,,,,,,
2013-08-12,17.35,71.0,217.0,570.0,114.0,7.95,16.4,130.0,22.0,4.9,16.45,60.0,25.15,168.0,337.0,26.5,33.75,2.9,25.6,275.0,135.0,44.25,16.4,8.5,17.0,13.95,7.65,5.5,9.4,83.0,12.2,490.0,14.5,3.95,22.25,56.5,312.0,4.15,3.0,53.5,13.9,71.5,64.5,303.75,7.85,27.5,55.5,5.25,30.0,16.95,47.25,19.95,13.0,15.5,236.0,3.6,163.41,166.8,,125.39,,,,,,,,,,,,,,,,,,,,,,,
2013-08-13,17.55,71.0,218.0,574.0,115.0,7.95,16.25,130.0,22.0,4.9,16.4,60.5,25.15,168.0,335.0,26.5,33.75,2.9,25.5,272.0,135.0,44.25,16.45,8.45,16.95,13.95,7.65,5.5,9.35,84.0,12.25,490.0,14.5,3.75,21.5,57.0,312.0,3.9,3.0,53.5,13.8,70.0,72.0,300.75,7.65,27.0,57.5,5.15,30.25,17.6,48.0,19.65,13.0,15.5,235.0,3.6,163.2,166.41,,124.82,,,,,,,,,,,,,,,,,,,,,,,
2013-08-14,17.75,70.5,218.0,577.0,115.0,7.95,16.15,130.0,22.0,4.8,16.45,61.5,25.45,173.0,334.0,26.5,34.0,2.95,25.4,272.0,135.0,44.25,16.5,8.45,16.35,13.95,7.65,5.5,9.2,84.0,12.0,490.0,14.05,3.4,21.25,57.0,313.0,3.9,3.0,53.5,13.8,70.0,74.0,302.0,7.75,27.0,59.5,5.15,31.0,17.25,47.75,19.7,13.0,15.2,240.0,3.55,163.94,166.83,,125.31,,,,,,,,,,,,,,,,,,,,,,,
2013-08-15,17.7,70.5,218.0,570.0,114.0,8.0,16.15,141.0,23.0,4.85,16.6,62.0,25.65,172.0,330.0,26.0,34.75,2.9,25.35,274.0,122.0,44.25,16.6,8.45,16.1,14.3,7.65,5.5,9.1,84.0,12.1,490.0,14.1,3.65,21.5,57.25,314.0,4.0,3.0,52.0,13.7,72.0,70.0,301.75,7.9,27.0,60.0,5.15,31.0,17.5,48.0,19.65,13.0,15.9,244.0,3.95,164.52,167.34,,125.77,,,,,,,,,,,,,,,,,,,,,,,
2013-08-16,17.7,70.5,217.0,573.0,114.0,8.0,16.1,140.0,24.75,4.9,16.5,61.0,25.9,174.0,327.0,26.0,35.0,2.85,25.4,275.0,122.0,45.0,16.7,8.45,16.05,14.4,7.65,5.5,8.95,84.0,12.05,490.0,14.15,3.95,21.25,58.0,315.0,4.2,3.0,52.5,14.15,72.0,69.5,295.75,8.05,27.5,60.0,5.1,31.0,17.5,48.0,19.7,13.0,15.9,250.0,4.0,165.48,168.27,,125.95,,,,,,,,,,,,,,,,,,,,,,,
2013-08-19,17.6,70.0,217.0,574.0,114.0,8.1,16.1,143.0,24.75,4.9,16.6,61.5,25.45,175.0,321.0,26.0,35.25,2.8,25.6,275.0,122.0,44.75,16.8,8.45,16.05,14.45,7.65,5.5,8.95,86.0,11.55,490.0,14.5,4.0,21.75,58.0,317.0,3.9,3.0,52.5,14.15,72.0,69.5,294.75,8.15,27.5,61.5,5.1,31.25,16.9,49.25,19.85,13.0,16.0,250.0,4.0,165.24,167.89,,126.21,,,,,,,,,,,,,,,,,,,,,,,
2013-08-20,17.55,70.5,217.0,570.0,114.0,8.15,16.3,145.0,25.0,4.85,16.55,61.5,25.2,176.0,314.0,27.0,34.75,2.8,25.4,274.0,122.0,44.75,16.9,8.45,16.15,14.35,7.65,5.5,9.0,86.0,12.0,490.0,14.5,4.0,21.75,57.0,319.0,3.95,3.0,54.0,13.95,71.5,69.5,296.0,8.2,27.0,61.5,5.1,31.5,16.9,49.75,19.65,13.0,16.05,250.0,3.9,164.29,166.78,,124.91,,,,,,,,,,,,,,,,,,,,,,,
2013-08-21,17.45,70.0,216.0,572.0,120.0,8.15,16.0,145.0,25.0,4.95,16.55,61.5,25.5,179.0,305.0,27.0,34.75,2.8,25.3,274.0,122.0,44.75,16.95,8.4,16.1,14.3,7.65,5.5,9.4,84.0,12.0,490.0,14.5,3.95,21.5,57.5,320.0,3.9,3.0,54.0,14.0,72.5,69.5,295.5,8.05,26.0,61.5,5.0,31.0,16.45,48.5,19.9,13.0,16.05,250.0,3.85,163.05,165.38,,,,,,,,,,,,,,,,,,,,,,,,,
2013-08-22,17.5,70.0,216.0,562.0,120.0,8.2,16.1,145.0,25.0,4.9,16.5,61.5,25.4,175.0,305.0,27.0,34.5,2.75,25.3,272.0,122.0,44.75,16.8,8.45,16.0,14.25,7.65,5.5,9.4,84.0,12.15,490.0,14.5,3.95,21.75,57.25,320.0,3.9,3.0,56.0,13.95,72.5,69.0,294.25,7.95,26.0,60.5,5.05,31.75,16.3,48.5,19.65,13.0,16.45,250.0,3.85,162.43,164.77,,124.36,,,,,,,,,,,,,,,,,,,,,,,
2013-08-23,17.45,70.5,217.0,574.0,115.0,8.2,16.1,145.0,24.75,4.9,16.4,61.5,25.45,179.0,308.0,27.0,34.25,2.85,25.0,272.0,122.0,45.0,16.75,8.55,15.8,14.25,7.65,5.5,9.45,84.0,12.1,490.0,13.05,3.9,22.0,57.5,316.0,3.85,3.0,55.5,13.95,72.0,69.5,294.25,7.9,26.0,60.5,5.0,31.25,16.55,48.25,19.6,13.0,16.45,249.0,3.85,162.58,164.96,,124.47,,,,,,,,,,,,,,,,,,,,,,,
2013-08-26,17.45,71.0,217.0,575.0,115.0,8.25,16.05,145.0,25.0,4.85,16.15,64.5,25.0,177.0,310.0,27.0,34.5,2.8,25.25,272.0,122.0,44.75,16.65,8.5,15.8,14.25,7.65,5.5,9.4,84.0,12.0,490.0,13.05,3.8,21.5,57.5,316.0,3.7,3.0,54.0,13.9,72.0,69.5,294.5,7.9,26.5,61.0,4.95,32.0,16.8,48.0,19.6,13.0,16.5,249.0,4.0,162.45,164.86,,124.36,,,,,,,,,,,,,,,,,,,,,,,
2013-08-27,17.5,70.5,201.0,575.0,115.0,8.05,16.1,146.0,24.75,4.8,16.15,63.5,23.5,176.0,306.0,27.0,34.0,2.75,25.05,272.0,122.0,44.5,16.65,8.5,15.75,14.1,7.65,5.5,9.45,85.0,12.1,490.0,13.05,3.8,21.5,57.75,316.0,3.75,3.0,55.5,13.95,72.0,69.5,292.5,7.75,27.5,61.0,4.85,31.5,17.0,47.75,19.65,13.0,16.5,236.0,3.85,160.99,163.39,,122.85,,,,,,,,,,,,,,,,,,,,,,,
2013-08-28,17.45,70.0,209.0,570.0,115.0,7.9,16.05,146.0,24.75,4.7,16.0,64.0,23.45,175.0,301.0,27.0,33.25,2.7,24.7,270.0,122.0,43.0,16.4,8.55,15.5,13.95,7.65,5.5,9.4,85.0,12.0,490.0,13.05,3.7,21.25,57.5,317.0,3.7,3.0,56.0,13.9,71.5,69.5,292.75,7.5,27.5,61.0,4.8,31.75,17.55,48.25,19.75,13.0,16.5,236.0,3.85,158.22,160.62,,121.24,,,,,,,,,,,,,,,,,,,,,,,
2013-08-29,17.3,71.0,200.0,574.0,119.0,8.0,16.05,146.0,24.75,4.7,16.15,62.0,24.0,175.0,286.0,27.0,32.75,2.75,24.55,267.0,122.0,42.75,16.2,8.4,15.4,13.9,7.65,5.5,9.45,84.5,12.0,490.0,13.05,3.7,21.0,57.75,316.0,3.85,3.0,54.0,13.7,68.5,67.0,292.0,7.65,26.75,60.5,4.85,31.75,17.2,48.5,19.95,13.0,16.5,245.0,3.6,156.72,158.79,,120.39,,,,,,,,,,,,,,,,,,,,,,,
2013-08-30,17.05,71.5,200.0,574.0,119.0,8.15,15.8,146.0,24.75,4.7,16.05,62.0,24.45,174.0,284.0,26.0,32.5,2.75,24.15,268.0,122.0,42.0,16.05,8.45,15.15,13.95,7.65,5.5,9.45,90.0,12.05,490.0,13.05,3.7,20.5,57.25,315.0,3.7,3.0,54.0,13.85,68.5,64.5,294.25,7.65,26.75,60.0,4.75,30.75,17.05,49.0,19.15,13.0,16.7,245.0,3.6,155.73,157.71,,119.96,,,,,,,,,,,,,,,,,,,,,,,
2013-09-02,17.1,70.0,200.0,570.0,119.0,8.15,15.85,146.0,24.75,4.55,15.95,61.5,23.5,174.0,285.0,26.0,32.75,2.7,24.05,265.0,122.0,42.0,16.05,8.45,15.15,14.0,7.65,5.5,9.45,90.0,12.0,490.0,13.05,3.75,21.25,57.75,306.0,3.7,3.0,54.0,13.6,69.0,60.0,292.0,7.65,26.5,60.0,4.65,30.75,17.05,48.5,19.7,13.0,16.5,250.0,3.95,155.28,157.37,,119.47,,,,,,,,,,,,,,,,,,,,,,,
2013-09-03,17.05,70.0,201.0,570.0,119.0,8.1,15.9,147.0,25.0,4.5,15.75,62.0,23.95,172.0,285.0,25.0,33.75,2.7,24.4,264.0,122.0,42.25,15.9,8.4,15.15,13.85,7.65,5.5,9.15,90.0,12.05,490.0,13.05,3.5,21.75,57.5,302.0,3.85,3.0,54.5,13.9,68.0,61.0,293.75,7.75,27.0,60.0,4.9,30.75,17.2,48.5,19.0,13.0,16.5,250.0,4.2,156.0,157.89,,119.86,,,,,,,,,,,,,,,,,,,,,,,
2013-09-04,17.05,70.0,202.0,575.0,125.0,8.25,15.9,147.0,25.0,4.6,15.95,62.0,23.75,174.0,285.0,26.0,34.25,2.75,24.5,270.0,122.0,43.0,15.95,8.4,15.05,14.1,7.65,5.5,9.05,84.0,12.0,490.0,13.05,3.55,21.0,58.25,302.0,3.75,3.0,56.0,13.85,69.0,61.5,296.0,7.8,26.0,60.0,4.7,31.0,17.4,49.0,19.3,13.0,16.55,250.0,3.95,157.18,159.02,,120.69,,,,,,,,,,,,,,,,,,,,,,,
2013-09-05,17.25,70.0,202.0,575.0,119.0,8.25,15.95,146.0,25.0,4.55,16.0,63.0,24.05,175.0,292.0,26.5,34.25,2.7,24.95,270.0,122.0,45.0,16.0,8.25,15.25,14.05,7.65,5.5,9.1,84.0,11.95,490.0,14.2,3.55,20.25,58.5,305.0,3.7,3.0,58.0,13.55,70.5,62.0,295.0,7.85,26.25,61.5,4.8,30.75,17.8,49.5,19.4,13.0,16.55,250.0,4.05,159.46,161.31,,121.82,,,,,,,,,,,,,,,,,,,,,,,
2013-09-06,17.25,70.5,205.0,575.0,125.0,8.25,16.05,147.0,25.0,4.55,16.05,62.0,24.0,174.0,296.0,26.0,33.5,2.7,25.05,270.0,122.0,45.0,16.1,8.35,15.45,14.1,7.65,5.5,9.2,84.0,11.95,490.0,14.5,3.6,21.5,58.5,309.0,3.5,3.0,58.0,13.95,71.5,63.5,294.75,7.85,26.0,61.0,4.85,30.75,17.5,49.75,19.45,13.0,16.65,250.0,4.0,159.7,161.75,,122.3,,,,,,,,,,,,,,,,,,,,,,,
2013-09-09,17.15,70.0,204.0,575.0,125.0,8.2,16.2,146.0,25.0,4.45,16.0,63.0,23.7,175.0,296.0,25.0,33.25,2.7,25.05,270.0,122.0,45.0,16.2,8.45,15.5,14.45,7.65,5.5,9.35,84.0,11.95,490.0,14.5,3.65,20.75,58.0,310.0,3.55,3.0,58.0,13.95,70.5,62.0,295.0,8.05,27.0,60.0,4.85,30.75,17.8,50.0,19.5,13.0,16.55,250.0,4.05,160.13,162.12,,122.76,,,,,,,,,,,,,,,,,,,,,,,
2013-09-10,16.75,70.0,211.0,575.0,125.0,8.15,16.05,146.0,25.0,4.45,15.95,63.0,23.8,175.0,300.0,26.0,33.5,2.65,25.0,265.0,122.0,44.75,16.55,8.4,15.35,14.65,7.65,5.5,9.45,84.0,11.95,490.0,14.5,3.65,20.75,58.0,310.0,3.9,3.0,58.0,13.9,70.5,60.0,295.25,8.05,27.25,59.5,4.85,30.75,18.0,49.75,19.45,13.0,16.55,250.0,4.0,160.06,162.16,,123.12,,,,,,,,,,,,,,,,,,,,,,,
2013-09-11,17.0,70.0,210.0,575.0,125.0,8.0,16.1,146.0,25.0,4.45,16.1,64.5,24.25,174.0,299.0,25.25,33.25,2.65,25.3,264.0,122.0,44.25,16.7,8.2,15.15,14.95,7.65,5.5,9.05,84.0,11.8,490.0,14.5,3.7,20.75,58.25,314.0,3.65,3.0,58.0,13.55,70.5,62.0,295.25,8.05,27.25,61.5,4.85,31.5,18.35,49.75,19.45,13.0,16.5,250.0,3.9,159.95,162.08,,122.92,,,,,,,,,,,,,,,,,,,,,,,
2013-09-12,17.05,71.0,209.0,575.0,125.0,8.0,16.3,146.0,25.0,4.6,16.0,62.0,24.5,173.0,299.0,25.25,33.25,2.65,25.05,263.0,122.0,44.0,16.65,8.1,15.05,14.9,7.65,5.5,9.3,85.0,11.7,490.0,14.0,3.7,20.5,58.75,314.0,4.0,3.0,57.5,13.6,70.0,62.0,296.75,8.05,26.25,60.5,4.8,31.5,18.0,49.5,19.6,13.0,16.5,250.0,4.0,159.94,162.06,,122.88,,,,,,,,,,,,,,,,,,,,,,,
2013-09-13,17.05,71.0,210.0,575.0,125.0,8.0,16.4,146.0,25.0,4.55,16.15,62.5,24.5,173.0,299.0,25.25,33.25,2.6,25.0,265.0,122.0,44.0,16.6,8.15,14.95,14.9,7.65,5.5,9.4,85.0,11.6,490.0,14.0,3.75,20.25,58.0,314.0,4.0,3.0,57.5,13.85,70.0,62.0,299.25,8.0,26.0,60.5,4.85,31.5,18.15,49.0,19.65,13.0,16.5,250.0,3.9,159.85,161.98,,122.86,,,,,,,,,,,,,,,,,,,,,,,
2013-09-16,17.0,70.5,202.0,570.0,120.0,8.05,16.35,146.0,23.0,4.6,16.0,62.5,24.5,173.0,298.0,25.0,33.25,2.6,24.95,261.0,122.0,44.25,16.45,8.05,14.7,14.9,7.65,5.5,9.35,85.0,11.75,490.0,14.0,3.85,20.5,57.25,300.0,4.15,3.0,57.0,13.4,70.0,61.0,295.0,8.1,26.0,60.5,4.9,31.5,17.45,48.0,19.6,13.0,16.25,250.0,3.95,159.45,161.6,,122.38,,,,,,,,,,,,,,,,,,,,,,,
2013-09-17,17.0,71.0,205.0,569.0,124.0,8.0,16.3,146.0,23.0,4.6,16.0,64.0,24.0,172.0,299.0,22.5,33.5,2.5,25.05,260.0,122.0,44.75,16.35,8.2,14.35,14.85,7.65,5.5,9.4,85.0,11.65,490.0,14.0,3.85,20.5,57.0,300.0,4.2,3.0,56.5,12.9,70.0,60.5,298.5,8.15,27.0,60.5,5.0,32.5,17.5,48.0,19.6,13.0,16.2,250.0,3.9,160.03,162.14,,122.81,,,,,,,,,,,,,,,,,,,,,,,
2013-09-18,17.05,71.0,206.0,574.0,125.0,8.05,16.25,146.0,23.0,4.6,16.1,64.0,24.2,172.0,300.0,22.5,33.25,2.5,25.0,256.0,122.0,44.5,16.4,8.1,14.4,14.8,7.65,5.5,9.35,85.0,11.5,490.0,14.0,3.85,21.25,57.25,309.0,4.2,3.0,56.0,13.0,69.5,60.5,299.5,8.2,25.75,60.0,5.0,31.0,17.5,48.0,19.65,13.0,16.2,226.0,4.05,160.41,162.54,,123.11,,,,,,,,,,,,,,,,,,,,,,,
2013-09-19,17.1,71.5,206.0,568.0,125.0,8.1,16.15,146.0,23.0,4.6,16.1,64.0,25.6,172.0,301.0,22.5,33.5,2.6,25.0,258.0,122.0,45.0,16.45,8.15,15.0,14.85,7.65,5.5,9.4,85.0,11.85,490.0,14.0,3.85,21.0,57.25,303.0,4.2,3.0,58.0,13.7,70.5,60.5,295.0,8.35,26.0,60.5,5.1,31.0,18.2,47.75,19.65,13.0,16.2,226.0,3.9,161.47,163.58,,123.8,,,,,,,,,,,,,,,,,,,,,,,
2013-09-20,17.0,72.0,206.0,568.0,125.0,8.15,16.15,142.0,23.0,4.55,16.2,64.0,27.65,173.0,303.0,22.5,33.75,2.7,25.2,255.0,110.0,45.0,16.4,8.05,14.95,14.85,7.65,5.5,9.45,85.0,11.8,490.0,12.2,3.85,21.25,57.75,303.0,4.2,3.0,57.5,13.4,70.0,60.5,299.75,8.5,26.25,60.5,5.0,30.75,18.4,48.0,19.65,13.0,16.2,226.0,3.9,162.58,164.68,,124.66,,,,,,,,,,,,,,,,,,,,,,,
2013-09-23,17.05,72.0,206.0,568.0,125.0,8.1,16.1,142.0,21.5,4.5,16.3,64.0,25.85,173.0,304.0,22.5,34.25,2.75,25.3,255.0,110.0,44.75,16.3,8.1,14.9,14.7,7.65,5.5,9.35,85.0,11.7,490.0,12.2,3.75,21.0,58.0,303.0,4.2,3.0,58.5,13.2,70.5,60.5,301.0,8.3,27.0,60.5,4.9,30.25,18.45,48.0,19.7,13.0,16.45,226.0,4.0,162.2,164.28,,124.26,,,,,,,,,,,,,,,,,,,,,,,
2013-09-24,17.0,72.0,206.0,573.0,125.0,8.0,16.1,140.0,21.5,4.55,16.15,64.0,25.65,173.0,307.0,22.5,34.25,2.6,25.35,266.0,110.0,45.0,16.25,8.0,14.95,14.55,7.65,5.5,9.35,85.0,11.75,490.0,12.45,3.65,20.75,58.0,305.0,4.2,3.0,59.0,13.1,70.5,61.0,300.25,8.25,27.0,60.5,4.75,30.0,17.75,45.0,19.65,13.0,16.45,226.0,4.05,162.11,164.24,,124.21,,,,,,,,,,,,,,,,,,,,,,,
2013-09-25,17.05,72.0,207.0,570.0,125.0,8.1,16.1,140.0,21.5,4.55,16.1,64.0,25.75,173.0,309.0,22.5,34.0,2.55,25.65,259.0,110.0,46.0,16.35,8.0,14.95,14.35,7.65,5.5,9.35,85.0,11.35,490.0,13.0,3.7,20.5,58.0,303.0,4.0,3.0,59.0,13.85,70.5,60.5,301.75,8.35,26.75,62.0,4.7,30.0,18.5,45.75,19.65,13.0,16.5,229.0,4.0,163.13,165.29,,124.92,,,,,,,,,,,,,,,,,,,,,,,
2013-09-26,17.05,72.0,214.0,573.0,125.0,8.05,16.1,140.0,21.5,4.55,16.1,64.0,26.3,174.0,314.0,22.5,34.25,2.45,25.25,259.0,110.0,46.5,16.3,8.35,14.85,14.5,7.65,5.5,9.35,85.5,11.85,490.0,13.95,3.7,20.0,58.0,305.0,4.15,3.0,58.0,13.2,71.5,60.5,296.0,8.35,26.25,60.5,4.9,30.0,18.5,45.0,19.6,13.0,16.6,232.0,4.0,164.06,166.23,,125.5,,,,,,,,,,,,,,,,,,,,,,,
2013-09-27,17.05,73.0,214.0,575.0,125.0,8.05,16.2,140.0,21.5,4.5,16.15,64.0,26.65,179.0,318.0,22.5,34.25,2.55,25.3,258.0,110.0,46.5,16.6,8.0,14.55,14.4,7.65,5.5,9.45,85.0,11.65,490.0,14.2,3.65,20.25,58.0,306.0,4.25,3.0,59.5,13.3,71.5,60.5,299.75,8.3,26.0,62.5,4.9,30.0,18.5,46.0,19.75,13.0,16.75,232.0,3.9,164.49,166.72,,126.05,,,,,,,,,,,,,,,,,,,,,,,
2013-09-30,17.05,72.5,214.0,575.0,125.0,8.1,16.35,147.0,21.5,4.55,16.2,64.0,27.2,180.0,329.0,22.5,34.0,2.6,25.0,259.0,110.0,46.5,16.5,8.0,14.4,14.35,7.65,5.5,9.65,85.5,11.9,490.0,14.8,3.7,20.75,59.0,313.0,4.65,3.0,61.0,13.3,72.5,60.5,302.5,8.5,26.0,61.0,4.95,30.0,18.45,46.25,19.9,13.0,16.9,233.0,3.9,166.21,168.65,,127.35,,,,,,,,,,,,,,,,,,,,,,,
2013-10-02,17.15,72.5,214.0,575.0,125.0,8.25,16.05,153.0,21.5,4.65,16.2,66.0,26.6,181.0,339.0,21.0,33.75,2.6,24.85,259.0,110.0,46.5,16.45,8.0,14.9,14.2,7.65,5.5,10.7,85.5,11.8,490.0,15.0,3.65,19.7,58.25,320.0,4.95,3.0,60.0,13.4,72.5,60.0,300.0,8.75,26.75,61.0,4.95,29.25,18.6,46.0,19.95,13.0,16.9,233.0,3.9,168.05,170.63,,128.59,,,,,,,,,,,,,,,,,,,,,,,
2013-10-03,17.25,73.0,214.0,575.0,125.0,8.4,16.1,153.0,21.5,4.6,16.25,65.0,26.95,180.0,339.0,21.0,33.75,2.7,25.05,261.0,110.0,46.5,16.45,8.05,14.95,14.2,7.65,5.5,10.6,85.5,11.7,490.0,15.0,3.6,19.95,57.25,329.0,4.9,3.0,60.0,13.3,73.5,59.5,300.0,8.9,26.0,61.5,4.95,28.5,19.05,46.0,19.95,13.0,17.0,233.0,3.9,168.83,171.34,,129.2,,,,,,,,,,,,,,,,,,,,,,,
2013-10-04,17.3,73.0,214.0,575.0,125.0,8.7,16.15,154.0,23.5,4.65,16.45,65.0,27.05,181.0,340.0,22.0,34.25,2.7,25.4,261.0,110.0,47.0,16.3,8.0,14.95,14.25,7.65,5.5,10.45,85.0,11.9,460.0,14.95,3.55,20.0,57.75,330.0,5.0,3.0,60.0,13.3,74.5,59.5,305.0,8.9,26.0,64.5,4.95,28.75,20.5,45.25,20.0,13.0,17.05,233.0,3.9,169.78,172.26,,129.9,,,,,,,,,,,,,,,,,,,,,,,
2013-10-07,17.35,73.0,210.0,575.0,125.0,8.95,16.1,155.0,21.5,4.7,16.6,65.0,27.05,181.0,341.0,22.0,35.5,2.9,26.1,261.0,110.0,48.75,16.3,8.0,14.95,14.35,7.65,5.5,10.45,85.0,12.05,460.0,14.8,3.6,20.0,58.0,329.0,4.95,3.0,61.0,13.5,77.0,59.5,303.5,9.1,26.5,65.0,4.95,28.5,22.0,45.0,20.75,13.0,16.75,234.0,3.8,172.55,174.94,,131.36,,,,,,,,,,,,,,,,,,,,,,,
2013-10-08,17.65,73.5,210.0,575.0,125.0,9.05,16.2,157.0,21.5,4.7,17.0,66.0,27.4,181.0,344.0,24.0,37.25,3.0,26.5,260.0,110.0,49.75,16.5,8.0,14.95,14.4,7.65,5.5,10.45,85.0,11.95,500.0,14.8,3.6,20.5,58.0,329.0,4.9,3.0,66.0,13.85,80.0,59.5,305.0,9.4,26.0,66.0,4.85,29.0,23.5,46.5,21.0,13.0,17.6,234.0,3.55,175.96,178.19,,133.6,,,,,,,,,,,,,,,,,,,,,,,
2013-10-09,18.0,74.0,210.0,575.0,125.0,9.45,16.2,156.0,23.5,4.75,17.1,66.0,27.95,181.0,344.0,25.0,36.25,2.8,26.7,262.0,110.0,49.25,16.6,8.0,14.85,14.55,7.65,5.5,10.4,86.0,11.6,500.0,13.7,3.7,20.5,59.0,330.0,4.55,3.0,66.0,14.25,81.0,60.0,304.75,9.1,26.0,66.5,4.95,29.25,25.0,47.5,21.25,13.0,18.0,233.0,3.65,175.01,177.43,,132.82,,,,,,,,,,,,,,,,,,,,,,,
2013-10-10,18.1,74.5,210.0,575.0,115.0,9.45,16.2,156.0,23.25,4.75,17.1,66.5,28.2,181.0,338.0,23.75,36.25,2.85,26.5,262.0,112.0,49.25,16.75,8.3,14.8,14.6,7.65,5.5,10.4,86.0,11.95,500.0,14.2,3.75,21.0,59.25,320.0,4.85,3.0,65.0,13.9,79.5,60.0,301.75,9.0,26.5,62.0,5.0,29.75,25.25,48.5,21.75,13.0,17.05,233.0,3.9,174.14,176.48,,,,,,,,,,,,,,,,,,,,,,,,,
2013-10-11,18.15,76.5,210.0,575.0,114.0,9.5,16.2,156.0,24.0,4.75,17.1,66.0,28.55,184.0,337.0,24.75,36.25,2.8,26.25,261.0,112.0,48.5,17.0,8.35,14.7,14.1,7.65,5.5,10.4,86.0,12.35,500.0,14.0,3.75,20.75,58.5,310.0,4.85,3.0,64.0,13.45,78.5,60.0,301.0,9.0,27.5,65.0,5.0,29.75,24.75,47.5,21.5,13.0,17.0,226.0,4.1,173.42,175.76,,131.87,,,,,,,,,,,,,,,,,,,,,,,
2013-10-14,18.35,75.0,210.0,575.0,114.0,9.45,16.4,145.0,24.0,4.7,17.15,67.0,28.1,184.0,323.0,24.75,36.25,2.8,26.05,263.0,112.0,48.0,17.35,8.5,14.6,14.0,7.65,5.5,10.45,86.0,12.4,500.0,14.0,3.7,20.5,59.25,322.0,4.9,3.0,63.5,13.45,78.5,60.0,303.25,9.05,27.0,64.0,5.0,28.75,25.25,47.0,21.0,13.0,17.05,225.0,4.1,172.67,174.55,,131.31,,,,,,,,,,,,,,,,,,,,,,,
2013-10-15,18.4,75.0,211.0,570.0,114.0,9.9,16.45,145.0,23.75,4.7,17.15,66.0,27.95,184.0,316.0,23.25,36.0,2.7,25.7,262.0,112.0,47.25,17.1,8.7,14.6,14.05,7.65,5.5,10.45,88.0,12.35,500.0,14.5,3.75,20.5,59.25,321.0,4.6,3.0,62.5,13.55,76.0,59.5,304.25,9.15,26.0,64.5,4.9,29.0,25.25,44.75,21.5,13.0,17.0,225.0,3.95,171.91,173.68,,130.9,,,,,,,,,,,,,,,,,,,,,,,
2013-10-16,18.3,76.5,210.0,570.0,116.0,10.1,16.7,145.0,23.0,4.75,17.1,66.0,28.45,184.0,315.0,23.25,35.75,2.95,26.7,265.0,115.0,47.75,16.95,8.8,14.55,14.2,7.65,5.5,10.45,88.0,12.3,500.0,14.95,3.6,20.5,58.75,320.0,4.35,3.0,63.0,13.5,75.5,59.0,303.5,9.15,27.5,64.0,5.1,28.75,26.0,47.5,21.0,13.0,17.1,230.0,4.05,171.83,173.56,,130.87,,,,,,,,,,,,,,,,,,,,,,,
2013-10-17,18.4,75.0,210.0,570.0,116.0,9.95,16.8,145.0,23.0,4.75,17.15,66.0,28.7,185.0,310.0,23.25,35.75,2.9,26.7,270.0,118.0,48.25,17.0,8.8,14.75,14.2,7.65,5.5,10.45,87.0,12.3,500.0,15.35,3.65,20.75,59.0,320.0,4.05,3.0,64.0,13.6,75.5,58.5,303.75,9.1,27.5,64.0,5.1,28.75,26.5,45.25,21.25,13.0,17.25,228.0,4.0,171.68,173.31,,130.67,,,,,,,,,,,,,,,,,,,,,,,
2013-10-18,18.45,76.0,212.0,570.0,116.0,9.95,16.75,145.0,23.5,4.7,17.3,66.0,28.75,180.0,315.0,23.0,35.75,2.95,26.5,268.0,120.0,49.0,17.0,9.1,14.8,14.25,7.65,5.5,10.45,87.0,12.3,500.0,15.6,3.6,20.5,59.25,320.0,4.15,3.0,62.5,13.75,78.0,58.0,304.5,9.05,28.5,64.0,5.2,29.25,27.75,45.25,21.5,13.0,17.25,233.0,4.0,172.73,174.45,,131.32,,,,,,,,,,,,,,,,,,,,,,,
2013-10-22,18.5,76.0,210.0,570.0,116.0,10.1,16.75,145.0,23.5,4.7,17.3,66.0,28.5,181.0,317.0,23.25,35.5,2.85,26.45,270.0,120.0,49.5,17.0,9.25,14.65,14.2,7.65,5.5,10.4,87.0,12.1,500.0,15.6,3.65,20.5,59.25,320.0,4.15,3.0,61.5,14.0,76.0,58.0,304.0,8.95,31.0,65.0,5.45,29.75,27.5,45.0,21.0,13.0,17.3,226.0,3.6,172.62,174.36,,131.03,,,,,,,,,,,,,,,,,,,,,,,
2013-10-23,18.5,76.0,210.0,571.0,116.0,10.1,16.6,230.0,23.5,4.65,17.3,69.0,28.5,180.0,319.0,24.5,35.0,2.95,26.3,271.0,120.0,49.5,16.95,9.35,14.75,14.2,7.65,5.5,10.45,87.0,12.1,500.0,15.65,3.65,20.5,59.25,319.0,4.3,3.0,65.5,14.15,77.5,57.5,304.0,9.0,30.5,63.5,5.2,29.25,28.0,44.75,21.25,13.0,17.85,230.0,3.65,172.83,174.62,,131.56,,,,,,,,,,,,,,,,,,,,,,,
2013-10-24,18.55,76.5,214.0,574.0,116.0,10.15,16.5,215.0,24.0,4.6,17.3,69.0,28.3,177.0,319.0,23.25,35.0,2.8,26.45,275.0,118.0,49.5,16.95,9.3,14.6,14.3,7.65,5.5,10.45,86.0,12.5,500.0,15.65,3.65,20.25,59.0,319.0,4.35,3.0,66.5,14.0,77.0,56.5,304.0,9.0,30.0,64.0,5.45,29.0,26.75,45.25,21.25,13.0,17.95,233.0,4.0,172.84,174.59,,,,,,,,,,,,,,,,,,,,,,,,,
2013-10-25,18.5,76.5,214.0,574.0,125.0,10.15,16.65,213.0,23.75,4.55,17.35,69.5,28.2,189.0,314.0,23.25,34.75,2.85,26.3,275.0,120.0,48.75,16.85,9.05,14.65,14.35,7.65,5.5,10.45,86.0,12.3,500.0,15.65,3.6,20.0,59.0,312.0,4.3,3.0,66.5,14.0,76.5,58.5,304.75,9.0,29.0,64.0,5.3,29.75,26.75,45.25,21.5,13.0,17.85,231.0,3.95,171.59,173.29,,131.06,,,,,,,,,,,,,,,,,,,,,,,
2013-10-28,18.75,77.0,210.0,572.0,120.0,10.1,16.5,205.0,23.75,4.6,17.45,69.5,28.95,179.0,310.0,24.75,35.0,2.85,26.25,275.0,120.0,48.5,17.05,9.1,14.5,14.25,7.5,5.5,10.45,88.0,12.05,500.0,15.8,3.55,20.25,59.0,320.0,4.35,3.0,69.5,13.95,75.0,58.0,304.75,9.0,29.0,62.5,5.3,29.75,26.5,46.0,21.5,13.0,17.95,233.0,3.95,171.73,173.25,,130.73,,,,,,,,,,,,,,,,,,,,,,,
2013-10-30,18.7,80.0,210.0,573.0,120.0,10.15,16.7,208.0,23.75,4.6,17.6,66.5,30.0,181.0,315.0,23.5,35.0,2.75,26.75,279.0,120.0,48.5,17.35,9.05,14.45,14.25,7.5,5.5,10.45,94.0,12.3,500.0,15.8,3.5,20.25,59.25,319.0,4.35,3.0,70.5,13.7,76.5,58.5,306.0,9.25,29.0,62.0,5.45,29.75,24.75,45.0,21.0,13.0,18.1,211.0,3.95,173.18,174.66,,132.03,,,,,,,,,,,,,,,,,,,,,,,
2013-10-31,18.65,81.0,214.0,574.0,125.0,10.35,16.7,212.0,23.75,4.6,17.85,66.5,30.95,182.0,319.0,23.5,35.5,2.7,26.9,284.0,120.0,48.5,17.0,8.95,14.45,14.3,7.5,5.5,10.45,94.0,12.2,500.0,15.75,3.45,20.25,59.75,319.0,4.45,3.0,71.0,13.95,78.0,58.5,303.75,9.45,26.5,65.0,5.5,29.75,24.25,45.0,21.25,13.0,18.0,218.0,4.0,174.65,176.15,,,,,,,,,,,,,,,,,,,,,,,,,
2013-11-01,18.65,80.5,210.0,575.0,125.0,10.65,16.7,215.0,23.0,4.65,18.05,70.0,32.95,180.0,319.0,23.0,35.75,2.6,26.95,285.0,120.0,48.5,16.85,8.95,14.45,14.35,7.5,5.5,10.45,94.0,12.1,500.0,15.0,3.45,20.0,59.75,320.0,4.5,3.0,74.5,13.8,80.5,58.0,303.0,9.55,27.25,66.0,5.55,32.5,25.25,45.0,21.5,13.0,17.95,211.0,4.0,175.59,177.05,,133.87,,,,,,,,,,,,,,,,,,,,,,,
2013-11-04,18.65,80.5,210.0,575.0,125.0,10.8,17.0,226.0,24.0,4.65,18.2,70.5,33.95,183.0,321.0,23.5,34.75,2.65,26.95,289.0,120.0,48.75,16.85,8.7,14.5,14.5,7.5,5.5,10.5,86.0,12.35,500.0,15.4,3.45,20.25,59.0,314.0,4.55,3.0,76.0,13.9,81.0,58.0,303.25,9.7,28.25,66.0,5.55,30.0,25.25,45.0,21.5,13.0,17.9,211.0,3.95,175.67,177.2,,134.27,,,,,,,,,,,,,,,,,,,,,,,
2013-11-05,18.6,82.0,214.0,575.0,124.0,10.8,16.85,235.0,24.0,4.6,18.2,70.5,33.65,184.0,322.0,23.0,34.75,2.65,27.4,286.0,120.0,48.75,16.7,8.55,14.95,14.5,7.5,5.5,10.55,86.0,12.3,500.0,15.0,3.35,20.25,59.25,312.0,4.55,3.0,73.0,13.85,80.5,57.0,304.0,9.65,29.5,66.0,5.6,30.0,25.25,44.0,21.5,13.0,18.45,211.0,4.0,175.37,176.96,,134.26,,,,,,,,,,,,,,,,,,,,,,,
2013-11-06,18.5,82.5,215.0,580.0,125.0,10.55,17.0,240.0,24.0,4.65,18.35,70.5,32.85,185.0,324.0,23.25,34.75,2.7,27.75,288.0,120.0,48.25,16.55,8.55,15.1,14.55,7.5,5.5,11.3,94.0,12.5,500.0,15.0,3.3,20.5,59.25,314.0,4.55,3.0,74.5,13.9,82.0,56.0,304.25,9.7,29.5,65.5,5.55,30.0,24.5,45.0,21.5,13.0,18.5,215.0,4.0,175.4,177.05,,134.7,,,,,,,,,,,,,,,,,,,,,,,
2013-11-07,18.55,84.5,214.0,577.0,125.0,10.2,17.45,260.0,24.0,4.55,18.4,69.5,32.05,189.0,324.0,23.25,34.25,2.7,27.65,288.0,120.0,47.5,16.45,8.7,15.45,14.7,7.5,5.5,12.35,94.0,12.9,500.0,15.05,3.4,20.5,59.0,313.0,4.35,3.0,76.5,13.7,82.0,56.0,305.75,9.85,27.0,66.5,5.6,30.0,25.25,46.0,21.25,13.0,18.7,214.0,4.0,175.32,177.02,,,,,,,,,,,,,,,,,,,,,,,,,
2013-11-08,18.6,86.0,212.0,580.0,127.0,10.3,17.45,254.0,24.0,4.6,18.35,70.5,30.3,189.0,323.0,23.25,34.25,2.9,27.5,286.0,120.0,46.25,16.3,8.8,15.85,14.8,7.5,5.5,12.95,87.0,13.0,500.0,15.0,3.45,21.5,59.25,313.0,4.35,3.0,78.0,13.55,82.0,58.0,305.75,9.75,27.0,65.0,5.55,30.0,24.25,45.0,21.5,13.0,18.7,214.0,3.65,174.41,176.25,,134.71,,,,,,,,,,,,,,,,,,,,,,,
2013-11-11,18.5,86.0,212.0,580.0,127.0,10.25,16.95,242.0,25.0,4.55,18.0,70.5,30.55,188.0,321.0,23.5,34.25,2.75,27.45,287.0,121.0,46.5,15.85,8.8,16.3,14.85,7.5,5.5,12.85,94.0,13.0,500.0,15.0,3.45,22.75,59.25,312.0,4.3,3.0,78.0,13.5,81.0,59.5,305.75,9.8,27.0,69.5,5.55,29.75,23.75,44.0,21.25,13.0,19.0,214.0,4.0,174.14,175.99,,134.52,,,,,,,,,,,,,,,,,,,,,,,
2013-11-12,18.5,85.5,214.0,581.0,127.0,10.35,16.9,242.0,25.0,4.75,17.65,68.0,31.4,187.0,319.0,23.25,34.5,2.75,27.45,287.0,121.0,46.5,15.75,9.0,16.7,14.85,7.5,5.5,13.4,88.0,12.8,500.0,15.15,3.6,23.0,59.0,313.0,4.2,3.0,79.0,13.55,81.5,59.0,307.75,9.8,27.25,69.5,5.65,29.75,25.0,45.0,21.0,13.0,19.0,214.0,3.9,174.17,176.09,,134.64,,,,,,,,,,,,,,,,,,,,,,,
2013-11-13,18.5,84.5,214.0,578.0,127.0,10.3,16.9,240.0,26.0,4.75,17.65,68.0,31.85,185.0,319.0,23.5,34.75,2.8,27.65,288.0,121.0,46.5,15.7,8.9,16.75,14.95,7.5,5.5,14.05,88.0,12.7,500.0,15.2,3.5,22.75,59.0,310.0,4.5,3.0,76.0,13.55,82.0,58.5,307.5,9.8,27.5,69.0,5.2,29.75,25.75,45.0,21.0,13.0,19.15,220.0,3.65,174.39,176.26,,134.69,,,,,,,,,,,,,,,,,,,,,,,
2013-11-14,18.6,85.0,215.0,575.0,127.0,10.9,16.95,235.0,26.0,4.7,17.85,68.0,31.7,189.0,320.0,25.25,35.0,2.9,28.05,288.0,125.0,46.5,15.75,8.95,16.45,14.95,7.5,5.5,13.4,94.0,12.65,500.0,15.45,3.45,22.25,59.25,310.0,4.6,3.0,76.0,14.15,82.0,58.0,307.0,9.85,27.5,69.5,5.55,30.0,25.75,45.0,20.75,13.0,19.05,211.0,3.95,175.02,176.84,,,,,,,,,,,,,,,,,,,,,,,,,
2013-11-15,18.55,85.5,214.0,577.0,127.0,11.0,16.95,231.0,26.5,4.7,17.9,68.5,31.45,189.0,319.0,25.25,35.25,2.95,28.45,290.0,125.0,46.0,16.05,9.0,16.25,15.15,7.5,5.5,13.05,94.5,12.95,500.0,14.05,3.5,22.25,59.5,312.0,4.6,3.0,75.5,13.9,82.0,57.5,307.5,9.85,27.5,75.0,5.6,29.75,25.0,44.25,20.5,13.0,19.3,212.0,3.95,174.92,176.73,,135.13,,,,,,,,,,,,,,,,,,,,,,,
2013-11-18,18.55,84.5,212.0,575.0,127.0,11.0,16.7,40.0,26.5,4.7,17.95,69.0,31.45,189.0,319.0,25.0,36.0,2.95,29.05,291.0,125.0,46.5,16.3,8.95,16.25,15.15,7.5,5.5,13.35,95.5,13.75,500.0,14.1,3.5,22.25,59.75,312.0,4.5,3.0,76.0,13.85,82.5,57.5,307.0,9.9,29.0,75.5,5.6,29.75,24.5,44.25,20.5,13.0,19.2,233.0,3.6,176.01,177.77,,135.57,,,,,,,,,,,,,,,,,,,,,,,
2013-11-19,18.5,85.0,210.0,581.0,126.0,11.25,16.5,38.25,26.5,4.75,17.95,68.5,31.4,188.0,320.0,25.0,35.5,2.95,28.75,293.0,125.0,47.0,16.3,8.95,16.45,15.05,7.5,5.5,13.1,93.0,13.6,500.0,14.1,3.5,22.75,59.5,314.0,4.1,3.0,76.0,14.4,82.5,57.0,307.25,9.95,29.0,75.0,5.6,29.25,24.0,44.5,20.25,13.0,18.9,223.0,3.6,176.1,177.85,,135.67,,,,,,,,,,,,,,,,,,,,,,,
2013-11-20,18.5,84.5,210.0,575.0,126.0,12.1,16.6,38.5,25.0,5.05,18.0,68.5,31.2,188.0,320.0,25.0,35.5,2.8,29.0,294.0,125.0,47.5,16.6,8.9,16.35,14.8,7.5,5.5,12.95,90.5,14.25,500.0,14.1,3.45,23.0,59.5,312.0,4.1,3.0,76.0,13.65,83.0,57.0,306.5,10.05,29.75,81.0,5.75,28.0,25.25,45.0,20.25,13.0,18.95,223.0,3.8,176.83,178.6,,136.26,,,,,,,,,,,,,,,,,,,,,,,
2013-11-21,18.55,86.0,209.0,576.0,126.0,12.85,17.4,39.75,27.0,5.5,18.25,70.5,31.15,190.0,311.0,25.0,35.25,2.75,29.4,303.0,123.0,48.75,16.6,9.05,16.7,15.0,7.5,5.5,12.45,90.0,14.9,500.0,14.05,3.4,23.5,59.75,310.0,4.15,3.0,76.0,13.85,84.0,57.0,309.25,10.6,27.75,85.0,5.55,28.5,25.0,44.0,20.75,13.0,18.85,216.0,4.0,178.79,180.3,,138.14,,,,,,,,,,,,,,,,,,,,,,,
2013-11-22,18.5,85.0,210.0,576.0,126.0,13.2,16.95,43.5,27.0,5.35,18.5,71.5,31.1,191.0,314.0,24.0,35.0,2.65,29.65,297.0,123.0,48.75,16.75,9.05,16.6,14.95,7.5,5.5,12.5,90.0,14.5,500.0,14.0,3.3,24.0,60.0,311.0,4.1,3.0,76.0,14.4,83.0,57.0,310.0,10.75,29.0,87.0,5.55,29.5,24.0,45.25,20.25,13.0,18.65,217.0,3.95,179.62,181.05,,138.83,,,,,,,,,,,,,,,,,,,,,,,
2013-11-25,18.5,85.5,210.0,577.0,126.0,14.75,16.9,47.5,28.0,5.4,18.5,75.0,30.0,191.0,318.0,25.0,35.0,2.7,29.75,297.0,125.0,49.0,16.75,9.15,16.75,14.8,7.5,5.5,12.6,90.0,15.3,500.0,14.0,3.35,25.0,60.25,313.0,4.1,3.0,76.0,14.2,83.5,57.0,312.0,10.9,28.5,92.5,5.45,29.75,24.25,45.0,20.25,13.0,18.5,217.0,3.95,181.01,182.55,,140.08,,,,,,,,,,,,,,,,,,,,,,,
2013-11-26,18.5,87.5,210.0,590.0,126.0,15.45,16.55,52.0,28.0,5.75,18.5,79.5,30.5,190.0,321.0,23.25,35.0,2.75,29.8,297.0,125.0,48.75,16.55,9.2,16.7,14.95,7.5,5.5,13.0,90.0,15.6,500.0,13.85,3.4,26.5,60.25,319.0,4.2,3.0,76.5,14.45,85.0,57.0,317.0,11.0,28.25,97.0,5.5,29.5,24.5,46.0,18.5,13.0,18.95,226.0,3.95,181.81,183.4,,141.08,,,,,,,,,,,,,,,,,,,,,,,
2013-11-27,18.45,89.5,210.0,598.0,126.0,16.35,16.95,56.5,28.0,5.95,18.6,76.0,31.35,191.0,324.0,23.25,35.25,2.85,30.2,299.0,125.0,48.5,16.25,9.15,16.6,15.0,7.5,5.5,13.75,90.0,15.75,500.0,12.95,3.4,28.0,60.0,319.0,3.8,3.0,80.0,14.35,85.0,56.5,319.0,11.0,28.0,96.5,5.65,30.0,24.75,46.0,20.0,13.0,19.5,233.0,3.95,182.6,184.4,,141.86,,,,,,,,,,,,,,,,,,,,,,,
2013-11-28,17.75,92.0,210.0,600.0,126.0,15.75,17.1,61.5,27.25,5.95,18.65,75.5,31.8,194.0,322.0,23.25,35.5,2.85,31.05,300.0,125.0,48.5,15.8,9.3,16.55,15.0,7.5,5.5,13.95,90.0,15.6,500.0,12.65,3.4,28.5,61.5,319.0,3.9,3.0,79.5,14.4,89.0,58.0,325.0,11.0,29.25,88.5,5.45,29.5,26.0,46.5,20.0,13.0,18.75,233.0,3.9,181.66,183.5,,142.58,,,,,,,,,,,,,,,,,,,,,,,
2013-11-29,17.5,90.0,210.0,579.0,126.0,14.25,16.9,67.0,28.0,5.7,18.4,75.5,31.7,195.0,325.0,23.25,35.5,2.85,31.3,300.0,126.0,48.0,16.3,9.4,16.5,15.0,7.5,5.5,13.55,91.5,15.5,500.0,12.6,3.4,27.5,62.0,320.0,3.9,3.0,79.0,14.05,87.0,56.5,316.5,10.8,28.0,81.0,5.5,29.5,25.25,46.5,20.25,13.0,18.55,233.0,3.75,180.21,182.17,,141.17,,,,,,,,,,,,,,,,,,,,,,,
2013-12-02,17.6,90.5,211.0,579.0,125.0,14.25,17.65,73.0,28.0,5.55,18.3,75.5,31.6,195.0,326.0,23.25,35.0,2.95,31.55,300.0,126.0,46.75,15.95,9.5,16.4,14.9,7.5,5.5,13.65,89.0,14.7,500.0,12.5,3.4,26.75,62.0,320.0,3.95,3.0,80.0,14.0,85.0,55.0,310.25,10.85,28.0,83.0,5.55,29.5,25.5,46.75,20.25,13.0,18.05,233.0,3.65,179.46,181.52,,140.84,,,,,,,,,,,,,,,,,,,,,,,
2013-12-03,17.55,91.0,210.0,577.0,120.0,15.45,17.45,68.5,28.0,5.65,18.0,75.5,32.15,196.0,325.0,23.25,35.0,3.0,32.7,300.0,126.0,46.5,15.85,9.55,16.35,15.0,7.5,5.5,13.9,91.0,14.7,500.0,13.7,3.4,27.0,61.75,320.0,4.25,3.0,80.0,14.35,85.0,54.5,308.75,10.8,28.0,89.5,5.6,29.25,24.75,46.25,19.95,13.0,18.15,233.0,3.65,179.26,181.4,,140.66,,,,,,,,,,,,,,,,,,,,,,,
2013-12-04,17.55,90.5,209.0,571.0,120.0,15.0,17.05,62.0,27.0,5.65,18.0,75.0,34.55,195.0,318.0,25.0,34.25,2.85,32.9,299.0,126.0,46.0,15.8,9.4,16.35,14.85,7.5,5.5,13.85,91.0,14.6,500.0,13.7,3.35,27.0,62.0,319.0,4.0,3.0,81.0,14.45,85.5,54.5,307.75,10.75,28.0,89.5,5.5,29.75,25.75,46.25,19.85,13.0,18.1,233.0,3.65,177.8,179.84,,139.86,,,,,,,,,,,,,,,,,,,,,,,
2013-12-05,17.75,90.0,200.0,600.0,124.0,15.25,17.0,56.0,27.0,5.65,18.1,75.0,34.95,195.0,311.0,25.0,34.0,2.85,31.9,299.0,129.0,45.5,15.65,9.35,16.35,14.55,7.5,5.5,13.65,91.0,14.7,500.0,13.7,3.4,27.75,62.25,320.0,4.0,3.0,83.5,14.0,85.5,53.5,307.0,10.35,27.25,90.5,5.4,30.0,24.75,47.5,19.9,13.0,17.85,232.0,3.65,175.66,177.67,,137.91,,,,,,,,,,,,,,,,,,,,,,,
2013-12-06,17.6,90.0,200.0,600.0,124.0,15.0,16.95,51.5,28.0,5.6,18.1,75.0,34.1,195.0,301.0,26.0,33.5,2.75,31.65,290.0,129.0,45.0,15.65,9.2,16.45,14.45,7.5,5.5,13.6,90.0,14.7,500.0,13.7,3.35,28.0,62.0,319.0,4.15,3.0,84.0,14.0,84.0,54.5,303.0,10.35,28.0,84.5,5.5,29.75,24.75,47.0,19.6,13.0,17.85,232.0,3.95,173.85,175.64,,136.7,,,,,,,,,,,,,,,,,,,,,,,
2013-12-09,17.7,86.5,200.0,582.0,125.0,15.0,16.7,49.0,28.0,5.5,18.1,75.0,32.85,194.0,299.0,27.25,33.5,2.7,31.85,290.0,129.0,44.75,15.6,9.25,16.3,14.5,7.5,5.5,13.75,90.0,14.25,500.0,13.7,3.4,28.5,61.75,320.0,4.0,3.0,86.5,14.0,83.0,54.5,302.0,10.35,28.5,86.5,5.15,29.5,24.75,46.75,19.9,13.0,17.5,230.0,4.0,173.54,175.33,,136.22,,,,,,,,,,,,,,,,,,,,,,,
2013-12-10,17.7,85.0,200.0,571.0,122.0,15.0,16.75,50.0,28.0,5.3,18.0,75.0,32.5,193.0,290.0,26.0,33.5,2.75,31.65,291.0,130.0,44.5,15.6,9.05,15.85,14.5,7.5,5.5,13.65,90.0,13.75,500.0,13.1,3.4,28.25,60.0,320.0,4.0,3.0,85.0,14.95,83.5,53.5,298.0,10.2,27.75,85.0,5.15,28.5,24.25,46.0,19.95,13.0,17.55,228.0,4.0,171.66,173.24,,134.62,,,,,,,,,,,,,,,,,,,,,,,
2013-12-11,17.6,85.0,200.0,564.0,125.0,14.95,16.65,49.75,28.0,5.35,17.9,75.0,32.45,191.0,294.0,25.0,33.25,2.7,31.55,291.0,130.0,44.75,15.35,9.0,15.8,14.4,7.5,5.5,13.55,90.0,13.65,500.0,13.1,3.35,27.75,60.0,320.0,4.1,3.0,85.5,14.75,83.0,53.0,286.25,10.05,28.0,85.0,5.35,28.5,23.25,45.75,20.0,13.0,17.55,228.0,3.95,171.36,173.06,,133.92,,,,,,,,,,,,,,,,,,,,,,,
2013-12-16,17.55,84.5,200.0,577.0,125.0,14.55,16.45,50.0,27.0,5.25,17.8,75.0,32.0,192.0,291.0,25.0,33.25,2.7,31.75,292.0,130.0,45.0,15.15,8.9,15.65,14.5,7.5,5.5,13.55,90.0,13.3,500.0,13.1,3.35,27.0,60.75,320.0,4.2,3.0,83.0,15.3,81.5,51.5,294.0,10.0,28.0,83.0,5.35,29.0,23.75,46.25,19.9,13.0,17.55,230.0,3.95,170.62,172.25,,133.53,,,,,,,,,,,,,,,,,,,,,,,
2013-12-17,17.15,84.5,200.0,590.0,125.0,14.5,16.55,48.25,28.0,5.4,17.6,76.0,33.75,192.0,289.0,25.0,33.0,2.7,31.5,285.0,135.0,44.75,15.3,9.0,15.45,14.55,7.5,5.5,12.8,95.0,13.7,500.0,12.45,3.3,26.5,60.75,317.0,4.15,3.0,78.0,14.4,82.0,51.5,286.5,9.85,27.0,83.0,5.3,28.75,22.25,46.0,19.65,13.0,17.65,230.0,3.65,169.05,170.68,,132.14,,,,,,,,,,,,,,,,,,,,,,,
2013-12-18,17.15,85.0,195.0,584.0,122.0,14.45,16.4,49.5,28.0,5.4,17.65,76.0,32.7,191.0,289.0,25.0,32.25,2.75,31.2,285.0,135.0,44.25,15.45,9.0,15.45,14.35,7.5,5.5,12.5,95.0,13.55,500.0,13.55,3.3,26.25,60.0,319.0,4.1,3.0,78.0,14.75,82.0,50.0,284.75,9.9,25.25,83.0,5.35,28.75,22.5,45.25,19.55,13.0,17.95,226.0,3.65,168.52,170.17,,132.23,,,,,,,,,,,,,,,,,,,,,,,
2013-12-19,17.25,87.5,195.0,584.0,122.0,14.45,16.05,49.75,28.0,5.5,17.7,76.0,33.25,183.0,290.0,23.0,32.25,2.7,31.0,285.0,135.0,44.5,14.6,9.05,15.45,14.35,7.5,5.5,12.65,95.5,13.45,500.0,13.5,3.3,26.5,59.0,309.0,4.1,3.0,76.5,14.7,82.0,50.0,284.75,10.0,25.75,83.0,5.05,28.0,21.75,45.25,19.5,13.0,17.95,226.0,3.75,168.47,170.17,,132.06,,,,,,,,,,,,,,,,,,,,,,,
2013-12-20,17.4,90.0,195.0,589.0,125.0,14.45,16.2,49.75,28.0,5.65,17.75,76.0,32.65,190.0,289.0,23.75,31.5,2.8,30.95,285.0,135.0,44.5,14.2,9.4,15.35,14.3,7.5,5.5,12.8,95.5,13.6,500.0,13.15,3.25,26.5,58.0,310.0,4.25,3.0,76.0,15.2,81.5,46.25,282.5,10.05,26.0,86.0,5.3,28.5,22.0,45.5,20.0,13.0,17.6,226.0,3.75,168.08,169.86,,132.17,,,,,,,,,,,,,,,,,,,,,,,
2013-12-23,17.8,89.5,195.0,590.0,126.0,14.45,16.5,50.0,28.0,5.55,17.7,75.0,32.3,189.0,289.0,23.75,31.0,2.7,31.0,285.0,125.0,44.5,14.0,9.45,15.25,13.85,7.5,5.5,12.75,95.0,14.2,500.0,13.25,3.25,26.75,57.25,310.0,4.1,3.0,76.0,14.65,82.0,50.0,284.25,10.25,27.0,86.0,5.25,28.25,23.75,44.75,19.7,13.0,17.9,225.0,3.95,168.11,169.89,,132.73,,,,,,,,,,,,,,,,,,,,,,,
2013-12-24,17.75,89.5,195.0,595.0,125.0,14.6,16.7,50.0,30.0,5.65,17.65,75.0,32.25,189.0,289.0,23.75,31.0,2.8,31.0,299.0,125.0,46.25,13.85,9.5,15.2,14.0,7.5,5.5,12.6,95.0,14.25,500.0,13.55,3.3,27.5,58.0,320.0,4.1,3.0,75.5,14.55,84.0,50.0,285.0,10.85,27.0,89.0,5.1,28.25,25.0,45.0,19.6,13.0,17.95,225.0,4.0,171.53,173.26,,135.22,,,,,,,,,,,,,,,,,,,,,,,
2013-12-27,17.75,89.0,194.0,595.0,125.0,14.65,17.4,50.0,30.0,5.85,17.75,75.0,32.6,190.0,290.0,23.75,30.75,2.7,31.85,299.0,125.0,46.75,13.75,9.4,15.65,14.0,7.5,5.5,12.9,95.0,15.0,500.0,13.5,3.3,27.25,58.0,310.0,4.1,3.0,69.0,14.75,87.0,51.0,286.0,10.75,26.0,88.0,5.3,28.25,25.75,45.0,19.6,13.0,18.0,230.0,3.9,171.66,173.47,,135.12,,,,,,,,,,,,,,,,,,,,,,,
2013-12-30,17.6,90.5,194.0,595.0,125.0,14.9,17.3,51.5,30.0,5.9,17.7,75.0,33.05,190.0,289.0,23.75,31.25,2.7,31.4,290.0,125.0,47.5,13.65,9.45,15.55,14.1,7.5,5.5,12.85,95.0,15.2,500.0,13.5,3.25,28.25,59.25,310.0,4.4,3.0,69.0,14.7,89.0,49.25,286.5,10.85,26.0,88.0,5.15,29.75,25.75,46.75,19.0,13.0,17.95,230.0,3.9,172.84,174.56,,135.83,,,,,,,,,,,,,,,,,,,,,,,
2013-12-31,17.6,90.0,210.0,600.0,125.0,15.15,16.75,51.5,30.0,5.9,17.75,75.0,33.1,192.0,290.0,23.75,30.75,2.7,31.6,280.0,125.0,47.25,13.55,10.1,15.5,14.15,7.5,5.5,13.05,95.0,15.05,500.0,13.5,3.25,28.75,60.25,314.0,4.55,3.0,69.0,14.65,87.0,48.25,304.75,10.85,26.0,90.0,5.25,28.75,25.0,45.5,19.45,13.0,18.0,250.0,3.9,172.4,174.27,,136.65,,,,,,,,,,,,,,,,,,,,,,,
2015-01-02,16.75,86.0,139.0,901.0,125.0,29.5,15.7,22.0,54.0,10.0,19.5,111.0,61.75,237.0,302.0,42.0,50.5,3.9,46.95,450.0,137.0,57.0,10.15,8.6,17.0,14.25,6.7,5.5,8.7,180.0,23.25,771.0,9.7,1.95,24.75,57.75,285.0,5.7,110.0,58.0,13.0,124.0,45.0,334.75,14.15,34.75,120.0,6.0,19.5,26.25,37.0,10.45,21.0,39.5,248.0,6.2,215.38,216.37,,163.24,8.25,4.15,125.0,,20.9,,,,,,,,,,,,,,,,,,
2015-01-05,16.45,82.5,140.0,891.0,125.0,29.0,15.8,22.0,49.0,10.05,19.1,111.0,63.5,240.0,303.0,38.75,49.75,3.7,46.75,450.0,137.0,56.5,9.85,8.8,17.45,15.0,6.7,5.5,8.9,180.0,24.0,771.0,10.55,1.95,24.75,58.25,265.0,5.55,110.0,58.0,13.0,124.0,45.25,333.0,14.05,34.75,120.0,6.1,18.0,26.5,36.5,10.2,21.0,39.5,248.0,6.0,214.14,215.13,,162.17,8.6,4.1,124.0,,21.45,,,,,,,,,,,,,,,,,,
2015-01-06,16.4,83.0,140.0,898.0,126.0,28.75,15.6,22.25,49.0,9.85,18.85,111.0,64.75,239.0,307.0,39.75,49.5,3.75,46.45,450.0,137.0,56.0,9.55,8.75,17.35,15.7,6.7,5.5,9.05,180.0,23.25,771.0,10.55,1.9,24.75,58.75,267.0,5.85,110.0,58.0,12.85,125.0,45.0,335.25,13.9,35.5,118.0,6.1,18.05,26.75,35.75,10.25,21.0,39.5,248.0,6.0,213.68,214.67,,161.86,8.35,4.0,123.75,,21.95,,,,,,,,,,,,,,,,,,
2015-01-07,16.3,82.0,140.0,900.0,126.0,28.5,16.0,22.25,49.0,9.85,18.55,111.0,64.0,238.0,305.0,41.75,49.5,3.5,46.3,455.0,137.0,56.0,9.5,8.7,17.3,15.95,6.7,5.5,9.0,180.0,23.5,771.0,10.9,1.9,25.0,60.75,271.0,5.75,110.0,58.0,12.95,125.0,47.0,339.5,13.85,35.5,118.0,6.5,18.05,27.0,36.0,10.3,21.0,41.75,249.0,5.6,213.13,214.17,,161.8,8.6,4.0,122.25,,21.35,,,,,,,,,,,,,,,,,,
2015-01-08,16.25,82.0,140.0,901.0,126.0,27.75,16.1,22.25,53.5,9.75,18.95,120.0,62.75,245.0,308.0,37.75,49.5,3.6,45.95,455.0,138.0,56.0,9.7,8.7,17.45,16.15,6.7,5.5,9.0,182.0,23.5,771.0,10.95,2.0,24.75,63.25,275.0,6.05,110.0,56.5,12.9,124.0,46.0,338.0,13.75,35.5,117.0,6.4,19.0,26.75,36.0,10.6,21.0,39.75,250.0,6.0,212.93,214.05,,161.78,8.45,4.0,122.0,,21.05,,,,,,,,,,,,,,,,,,
2015-01-09,16.4,83.0,145.0,901.0,138.0,28.25,15.75,22.75,50.0,9.65,19.0,121.0,63.0,245.0,310.0,37.75,49.0,3.7,45.3,450.0,138.0,56.0,9.75,8.75,17.6,15.9,6.7,5.5,9.1,200.0,23.5,771.0,10.75,2.15,25.0,63.25,275.0,6.0,110.0,55.0,12.8,125.0,46.5,337.0,13.75,35.5,117.0,6.35,19.3,26.25,36.0,10.5,21.0,39.25,250.0,6.05,212.97,214.05,,162.08,8.5,3.95,122.0,,20.65,,,,,,,,,,,,,,,,,,
2015-01-12,15.95,82.0,153.0,901.0,138.0,28.0,15.75,22.25,50.0,9.5,19.1,117.0,62.75,245.0,306.0,39.75,49.0,3.6,45.95,451.0,150.0,56.5,9.8,8.8,17.85,15.75,6.7,5.5,9.05,200.0,23.0,771.0,10.6,2.3,25.25,63.0,271.0,6.0,110.0,51.0,12.75,125.0,47.0,340.0,13.85,35.25,117.0,6.2,18.95,26.25,36.25,10.5,19.0,38.5,275.0,6.3,212.86,214.01,,162.05,8.5,4.0,125.0,,20.75,,,,,,,,,,,,,,,,,,
2015-01-13,15.95,83.0,147.0,901.0,138.0,28.5,15.85,22.5,50.0,9.45,19.0,117.0,65.75,237.0,305.0,38.0,49.75,3.65,45.9,460.0,150.0,57.5,9.9,8.95,17.65,15.65,6.7,5.5,9.0,200.0,23.0,771.0,10.7,2.45,25.75,63.75,273.0,6.05,110.0,55.0,12.6,126.0,43.75,338.75,14.7,35.5,117.0,6.3,18.7,25.0,36.5,10.5,19.0,38.75,281.0,6.35,217.17,218.2,,164.76,8.5,4.0,125.0,,20.95,,,,,,,,,,,,,,,,,,
2015-01-14,16.05,81.5,154.0,900.0,138.0,28.75,15.7,22.25,50.0,9.45,19.05,117.0,69.25,238.0,305.0,39.0,50.5,3.65,45.3,453.0,150.0,59.0,9.7,9.05,17.5,15.15,6.05,5.5,9.3,200.0,23.0,771.0,10.05,2.7,26.25,64.75,274.0,6.1,110.0,55.0,12.9,125.0,46.75,337.25,14.85,35.5,117.0,6.35,18.05,26.25,36.5,10.7,19.0,41.0,281.0,5.95,219.68,220.74,,166.08,8.5,4.05,124.25,,20.95,,,,,,,,,,,,,,,,,,
2015-01-15,16.25,81.0,152.0,900.0,138.0,29.25,15.9,22.25,52.0,9.65,19.1,117.0,65.5,235.0,304.0,41.25,51.0,3.8,44.8,453.0,150.0,58.0,9.7,9.3,17.75,15.3,5.55,5.5,9.45,200.0,23.0,771.0,10.25,2.9,26.75,64.0,281.0,6.25,110.0,55.5,12.95,126.0,46.75,339.5,14.6,38.75,117.0,6.45,18.0,26.75,36.75,10.8,19.0,40.25,281.0,6.0,218.64,219.85,,165.47,8.35,4.0,125.0,,20.75,,,,,,,,,,,,,,,,,,
2015-01-16,16.4,80.5,151.0,900.0,138.0,29.75,15.8,23.0,50.0,9.9,19.1,111.0,65.5,237.0,305.0,42.0,51.5,3.8,46.7,460.0,150.0,59.0,9.9,9.35,17.95,15.15,5.3,5.5,9.5,200.0,23.25,845.0,9.95,3.2,27.0,64.25,278.0,6.65,110.0,60.5,12.45,125.0,45.5,338.75,14.8,35.5,117.0,6.55,19.0,27.25,39.0,11.7,19.0,40.75,281.0,6.1,220.91,222.31,,166.81,8.1,4.0,124.5,,20.5,,,,,,,,,,,,,,,,,,
2015-01-19,16.25,80.5,150.0,900.0,146.0,29.75,15.65,23.0,49.0,9.9,19.15,111.0,65.25,237.0,305.0,39.0,52.0,3.85,45.65,451.0,150.0,59.0,9.7,9.2,17.75,15.0,5.3,5.5,9.35,200.0,23.25,845.0,9.1,3.5,26.75,63.25,276.0,6.95,110.0,60.0,12.5,125.0,46.25,336.75,14.55,36.0,117.0,6.6,19.15,27.0,36.0,12.75,20.0,39.75,309.0,5.95,220.11,221.78,,165.88,8.35,3.95,124.0,,20.0,,,,,,,,,,,,,,,,,,
2015-01-20,16.3,80.5,152.0,900.0,140.0,29.0,15.9,23.5,49.0,9.9,19.2,113.0,64.75,238.0,309.0,39.0,51.0,3.95,48.6,451.0,150.0,58.5,9.55,8.95,17.7,14.9,5.3,5.5,9.35,200.0,23.5,845.0,9.0,3.35,25.25,65.0,277.0,7.4,110.0,57.5,12.7,124.0,44.25,336.75,13.95,36.25,117.0,6.55,19.65,26.75,36.25,12.95,20.0,39.75,309.0,6.05,217.12,218.99,,164.0,8.3,3.95,124.0,,19.95,,,,,,,,,,,,,,,,,,
2015-01-21,16.15,81.0,158.0,905.0,138.0,28.75,16.05,23.25,49.0,9.9,19.25,113.0,64.0,241.0,306.0,40.0,51.0,3.8,48.95,450.0,150.0,58.0,9.6,8.95,17.55,14.95,5.3,5.5,9.45,205.0,23.5,925.0,9.3,3.05,25.0,66.75,272.0,7.9,110.0,55.5,12.95,125.0,45.5,336.0,14.15,35.5,116.0,6.1,19.15,26.75,37.0,12.85,20.75,43.0,309.0,5.85,217.15,218.85,,164.78,8.25,3.95,126.0,,20.25,,,,,,,,,,,,,,,,,,
2015-01-22,16.05,81.0,152.0,906.0,138.0,28.75,16.0,23.75,49.0,9.95,19.3,113.0,64.5,243.0,309.0,42.0,52.0,3.9,47.8,460.0,150.0,59.0,9.5,9.3,17.5,15.0,5.3,5.5,9.55,211.0,23.25,925.0,10.05,2.75,25.25,66.75,268.0,7.25,110.0,55.0,12.95,124.0,46.25,336.0,14.2,38.25,117.0,6.2,19.0,26.75,36.5,12.75,20.0,40.75,290.0,6.15,219.1,220.73,,165.17,8.25,4.0,124.0,,20.6,,,,,,,,,,,,,,,,,,
2015-01-23,16.1,82.5,154.0,906.0,138.0,29.5,16.0,23.75,47.0,9.9,19.5,113.0,64.25,240.0,313.0,38.0,55.0,3.8,48.05,486.0,150.0,59.5,9.5,9.15,17.35,15.0,5.3,5.5,9.9,211.0,23.25,925.0,10.2,2.6,24.75,66.75,277.0,6.75,110.0,60.0,12.9,124.0,45.25,341.0,14.15,38.25,115.0,6.05,19.5,26.5,38.75,12.6,20.0,41.5,290.0,6.25,222.56,224.27,,166.68,8.35,3.95,124.0,,20.55,,,,,,,,,,,,,,,,,,
2015-01-26,16.2,81.0,148.0,901.0,139.0,29.75,16.05,24.0,47.5,9.95,19.35,113.0,65.5,244.0,313.0,39.5,54.0,3.75,48.1,459.0,150.0,59.0,9.5,9.2,17.45,15.1,5.3,5.5,10.65,210.0,23.25,925.0,10.05,2.7,25.0,67.0,268.0,6.4,110.0,60.0,12.9,125.0,44.75,338.0,14.0,36.75,115.0,6.2,18.95,26.5,35.75,12.85,20.0,42.5,300.0,6.1,221.34,223.02,,165.61,8.1,3.95,123.0,,20.5,,,,,,,,,,,,,,,,,,
2015-01-27,16.15,81.5,154.0,900.0,139.0,28.75,16.1,24.5,49.5,9.9,19.15,116.0,63.5,241.0,315.0,37.0,54.0,4.0,48.85,459.0,150.0,58.0,9.6,9.2,17.2,15.2,5.3,5.5,10.85,218.0,23.25,926.0,9.95,2.9,25.0,67.5,268.0,6.35,110.0,60.0,12.95,125.0,44.75,341.0,14.1,36.75,115.0,6.3,18.3,26.5,37.75,12.7,20.0,42.0,300.0,6.2,220.66,222.54,,165.82,8.2,3.9,124.0,,19.95,,,,,,,,,,,,,,,,,,
2015-01-28,16.2,81.5,151.0,900.0,140.0,28.0,15.9,24.75,52.5,9.95,19.1,122.0,63.75,245.0,314.0,40.5,53.5,3.75,48.15,455.0,150.0,58.5,9.6,9.55,17.2,15.2,5.3,5.5,10.75,218.0,23.5,,9.9,2.9,25.25,66.75,270.0,6.45,110.0,60.0,12.95,125.0,43.75,342.75,14.15,33.75,116.0,6.2,19.85,26.5,37.5,12.95,21.0,42.25,300.0,6.05,220.55,222.39,,165.88,8.5,3.95,122.0,,20.85,,,,,,,,,,,,,,,,,,
2015-01-29,16.1,82.5,150.0,900.0,139.0,27.75,15.85,25.0,55.0,9.95,19.05,122.0,63.25,245.0,310.0,41.75,53.5,3.9,42.2,457.0,150.0,58.0,9.5,9.6,17.45,15.1,5.3,5.5,10.65,218.0,24.25,,9.85,2.7,25.25,65.5,270.0,6.4,110.0,65.0,12.85,125.0,45.0,339.75,14.1,37.0,116.0,6.65,19.85,26.75,36.5,12.65,21.0,42.0,300.0,6.35,219.75,221.5,,165.23,8.2,3.95,120.25,,20.1,,,,,,,,,,,,,,,,,,
2015-01-30,16.15,82.0,149.0,900.0,138.0,27.75,15.85,24.75,55.0,9.95,19.25,122.0,62.0,244.0,311.0,41.25,54.0,3.95,39.45,462.0,150.0,58.5,9.45,9.8,17.55,15.15,5.3,5.5,10.95,220.0,24.0,,9.95,2.9,25.0,66.0,276.0,6.35,110.0,65.0,12.95,126.0,44.25,341.75,14.15,37.0,118.0,6.3,19.6,26.5,36.25,12.65,21.0,40.25,298.0,6.1,220.65,222.27,,165.8,8.2,3.95,124.0,,20.0,,,,,,,,,,,,,,,,,,
2015-02-02,16.15,83.0,151.0,900.0,145.0,28.5,15.85,25.25,54.5,10.0,19.8,130.0,62.75,243.0,312.0,40.5,53.5,4.1,38.45,463.0,150.0,58.5,9.45,9.45,17.5,15.45,5.3,5.5,11.0,225.0,24.0,,9.15,3.15,25.0,65.5,270.0,6.45,110.0,60.0,12.95,125.0,44.0,339.25,14.2,37.75,118.0,6.25,18.05,27.25,37.25,12.6,21.0,41.75,298.0,6.35,221.11,222.66,,166.25,8.1,3.95,124.0,,19.95,,,,,,,,,,,,,,,,,,
2015-02-03,16.3,82.5,153.0,900.0,144.0,28.75,15.8,26.5,54.5,10.45,20.25,130.0,63.5,241.0,311.0,42.0,53.5,4.05,38.05,478.0,141.0,59.0,9.65,9.45,17.5,15.5,5.3,5.5,10.9,203.0,24.0,,9.25,3.3,26.5,65.75,269.0,6.55,110.0,60.0,13.0,126.0,43.25,340.75,14.3,40.0,118.0,6.25,18.7,26.5,37.5,12.55,20.0,42.0,290.0,6.35,222.2,223.67,,166.85,8.0,3.9,124.0,,19.85,,,,,,,,,,,,,,,,,,
2015-02-04,16.5,82.0,153.0,900.0,147.0,29.75,15.75,26.75,54.5,10.9,20.5,130.0,63.75,246.0,311.0,44.0,53.5,4.05,40.85,499.0,141.0,59.0,9.7,9.55,17.5,15.5,5.3,5.5,10.95,203.0,24.0,,9.35,3.1,26.25,66.0,270.0,6.65,110.0,60.0,12.95,126.0,44.0,340.75,14.45,39.25,117.0,6.3,18.7,26.75,37.25,12.55,20.0,44.5,290.0,6.3,223.25,224.68,,167.94,8.05,3.9,124.0,,20.0,,,,,,,,,,,,,,,,,,
2015-02-05,16.7,83.5,153.0,900.0,154.0,29.75,15.7,26.75,53.5,10.9,20.0,133.0,64.0,248.0,312.0,43.25,53.5,4.1,40.85,509.0,141.0,59.0,9.7,9.8,17.7,15.45,5.3,5.5,10.9,203.0,24.25,,9.4,2.95,26.25,66.0,269.0,6.55,110.0,60.0,13.05,127.0,43.75,340.75,14.55,39.0,117.0,6.3,19.0,26.5,37.25,12.45,20.0,42.0,290.0,6.3,223.67,225.04,,168.37,8.15,3.95,124.0,,19.9,,,,,,,,,,,,,,,,,,
2015-02-06,17.0,83.0,152.0,890.0,154.0,29.25,15.85,27.0,54.0,10.95,19.95,133.0,63.75,246.0,311.0,39.75,53.0,4.1,40.8,515.0,141.0,59.5,9.7,10.0,17.65,15.45,5.3,5.5,11.0,215.0,24.0,,9.45,3.15,26.0,65.5,268.0,6.65,110.0,60.0,13.05,127.0,44.0,341.0,14.55,39.0,117.0,6.15,18.7,26.25,36.25,12.25,20.0,43.75,290.0,6.25,223.57,224.91,,168.19,8.2,3.9,124.0,,19.8,,,,,,,,,,,,,,,,,,
2015-02-09,16.95,84.0,153.0,900.0,152.0,29.0,15.8,26.25,54.0,10.95,19.9,135.0,63.0,245.0,313.0,39.75,52.5,4.15,40.85,529.0,141.0,59.5,10.0,9.9,18.55,15.4,5.3,5.5,10.95,231.0,24.0,,9.45,3.05,26.0,64.75,268.0,6.65,110.0,65.5,13.4,127.0,43.75,341.75,14.8,40.75,118.0,6.4,18.45,28.0,37.0,12.15,20.0,43.5,290.0,6.3,224.09,225.38,,169.03,8.3,3.95,122.0,,19.75,,,,,,,,,,,,,,,,,,
2015-02-10,16.95,83.5,153.0,900.0,159.0,29.0,15.85,25.25,49.5,10.95,19.85,133.0,63.0,244.0,320.0,40.0,52.0,4.1,40.5,539.0,141.0,59.0,10.0,9.95,18.45,15.45,5.3,5.5,10.85,246.0,24.0,,9.1,3.05,26.0,63.0,268.0,6.5,110.0,62.5,13.7,129.0,44.75,341.75,14.75,41.75,117.0,6.45,18.5,27.5,37.5,12.0,21.75,43.5,300.0,6.2,224.1,225.4,,169.32,9.0,3.9,121.0,,19.85,,,,,,,,,,,,,,,,,,
2015-02-11,16.65,84.5,151.0,900.0,159.0,28.75,15.9,25.0,49.75,11.0,19.95,133.0,62.5,248.0,324.0,39.0,53.0,4.4,40.5,539.0,141.0,58.5,10.2,9.85,18.35,15.8,5.3,5.5,10.9,246.0,23.75,,9.45,3.05,26.0,63.75,268.0,6.4,110.0,66.0,13.65,133.0,44.5,347.25,14.85,41.25,117.0,6.5,18.55,27.75,37.5,11.7,21.75,42.0,300.0,6.3,225.32,226.68,,170.09,8.75,3.9,121.5,,19.95,,,,,,,,,,,,,,,,,,
2015-02-12,16.65,85.0,151.0,900.0,152.0,29.0,15.7,24.75,49.5,11.0,20.0,137.0,63.0,249.0,326.0,40.0,53.5,4.3,40.7,539.0,141.0,59.5,10.25,9.95,18.35,15.8,5.3,5.5,10.75,222.0,24.5,,9.45,3.0,25.5,63.0,265.0,6.3,110.0,64.5,13.45,132.0,44.75,344.75,14.75,41.0,118.0,6.6,19.0,27.75,37.75,11.6,21.75,43.0,300.0,6.1,226.45,227.8,,171.67,8.7,3.8,121.75,,20.0,,,,,,,,,,,,,,,,,,
2015-02-13,16.7,86.0,152.0,900.0,149.0,29.0,15.7,24.75,52.0,11.05,20.0,150.0,62.75,243.0,332.0,40.0,53.0,4.55,40.75,539.0,141.0,59.0,10.25,10.0,18.4,16.0,5.3,5.5,10.5,244.0,24.5,,9.4,2.85,25.25,63.25,266.0,6.45,110.0,70.0,13.45,131.0,45.0,345.25,14.85,41.0,118.0,6.65,18.6,27.5,37.25,11.55,20.0,45.25,300.0,6.3,226.54,227.9,,171.94,8.7,3.8,122.75,,20.5,,,,,,,,,,,,,,,,,,
2015-02-16,16.7,88.0,152.0,890.0,148.0,29.25,15.75,24.75,51.5,11.2,20.25,159.0,62.5,244.0,334.0,39.5,53.5,4.75,40.5,539.0,141.0,59.0,10.35,10.2,18.45,16.65,5.3,5.5,10.2,265.0,24.5,,9.3,2.85,25.5,62.75,265.0,6.4,110.0,70.0,13.5,132.0,44.0,344.25,14.85,41.25,118.0,6.5,19.6,26.75,37.0,11.5,20.25,42.0,300.0,6.25,227.68,228.97,,172.45,8.65,3.8,122.0,,19.95,,,,,,,,,,,,,,,,,,
2015-02-17,16.85,88.0,154.0,890.0,159.0,29.75,15.7,24.75,52.0,11.25,20.5,165.0,62.5,247.0,336.0,41.75,53.5,4.9,40.8,540.0,141.0,59.0,10.7,10.2,18.35,16.95,5.3,5.5,10.0,291.0,23.25,,9.3,2.85,26.0,63.25,262.0,6.15,115.0,66.0,14.4,133.0,44.5,347.0,14.8,43.0,118.0,6.45,19.6,27.0,36.0,10.95,18.5,45.0,300.0,6.3,228.39,229.6,,172.9,8.95,3.75,123.75,,19.9,,,,,,,,,,,,,,,,,,
2015-02-18,16.85,88.5,154.0,900.0,150.0,29.75,15.5,24.5,52.0,11.55,21.0,160.0,61.75,245.0,341.0,39.5,54.0,4.65,40.6,540.0,141.0,58.5,10.6,10.25,18.45,17.9,5.3,5.5,9.95,315.0,23.75,,9.3,2.85,26.5,64.5,265.0,6.2,115.0,66.0,15.05,133.0,44.75,347.5,14.95,44.0,118.0,6.5,19.25,26.75,34.75,11.0,20.0,43.5,300.0,6.5,229.81,231.0,,174.17,8.85,3.7,124.0,,19.95,,,,,,,,,,,,,,,,,,
2015-02-19,16.85,89.0,156.0,898.0,151.0,29.5,15.7,24.75,52.0,11.35,21.5,150.0,62.25,243.0,350.0,39.5,54.0,4.7,40.1,540.0,141.0,59.0,10.55,10.25,18.5,17.55,5.3,5.5,10.0,341.0,24.25,,9.4,2.85,26.25,65.0,265.0,6.15,115.0,66.0,15.35,134.0,45.0,348.5,15.15,44.0,110.0,6.6,18.3,27.25,34.0,11.0,20.0,44.75,300.0,6.55,231.92,233.07,,175.65,8.6,3.7,128.0,,20.0,,,,,,,,,,,,,,,,,,
2015-02-20,16.9,89.5,155.0,897.0,151.0,29.5,15.5,25.0,49.5,11.1,21.75,137.0,62.0,242.0,345.0,38.25,54.5,4.65,40.2,547.0,141.0,59.5,10.65,10.2,18.5,17.05,5.3,5.5,10.0,345.0,24.5,,9.35,2.75,26.0,65.0,264.0,6.3,115.0,66.0,15.0,135.0,44.5,349.25,15.3,44.25,105.0,6.5,18.3,27.0,34.5,10.5,20.0,45.0,300.0,6.4,232.81,233.74,,176.0,8.85,3.7,125.0,,19.95,,,,,,,,,,,,,,,,,,
2015-02-23,16.95,89.0,155.0,897.0,148.0,29.5,15.75,24.75,51.5,11.2,21.5,150.0,61.5,244.0,339.0,41.25,54.5,4.6,39.95,547.0,141.0,59.0,10.75,10.05,18.5,17.0,5.3,5.5,9.75,345.0,24.75,,9.3,2.6,26.25,65.75,265.0,6.15,115.0,66.0,15.55,136.0,44.25,348.75,15.45,47.25,102.0,6.25,18.1,27.0,34.75,10.6,20.0,42.0,300.0,6.3,231.97,232.8,,175.81,8.5,3.7,125.0,,20.6,,,,,,,,,,,,,,,,,,
2015-02-24,17.05,89.5,155.0,892.0,150.0,28.75,15.9,24.75,50.0,11.3,22.0,150.0,61.0,244.0,336.0,40.0,55.0,4.55,38.5,542.0,141.0,59.5,10.65,9.7,18.5,17.05,5.3,5.5,9.8,345.0,24.0,,9.0,2.75,26.25,65.75,262.0,6.1,115.0,66.0,15.4,139.0,44.25,350.75,15.7,46.5,107.0,6.4,18.1,27.5,34.5,10.95,20.0,44.75,300.0,6.3,233.52,234.27,,176.82,8.9,3.75,128.0,,19.75,,,,,,,,,,,,,,,,,,
2015-02-25,17.15,90.5,154.0,880.0,150.0,29.0,15.95,24.75,50.0,11.35,22.0,150.0,60.75,245.0,332.0,39.25,55.5,4.5,38.85,549.0,141.0,59.5,10.65,10.0,18.8,17.15,5.3,5.5,9.75,330.0,24.25,,8.95,2.7,26.25,65.75,262.0,6.15,115.0,66.0,15.25,139.0,45.0,350.5,15.9,46.5,112.0,6.4,17.9,27.75,35.25,10.55,19.95,44.5,300.0,6.3,234.75,235.43,,177.51,8.6,3.65,128.0,,19.55,,,,,,,,,,,,,,,,,,
2015-02-26,17.2,92.0,155.0,878.0,150.0,29.5,16.0,25.0,50.0,11.3,22.0,150.0,60.25,246.0,318.0,39.5,55.0,4.5,39.0,543.0,140.0,59.0,10.6,10.05,18.55,17.45,5.3,5.5,9.9,330.0,24.75,,9.0,2.8,26.0,65.5,262.0,6.2,115.0,65.0,15.4,132.0,49.0,350.25,15.75,46.75,112.0,6.5,18.5,27.5,35.0,10.05,19.95,44.75,300.0,6.3,231.35,231.88,,177.51,8.5,3.65,126.25,,19.8,,,,,,,,,,,,,,,,,,
2015-02-27,17.25,88.5,154.0,875.0,150.0,29.5,16.15,25.0,47.0,11.2,22.5,150.0,59.75,248.0,309.0,41.25,53.5,4.5,39.15,541.0,141.0,60.0,12.05,10.05,18.5,17.45,5.3,5.5,9.9,330.0,24.5,,9.05,2.8,25.25,65.0,261.0,6.25,115.0,65.0,15.35,129.0,49.75,354.25,15.8,44.75,120.0,6.2,18.45,28.75,34.75,10.95,19.95,47.75,300.0,6.35,230.39,230.79,,175.7,9.0,3.6,126.0,,19.8,,,,,,,,,,,,,,,,,,
2015-03-02,17.2,87.5,158.0,866.0,136.0,29.25,16.2,24.0,47.25,11.25,22.25,143.0,60.0,249.0,303.0,39.25,53.5,4.1,39.45,540.0,141.0,59.5,12.25,10.25,18.15,17.85,5.3,5.5,9.9,330.0,24.75,,9.0,2.7,25.25,64.0,259.0,6.2,115.0,60.0,15.5,130.0,50.5,352.5,15.65,44.75,129.0,6.2,18.0,28.75,34.5,10.15,19.95,47.75,300.0,6.35,229.04,229.35,,174.7,9.3,3.65,126.0,,19.4,,,,,,,,,,,,,,,,,,
2015-03-03,17.0,86.0,157.0,860.0,136.0,29.25,16.25,24.0,51.0,11.2,21.75,140.0,59.75,249.0,298.0,39.0,53.0,4.2,39.25,540.0,141.0,59.0,12.45,10.25,18.15,17.85,5.3,5.5,9.9,330.0,24.5,,8.95,2.55,24.75,63.25,259.0,6.15,115.0,60.0,15.4,130.0,51.5,352.0,15.4,44.75,138.0,6.4,18.6,28.25,34.25,10.95,19.5,47.75,300.0,6.35,226.57,226.98,,173.07,8.75,3.55,126.0,,19.55,,,,,,,,,,,,,,,,,,
2015-03-04,16.95,84.5,156.0,856.0,136.0,29.25,16.3,24.75,53.5,11.2,21.5,140.0,60.5,249.0,295.0,38.0,53.0,4.35,38.85,540.0,141.0,59.0,12.3,10.2,18.4,17.7,5.3,5.5,9.9,330.0,24.5,,9.0,2.5,25.75,63.0,259.0,6.1,115.0,60.0,15.75,130.0,51.0,352.0,15.45,44.75,134.0,6.45,18.05,28.25,34.5,10.9,19.5,46.75,274.0,6.15,226.26,226.61,,172.8,8.7,3.6,126.0,,19.75,,,,,,,,,,,,,,,,,,
2015-03-05,16.3,85.0,159.0,850.0,137.0,29.0,16.25,24.0,53.5,11.35,21.0,127.0,60.25,245.0,295.0,38.5,51.5,4.25,38.75,540.0,141.0,59.0,12.1,10.0,18.3,17.7,5.3,5.5,9.8,330.0,24.0,,9.1,2.7,25.25,63.75,250.0,5.95,115.0,60.0,15.9,129.0,49.5,352.0,15.7,42.75,131.0,6.2,18.0,27.75,34.0,10.6,19.3,46.75,274.0,6.15,224.82,225.19,,172.28,8.7,3.55,126.0,,19.95,,,,,,,,,,,,,,,,,,
2015-03-06,16.8,84.0,160.0,849.0,136.0,28.75,16.2,24.25,53.5,11.3,20.75,136.0,59.75,245.0,299.0,37.5,51.5,4.25,38.6,540.0,141.0,59.0,11.8,10.0,18.5,17.8,5.3,5.5,9.75,330.0,24.25,,9.2,2.7,25.5,63.25,230.0,6.0,112.0,60.0,15.65,129.0,48.0,352.0,15.75,43.0,132.0,6.45,17.95,28.25,34.0,10.9,19.3,47.75,274.0,6.1,225.57,225.99,,172.51,8.75,3.55,126.0,,19.75,,,,,,,,,,,,,,,,,,
2015-03-09,17.05,84.0,161.0,850.0,136.0,28.5,16.2,23.75,53.5,11.3,21.25,124.0,59.5,245.0,299.0,37.25,50.5,4.3,36.9,540.0,141.0,58.5,11.7,10.0,18.4,17.8,5.3,5.5,9.55,297.0,24.0,,9.25,2.95,25.5,63.0,235.0,6.35,112.0,58.0,15.7,129.0,48.0,354.75,15.55,43.0,134.0,6.4,18.0,28.25,34.0,10.9,19.3,46.5,274.0,6.35,223.86,224.23,,171.67,8.7,3.5,126.75,,20.05,,,,,,,,,,,,,,,,,,
2015-03-10,17.05,84.0,161.0,846.0,148.0,28.25,16.0,22.25,53.0,11.15,21.25,134.0,59.0,245.0,300.0,37.75,52.0,4.1,37.0,546.0,141.0,58.0,11.1,10.0,18.45,18.0,5.3,5.5,9.45,297.0,24.0,,9.15,3.05,24.75,62.75,244.0,6.2,112.0,59.0,15.6,129.0,47.75,354.75,15.75,41.75,131.0,6.25,18.0,28.0,33.5,10.85,19.3,47.5,274.0,6.3,225.29,225.77,,172.52,8.7,3.45,127.0,,20.0,,,,,,,,,,,,,,,,,,
2015-03-11,17.0,83.5,162.0,845.0,148.0,27.75,15.95,23.0,53.0,10.9,20.5,123.0,59.0,244.0,300.0,38.0,52.5,4.1,38.2,541.0,141.0,59.0,11.2,10.05,18.5,18.0,5.3,5.5,9.35,310.0,24.0,,9.2,2.75,25.25,62.75,245.0,6.2,112.0,60.0,15.75,127.0,47.75,354.25,15.85,42.0,134.0,6.4,18.0,27.75,33.5,10.4,19.3,46.5,284.0,6.15,226.07,226.56,,172.71,9.1,3.3,127.0,,19.9,,,,,,,,,,,,,,,,,,
2015-03-12,17.0,83.0,162.0,839.0,148.0,27.25,15.5,22.5,53.0,10.3,20.25,123.0,59.0,242.0,300.0,37.75,52.0,4.1,38.8,549.0,141.0,59.0,11.0,10.05,18.5,18.25,5.3,5.5,9.35,310.0,24.5,,9.0,2.6,23.75,62.25,245.0,6.2,112.0,60.0,15.65,126.0,47.75,354.0,15.95,40.75,134.0,6.35,18.05,27.25,34.25,10.25,19.3,46.75,284.0,6.0,225.59,226.0,,172.42,9.2,3.2,126.0,,19.5,,,,,,,,,,,,,,,,,,
2015-03-13,17.05,85.0,163.0,831.0,148.0,27.25,15.65,21.5,53.0,9.4,20.0,123.0,59.0,242.0,304.0,37.25,52.0,4.1,38.8,548.0,141.0,59.5,11.1,10.05,18.6,18.3,5.3,5.5,9.3,289.0,24.75,,9.0,2.65,24.75,62.0,248.0,6.0,115.0,60.0,15.6,124.0,47.5,355.0,15.8,40.75,133.0,6.2,17.75,27.5,33.0,9.75,19.2,46.75,284.0,6.0,225.54,226.05,,172.01,9.3,3.1,124.0,,19.55,,,,,,,,,,,,,,,,,,
2015-03-16,17.05,86.5,161.0,828.0,136.0,27.0,15.55,21.75,53.0,9.4,20.25,131.0,59.0,241.0,305.0,37.25,51.5,4.1,39.0,549.0,141.0,60.0,11.0,10.0,18.55,18.2,5.3,5.5,9.4,289.0,24.75,,9.05,2.8,24.5,62.25,248.0,5.9,115.0,60.0,15.15,125.0,47.75,354.75,15.65,40.0,133.0,6.5,18.0,27.75,33.5,10.35,19.0,46.75,284.0,6.0,225.22,225.85,,171.66,9.0,3.25,125.75,,19.4,,,,,,,,,,,,,,,,,,
2015-03-17,17.1,84.5,163.0,820.0,136.0,27.0,15.55,22.25,50.5,9.35,20.5,131.0,59.0,241.0,314.0,37.0,51.5,4.15,38.3,551.0,141.0,60.0,11.0,10.0,18.5,18.25,5.3,5.5,9.15,290.0,24.5,,8.95,2.7,24.75,62.0,247.0,5.8,112.0,66.0,13.7,126.0,47.25,352.25,15.6,40.5,133.0,6.85,17.95,27.75,33.75,10.65,19.0,46.5,284.0,6.25,226.19,226.86,,171.99,9.0,3.3,125.0,,18.95,,,,,,,,,,,,,,,,,,
2015-03-18,17.15,84.0,163.0,819.0,140.0,27.5,15.35,22.25,50.5,9.1,20.25,131.0,59.25,240.0,319.0,37.0,52.0,4.05,38.95,551.0,141.0,60.0,10.95,9.95,18.55,18.35,5.3,5.5,9.0,280.0,24.5,,8.3,2.65,24.0,62.0,247.0,5.95,112.0,60.0,14.85,127.0,47.75,350.0,15.75,37.0,133.0,6.3,17.85,27.5,33.5,10.5,19.0,46.75,284.0,6.05,227.58,228.26,,172.63,9.4,3.25,125.0,,18.5,,,,,,,,,,,,,,,,,,
2015-03-19,17.1,83.0,163.0,815.0,140.0,27.0,15.05,22.25,50.5,8.9,20.5,118.0,59.25,241.0,325.0,37.5,52.0,4.0,39.2,551.0,141.0,60.5,10.95,9.95,18.65,18.35,5.3,5.5,9.05,280.0,24.75,,8.4,2.5,25.0,61.75,255.0,5.8,112.0,58.0,13.95,127.0,49.75,349.75,15.85,40.5,133.0,6.45,17.75,27.25,33.5,10.5,18.95,43.25,284.0,6.0,229.0,229.71,,173.5,9.5,3.2,125.0,,18.85,,,,,,,,,,,,,,,,,,
2015-03-20,17.1,85.5,164.0,815.0,136.0,26.25,15.5,22.0,50.5,8.85,20.5,120.0,59.0,244.0,324.0,35.0,51.0,4.05,38.85,546.0,141.0,60.5,11.1,9.95,18.75,18.35,5.3,5.5,8.95,279.0,25.0,,8.5,2.5,24.5,62.0,251.0,5.75,112.0,57.5,13.7,125.0,46.5,339.0,15.85,40.25,127.0,6.4,17.8,26.75,33.25,10.05,18.95,43.5,284.0,6.0,227.62,228.21,,172.47,9.85,3.25,120.0,,18.8,,,,,,,,,,,,,,,,,,
2015-03-23,17.1,84.5,162.0,814.0,135.0,26.5,15.0,22.25,50.5,9.25,20.5,120.0,59.0,242.0,325.0,37.0,49.25,3.95,38.65,550.0,130.0,60.0,11.0,9.75,18.7,18.4,5.3,5.5,8.9,279.0,25.0,,8.55,2.45,24.75,61.0,245.0,5.95,112.0,54.5,14.0,128.0,44.0,331.5,15.9,40.25,130.0,6.4,17.9,25.5,33.25,10.65,18.95,43.75,261.0,6.0,226.25,226.75,,172.02,9.7,3.2,129.75,,19.0,,,,,,,,,,,,,,,,,,
2015-03-24,17.1,84.0,160.0,814.0,135.0,26.25,15.3,21.75,50.5,9.55,20.5,118.0,59.0,242.0,325.0,38.0,49.25,3.7,38.65,559.0,130.0,60.0,11.0,9.35,18.85,18.4,5.3,5.5,8.7,280.0,24.5,,8.65,2.45,25.25,61.0,249.0,5.8,112.0,54.0,13.95,126.0,44.0,346.75,16.0,40.25,130.0,6.15,18.0,26.5,33.25,10.95,18.8,43.5,261.0,6.1,226.36,226.93,,172.57,9.75,3.2,129.0,,19.05,,,,,,,,,,,,,,,,,,
2015-03-25,17.15,83.5,159.0,811.0,130.0,26.25,15.45,20.25,45.5,9.65,20.75,118.0,59.5,243.0,327.0,37.0,49.5,4.0,38.75,570.0,130.0,60.5,10.85,10.05,19.0,18.4,5.3,5.5,8.6,280.0,24.75,,8.65,2.35,25.0,60.0,246.0,5.9,112.0,55.5,14.0,125.0,45.0,342.25,16.1,37.75,128.0,6.2,17.95,26.0,33.5,10.8,18.7,43.0,261.0,6.0,227.7,228.18,,173.05,9.6,3.15,128.25,,19.2,,,,,,,,,,,,,,,,,,
2015-03-26,16.9,82.5,160.0,810.0,135.0,25.75,15.3,21.0,46.75,9.9,21.0,119.0,59.75,244.0,325.0,37.0,49.75,4.0,38.25,571.0,130.0,60.5,10.65,9.75,18.75,17.95,5.3,5.5,8.9,252.0,25.0,,8.75,2.35,24.25,59.75,246.0,5.8,112.0,59.0,13.7,126.0,44.5,340.0,16.45,37.75,129.0,5.75,17.75,26.25,33.25,10.75,18.45,44.0,261.0,6.0,228.57,228.96,,173.73,9.6,3.15,127.5,,19.55,,,,,,,,,,,,,,,,,,
2015-03-27,17.25,79.5,160.0,811.0,135.0,26.0,15.5,21.0,46.75,9.95,21.0,119.0,63.0,241.0,324.0,35.75,51.0,3.95,37.5,570.0,130.0,60.5,9.95,9.45,18.8,17.95,5.3,5.5,8.4,277.0,24.5,,8.75,2.25,24.5,58.5,244.0,5.9,112.0,57.0,13.85,125.0,46.5,337.0,16.6,37.75,128.0,5.65,17.55,26.0,33.5,10.85,17.5,43.5,287.0,6.0,230.26,230.58,,174.16,9.55,3.2,125.0,,19.95,,,,,,,,,,,,,,,,,,
2015-03-30,17.5,80.0,160.0,800.0,135.0,26.75,15.45,21.75,46.75,9.85,21.0,119.0,63.0,242.0,324.0,32.75,51.5,3.95,37.1,555.0,130.0,61.0,9.85,9.35,18.75,17.9,5.3,5.5,8.35,277.0,24.5,,8.8,2.3,24.5,59.25,246.0,5.95,112.0,59.0,13.85,125.0,44.0,345.0,16.7,37.75,129.0,5.55,17.5,25.5,33.5,10.7,17.0,44.0,287.0,5.6,231.56,231.87,,174.83,9.4,3.2,125.0,,19.85,,,,,,,,,,,,,,,,,,
2015-03-31,16.4,80.0,159.0,799.0,135.0,27.0,15.8,21.75,46.5,9.85,21.25,119.0,63.75,242.0,311.0,32.25,52.0,3.95,37.25,555.0,130.0,60.5,9.85,9.45,18.5,18.05,5.3,5.5,8.2,280.0,25.0,,8.65,2.45,24.0,59.75,248.0,6.0,112.0,59.0,14.35,125.0,45.75,344.5,17.05,37.75,126.0,5.55,17.45,26.25,33.5,10.75,18.0,45.0,287.0,5.6,230.97,231.23,,175.11,9.35,3.15,127.5,,19.85,,,,,,,,,,,,,,,,,,
2015-04-01,16.45,78.5,160.0,798.0,135.0,27.0,16.0,21.75,49.5,9.85,21.0,119.0,63.25,242.0,316.0,32.25,52.0,3.9,37.75,569.0,130.0,60.5,10.05,9.25,18.5,17.85,5.3,5.5,8.05,280.0,25.0,,8.7,2.4,24.0,59.75,245.0,5.9,112.0,59.0,14.35,126.0,46.0,345.0,17.0,38.25,121.0,5.5,18.25,26.25,33.75,10.1,18.0,44.5,280.0,5.6,231.27,231.52,,175.22,9.2,3.2,127.0,,19.9,,,,,,,,,,,,,,,,,,
2015-04-02,16.55,80.0,159.0,800.0,133.0,26.0,15.95,20.75,49.5,9.75,21.0,119.0,59.5,239.0,321.0,33.75,51.0,3.9,37.5,570.0,130.0,60.5,10.85,9.0,18.8,17.45,5.3,5.5,7.95,280.0,25.25,,8.65,2.3,24.0,55.5,235.0,5.75,112.0,59.0,14.35,126.0,46.0,338.75,16.6,35.75,125.0,5.65,18.5,24.25,33.75,10.5,19.0,43.75,280.0,5.6,229.04,229.47,,173.39,9.25,3.25,127.0,,19.9,,,,,,,,,,,,,,,,,,
2015-04-07,16.45,78.5,159.0,799.0,133.0,26.0,15.5,20.75,49.5,9.45,21.0,119.0,60.5,234.0,324.0,33.75,49.5,3.9,37.4,570.0,130.0,60.5,10.9,9.05,18.6,17.4,5.3,5.5,7.75,280.0,25.0,,8.5,2.2,23.5,57.5,240.0,5.65,112.0,59.0,14.15,126.0,46.75,336.0,15.9,33.25,128.0,5.75,18.1,26.0,34.0,10.5,19.0,43.5,280.0,5.6,226.21,226.69,,171.15,9.45,3.4,127.25,,19.65,,,,,,,,,,,,,,,,,,
2015-04-08,16.45,79.0,149.0,799.0,133.0,25.0,15.65,20.75,49.5,9.5,21.0,119.0,60.5,234.0,324.0,34.5,49.5,3.7,35.9,571.0,130.0,61.5,10.65,9.05,18.65,17.3,5.3,5.5,7.45,280.0,25.0,993.0,8.4,2.3,24.0,57.25,240.0,5.6,112.0,59.5,15.1,126.0,44.25,336.5,15.95,35.0,121.0,5.55,18.25,25.0,34.25,10.35,19.0,43.0,280.0,5.65,226.39,226.79,,170.8,9.3,3.5,127.0,,19.55,,,,,,,,,,,,,,,,,,
2015-04-09,16.3,79.0,155.0,720.0,135.0,25.25,15.7,20.75,49.75,9.4,21.0,117.0,59.75,231.0,323.0,34.75,47.5,3.65,36.2,520.0,130.0,61.5,10.3,8.9,18.65,17.3,5.3,5.5,7.7,280.0,24.5,950.0,8.3,2.3,23.0,56.5,236.0,5.55,112.0,59.5,16.5,125.0,43.75,339.5,16.3,35.25,121.0,5.6,17.65,24.75,33.75,10.35,19.0,42.5,280.0,5.65,225.5,225.76,,170.46,9.35,3.5,127.0,,19.65,,,,,,,,,,,,,,,,,,
2015-04-10,16.0,78.0,155.0,720.0,135.0,25.5,15.75,20.75,49.75,9.4,21.25,117.0,58.75,231.0,325.0,34.75,48.25,3.9,35.35,520.0,130.0,62.5,10.05,8.8,18.5,17.05,5.3,5.5,7.55,280.0,24.75,952.0,8.3,2.25,23.5,57.0,237.0,5.7,112.0,59.5,17.05,125.0,44.5,342.25,15.9,35.75,124.0,5.5,17.0,23.75,34.0,10.5,19.0,42.5,280.0,5.7,225.78,226.15,,169.61,8.7,3.3,122.25,,19.6,,,,,,,,,,,,,,,,,,
2015-04-13,15.95,77.5,155.0,731.0,136.0,25.5,15.75,21.25,45.0,9.35,21.0,117.0,60.25,230.0,333.0,34.75,48.0,3.8,35.0,540.0,130.0,64.0,10.0,8.75,18.25,17.0,5.3,5.5,7.5,255.0,23.0,952.0,8.35,2.15,22.75,56.75,237.0,5.5,112.0,59.5,17.0,126.0,44.75,341.75,16.0,34.0,120.0,5.5,17.4,23.75,33.75,10.45,19.0,43.0,280.0,5.7,227.41,227.69,,170.31,9.4,3.1,120.75,,19.6,,,,,,,,,,,,,,,,,,
2015-04-14,15.95,76.5,154.0,689.0,135.0,25.5,15.55,21.25,45.0,9.2,21.25,106.0,60.25,230.0,337.0,34.75,47.75,3.95,34.95,569.0,130.0,64.5,10.05,8.8,18.4,17.05,5.3,5.5,7.45,255.0,23.5,952.0,8.35,2.2,23.75,57.0,235.0,5.8,110.0,54.5,17.0,126.0,44.25,342.75,16.1,34.0,126.0,5.25,17.0,24.0,33.75,10.45,17.95,45.0,280.0,5.7,228.59,228.88,,170.78,9.4,3.1,123.5,,19.6,,,,,,,,,,,,,,,,,,
2015-04-15,15.8,76.5,151.0,720.0,135.0,25.5,15.5,20.75,45.5,9.1,21.5,106.0,59.5,230.0,337.0,35.75,46.0,3.85,34.55,570.0,130.0,65.0,10.0,8.85,18.1,17.15,5.3,5.5,7.45,256.0,23.25,952.0,8.35,2.15,23.0,57.0,235.0,5.7,110.0,59.5,16.7,125.0,44.75,347.0,16.3,35.0,127.0,5.3,16.95,23.5,33.75,10.4,17.95,44.75,278.0,5.55,227.86,227.98,,171.07,9.1,3.0,121.25,,19.6,,,,,,,,,,,,,,,,,,
2015-04-16,15.75,74.5,152.0,676.0,134.0,25.75,15.3,20.5,45.5,9.0,21.25,106.0,59.75,230.0,335.0,35.75,46.0,3.95,34.7,562.0,130.0,64.5,10.0,8.9,18.0,17.2,5.3,5.5,7.1,256.0,23.0,952.0,8.3,2.2,22.75,57.0,237.0,5.6,110.0,59.5,16.05,124.0,43.5,345.0,16.75,37.25,126.0,5.5,17.0,23.75,33.75,10.4,17.45,46.5,278.0,5.8,228.77,228.84,,171.57,9.5,2.95,120.5,,19.65,,,,,,,,,,,,,,,,,,
2015-04-17,15.6,74.0,150.0,729.0,134.0,25.25,15.4,20.5,45.5,9.15,21.5,101.0,59.75,230.0,334.0,37.5,47.0,4.0,34.85,570.0,141.0,64.0,10.05,8.9,17.9,17.15,5.3,5.5,7.05,276.0,23.75,952.0,8.1,2.25,22.75,57.0,235.0,5.7,110.0,59.0,15.95,124.0,44.0,345.5,17.2,37.25,123.0,5.85,17.75,23.5,34.0,10.35,17.45,45.0,278.0,5.7,230.08,230.18,,173.2,10.05,3.0,120.0,,19.6,,,,,,,,,,,,,,,,,,
2015-04-20,15.6,74.0,150.0,785.0,134.0,24.5,15.65,20.5,45.5,9.25,21.5,101.0,59.5,226.0,330.0,36.0,47.5,4.0,35.1,566.0,141.0,64.0,9.95,8.85,17.8,17.1,5.3,5.5,7.25,280.0,23.75,952.0,8.1,2.25,23.0,57.5,236.0,5.5,110.0,59.0,15.5,125.0,44.0,344.5,17.25,37.25,126.0,5.65,17.6,23.5,34.0,10.35,17.45,45.25,278.0,5.7,230.18,230.3,,173.68,9.8,3.0,125.0,,19.6,,,,,,,,,,,,,,,,,,
2015-04-21,15.45,73.5,150.0,728.0,134.0,22.25,15.5,20.25,45.5,9.2,21.5,101.0,60.0,225.0,329.0,35.0,48.25,4.05,34.3,569.0,141.0,64.5,9.75,8.95,17.75,17.15,5.3,5.5,7.4,284.0,23.0,952.0,8.1,2.25,23.75,57.5,238.0,5.65,110.0,59.5,15.9,124.0,44.5,344.75,17.2,37.25,121.0,5.65,16.7,22.5,34.0,10.5,19.0,46.25,278.0,5.6,230.41,230.57,,172.96,9.8,2.95,120.0,,19.25,,,,,,,,,,,,,,,,,,
2015-04-22,15.3,73.5,150.0,772.0,132.0,20.25,15.65,21.0,45.5,9.2,21.0,110.0,60.0,226.0,320.0,35.0,48.0,4.2,33.1,571.0,130.0,64.5,9.75,8.95,17.9,17.1,5.3,5.5,7.45,284.0,23.25,952.0,8.05,2.2,23.25,58.0,236.0,5.6,110.0,54.5,15.35,124.0,45.75,344.75,17.05,37.25,121.0,5.45,17.65,23.75,34.0,10.15,19.0,45.0,278.0,5.8,228.07,228.12,,171.79,9.7,3.0,120.0,,19.4,,,,,,,,,,,,,,,,,,
2015-04-23,15.4,73.5,150.0,705.0,132.0,20.5,15.6,21.0,45.5,9.2,20.75,110.0,60.25,227.0,319.0,35.0,49.25,4.3,32.9,570.0,130.0,64.0,9.7,8.95,17.9,17.35,5.3,5.5,7.4,284.0,23.0,952.0,8.0,2.25,23.25,58.25,224.0,5.65,110.0,56.0,15.75,124.0,45.75,345.75,17.15,37.25,120.0,5.45,17.25,23.25,34.0,10.5,17.45,45.5,280.0,5.8,229.31,229.4,,171.58,9.8,3.05,116.0,,19.5,,,,,,,,,,,,,,,,,,
2015-04-24,15.45,75.0,150.0,711.0,135.0,22.5,15.6,20.5,45.5,9.25,20.75,110.0,61.0,227.0,319.0,35.0,49.5,4.5,33.8,570.0,125.0,63.0,9.75,8.95,17.85,17.35,5.3,5.5,7.45,259.0,23.25,952.0,7.95,2.25,23.5,58.75,224.0,5.55,110.0,55.0,15.95,124.0,44.75,347.75,17.3,35.0,125.0,5.7,16.1,23.75,34.5,10.5,19.0,50.0,280.0,5.8,229.51,229.67,,172.55,9.75,3.05,123.0,,19.55,,,,,,,,,,,,,,,,,,
2015-04-27,15.6,76.0,150.0,712.0,135.0,22.25,15.55,20.25,45.5,9.25,20.0,110.0,61.25,228.0,320.0,33.25,49.5,4.4,34.3,570.0,125.0,63.0,9.8,9.05,18.05,17.4,5.3,5.5,7.3,284.0,23.25,952.0,7.75,2.15,23.25,59.25,225.0,5.5,110.0,55.0,16.2,124.0,44.75,347.0,17.1,35.0,120.0,5.3,16.1,24.5,34.75,10.65,17.1,50.0,280.0,5.6,228.66,228.9,,171.59,9.75,3.15,120.0,,19.5,,,,,,,,,,,,,,,,,,
2015-04-28,15.5,75.5,149.0,715.0,135.0,21.75,15.55,20.25,45.5,9.25,20.0,109.0,62.0,229.0,319.0,33.25,49.5,4.2,34.4,569.0,125.0,62.5,10.0,9.05,17.95,17.2,5.3,5.5,7.25,284.0,24.5,952.0,7.7,2.15,22.5,58.75,225.0,5.4,110.0,54.5,16.45,124.0,45.25,346.5,17.2,33.25,120.0,5.7,16.35,23.75,34.75,10.2,17.1,50.0,280.0,5.6,228.41,228.57,,171.7,9.35,3.05,123.25,,19.55,,,,,,,,,,,,,,,,,,
2015-04-29,15.7,76.0,150.0,723.0,135.0,21.0,15.75,20.5,48.75,9.25,20.25,102.0,64.0,230.0,320.0,35.0,49.5,4.1,33.75,598.0,125.0,62.0,9.95,9.1,17.95,17.0,5.3,5.5,7.15,259.0,23.75,952.0,7.75,2.05,22.5,59.0,226.0,5.0,110.0,54.5,16.45,124.0,44.75,348.75,17.3,32.75,124.0,5.75,15.95,23.75,35.0,10.45,17.1,49.0,280.0,5.6,228.68,228.82,,172.35,8.5,3.1,125.25,,19.55,,,,,,,,,,,,,,,,,,
2015-04-30,15.95,76.0,150.0,719.0,135.0,22.0,15.85,20.5,48.75,9.2,20.75,102.0,63.75,230.0,321.0,33.0,49.25,4.15,33.85,570.0,125.0,62.5,9.95,9.45,17.8,17.1,5.3,5.5,7.05,284.0,22.5,952.0,8.0,2.05,22.0,59.25,234.0,5.1,110.0,55.0,16.45,124.0,43.75,344.0,17.4,35.0,122.0,5.55,15.75,24.0,34.5,10.1,18.8,49.0,280.0,5.75,229.86,229.81,,173.2,9.4,3.1,127.0,,19.6,,,,,,,,,,,,,,,,,,
2015-05-04,15.8,79.5,147.0,719.0,135.0,23.0,16.0,21.0,48.75,9.2,21.25,115.0,64.5,228.0,322.0,33.5,49.5,4.15,33.85,570.0,125.0,62.5,9.9,9.3,17.45,17.1,5.3,5.5,7.0,295.0,21.0,952.0,8.1,2.05,20.5,59.0,225.0,5.3,105.0,55.0,16.35,124.0,43.75,321.75,17.45,35.0,122.0,5.4,15.4,23.0,34.5,10.35,17.0,45.75,280.0,5.6,230.75,230.62,,173.14,9.4,3.15,138.0,,19.4,,,,,,,,,,,,,,,,,,
2015-05-05,15.75,79.5,147.0,720.0,131.0,23.25,15.8,20.0,48.75,9.2,21.75,115.0,64.75,235.0,328.0,34.0,49.0,3.95,33.35,590.0,125.0,62.0,9.8,9.25,17.1,17.3,5.3,5.5,6.95,295.0,22.75,952.0,7.65,2.05,20.75,59.25,225.0,5.4,105.0,55.0,16.55,124.0,44.0,329.25,17.5,35.0,121.0,5.4,14.15,24.5,34.75,10.3,17.0,44.75,274.0,5.75,231.0,230.87,,173.94,9.0,3.25,137.0,,19.55,,,,,,,,,,,,,,,,,,
2015-05-06,15.75,80.0,145.0,720.0,131.0,24.0,16.0,20.0,46.75,9.25,22.0,126.0,64.75,242.0,325.0,36.0,47.25,4.1,34.25,589.0,125.0,60.5,9.8,9.1,17.2,17.2,5.3,5.5,7.0,300.0,23.75,952.0,7.95,2.05,21.5,59.75,220.0,5.35,105.0,54.0,16.6,124.0,44.0,332.0,17.55,35.75,123.0,5.3,13.8,24.0,35.0,10.25,17.0,44.0,274.0,5.95,228.44,228.27,,173.49,9.7,3.25,137.0,,19.3,,,,,,,,,,,,,,,,,,
2015-05-07,15.75,80.0,147.0,720.0,131.0,24.5,15.8,20.0,48.75,9.25,21.75,138.0,67.25,240.0,325.0,36.0,45.5,4.0,33.65,584.0,125.0,59.0,9.7,9.05,17.35,17.25,5.3,5.5,7.15,300.0,23.0,950.0,8.0,2.0,21.0,60.0,220.0,5.5,105.0,53.0,16.75,123.0,44.0,322.5,17.15,39.0,125.0,5.4,13.6,24.0,36.75,10.7,17.0,47.25,274.0,5.8,224.82,224.6,,171.52,8.85,3.25,137.0,,19.35,,,,,,,,,,,,,,,,,,
2015-05-08,15.95,80.5,150.0,726.0,130.0,24.75,15.55,20.0,48.75,9.25,21.5,138.0,65.0,240.0,321.0,36.0,46.5,4.0,32.95,584.0,125.0,60.5,9.65,9.0,17.1,17.3,5.3,5.5,7.1,300.0,23.0,950.0,7.8,2.0,20.5,59.25,220.0,5.25,105.0,54.0,16.7,123.0,42.75,320.25,17.05,39.0,123.0,5.25,14.05,23.75,35.0,10.75,18.45,44.0,274.0,5.85,225.82,225.52,,171.47,8.4,3.1,134.25,,19.3,,,,,,,,,,,,,,,,,,
2015-05-11,15.8,80.0,146.0,748.0,131.0,24.5,15.45,20.0,48.75,9.25,21.75,151.0,64.0,240.0,315.0,33.0,46.75,3.95,32.25,584.0,125.0,60.0,9.6,8.85,17.2,16.9,5.3,5.5,7.2,300.0,24.75,950.0,7.95,2.0,20.5,59.0,217.0,5.15,105.0,54.0,16.85,123.0,41.75,320.5,16.9,37.75,125.0,5.4,13.85,23.75,36.5,10.9,18.45,44.75,274.0,5.9,224.37,224.07,,170.65,8.9,3.0,134.0,,19.15,,,,,,,,,,,,,,,,,,
2015-05-12,15.8,78.0,151.0,747.0,130.0,24.0,15.3,19.85,46.0,9.2,22.0,160.0,63.25,239.0,310.0,33.0,47.5,3.85,34.3,595.0,125.0,58.0,9.55,8.85,17.45,16.9,5.3,5.5,7.0,296.0,23.75,950.0,7.9,1.95,20.25,59.0,218.0,5.15,105.0,54.0,16.45,124.0,41.5,320.25,16.65,37.25,125.0,5.4,13.75,23.75,36.0,10.55,18.45,45.0,274.0,5.9,222.19,222.05,,169.46,8.9,3.1,134.0,,19.0,,,,,,,,,,,,,,,,,,
2015-05-13,15.45,77.5,152.0,773.0,130.0,23.5,14.65,20.0,46.0,9.1,22.0,161.0,62.75,238.0,306.0,33.0,47.5,3.85,32.8,570.0,125.0,57.5,9.4,8.65,17.35,16.85,5.3,5.5,6.95,300.0,24.75,950.0,7.95,2.0,20.0,58.75,217.0,5.0,105.0,54.0,16.1,125.0,42.25,320.75,16.1,37.75,125.0,5.15,13.65,22.75,35.75,10.55,18.4,45.0,274.0,5.45,219.27,219.13,,167.27,9.0,3.1,134.0,,19.0,,,,,,,,,,,,,,,,,,
2015-05-14,15.4,79.5,148.0,770.0,130.0,23.0,14.7,20.0,46.0,9.0,22.75,165.0,63.5,239.0,303.0,33.0,47.75,4.05,32.05,580.0,116.0,58.0,9.45,8.6,17.4,16.95,5.3,5.5,7.05,295.0,24.75,950.0,7.95,1.95,20.5,57.25,217.0,4.85,105.0,59.0,15.85,123.0,41.5,313.25,16.35,37.75,96.5,5.4,13.5,22.75,35.75,11.0,18.4,45.75,274.0,5.6,220.64,220.16,,167.82,9.0,3.0,134.0,,19.05,,,,,,,,,,,,,,,,,,
2015-05-15,15.4,78.0,150.0,774.0,120.0,23.0,14.7,20.0,46.0,9.0,22.0,165.0,63.5,235.0,302.0,32.75,49.25,4.2,31.95,575.0,116.0,58.0,9.5,8.85,17.35,16.65,5.3,5.5,7.05,298.0,24.75,950.0,7.4,1.95,20.75,56.25,211.0,5.0,105.0,59.0,16.15,122.0,41.25,320.0,16.35,37.5,91.0,5.2,13.55,24.0,34.75,11.0,18.4,46.0,274.0,5.6,221.3,220.97,,167.73,8.4,3.0,134.0,,19.95,,,,,,,,,,,,,,,,,,
2015-05-18,15.35,74.0,146.0,772.0,120.0,22.75,14.5,19.05,46.0,9.0,22.0,158.0,62.75,235.0,304.0,33.0,49.0,4.55,31.55,571.0,116.0,58.0,9.6,8.8,17.3,16.45,5.3,5.5,6.9,298.0,24.5,950.0,7.45,2.0,21.0,55.25,216.0,5.1,105.0,59.0,15.45,124.0,40.75,305.25,16.5,37.5,87.5,5.15,13.95,23.0,34.75,10.75,18.4,47.0,274.0,5.6,221.6,221.19,,167.48,8.4,2.95,134.0,,19.55,,,,,,,,,,,,,,,,,,
2015-05-19,15.3,74.0,149.0,772.0,120.0,22.5,14.15,19.55,46.0,8.95,22.0,156.0,62.0,238.0,305.0,33.0,48.0,4.55,30.4,570.0,126.0,59.0,9.55,8.85,17.2,16.25,5.3,5.5,7.2,299.0,24.75,950.0,7.4,1.95,20.75,54.5,215.0,4.6,105.0,59.0,15.2,123.0,40.25,319.0,16.6,37.5,82.5,4.75,13.7,22.0,35.0,10.7,17.7,49.25,274.0,5.5,221.68,221.06,,167.83,7.9,2.9,134.0,,19.45,,,,,,,,,,,,,,,,,,
2015-05-20,15.25,78.5,145.0,743.0,120.0,21.5,14.45,19.15,46.0,8.85,22.0,165.0,62.25,235.0,304.0,33.0,48.0,4.3,29.95,591.0,126.0,61.0,9.45,8.85,17.05,16.3,5.3,5.5,7.0,299.0,24.75,950.0,7.4,2.0,21.0,54.0,215.0,5.0,105.0,59.0,15.4,121.0,40.0,320.0,16.45,37.5,76.0,4.8,13.55,23.5,34.75,10.7,18.0,45.75,274.0,5.5,222.18,221.56,,167.38,7.25,2.95,134.0,,20.1,,,,,,,,,,,,,,,,,,
2015-05-21,15.2,79.0,147.0,744.0,120.0,22.0,14.8,19.15,46.0,8.55,22.0,165.0,62.0,231.0,300.0,33.0,47.5,4.35,31.35,598.0,130.0,60.0,9.55,8.95,17.0,16.45,5.3,5.5,7.0,299.0,24.0,950.0,7.25,2.05,21.0,54.25,212.0,5.45,105.0,59.0,15.5,122.0,40.0,320.5,16.25,37.0,74.5,4.85,13.75,23.5,36.25,10.7,18.0,43.5,274.0,5.5,220.27,219.72,,166.48,7.25,2.95,134.0,,20.45,,,,,,,,,,,,,,,,,,
2015-05-22,15.2,74.0,147.0,730.0,120.0,21.5,14.75,19.0,46.0,8.65,22.0,166.0,62.0,230.0,301.0,32.5,46.75,4.35,30.8,585.0,130.0,59.5,9.5,8.85,17.0,16.35,5.3,5.5,7.1,299.0,24.5,950.0,7.4,2.05,21.0,54.0,205.0,5.25,105.0,59.0,15.95,117.0,39.75,320.0,16.2,37.0,73.5,5.25,13.75,23.5,35.0,10.7,18.0,45.5,274.0,5.5,218.62,218.12,,164.92,7.95,3.05,121.0,,20.3,,,,,,,,,,,,,,,,,,
2015-05-25,15.25,74.5,147.0,730.0,120.0,21.75,14.75,19.05,46.0,8.6,22.0,165.0,62.25,232.0,300.0,32.5,47.0,4.2,30.9,574.0,130.0,59.5,9.4,8.9,16.7,16.3,5.3,5.5,7.1,299.0,24.75,950.0,7.1,2.05,20.75,54.5,201.0,5.3,105.0,59.0,15.5,117.0,39.5,307.5,16.0,36.25,74.5,5.5,13.55,23.25,34.75,10.7,18.0,45.0,274.0,5.55,218.49,218.01,,164.14,8.25,3.0,121.0,,20.45,,,,,,,,,,,,,,,,,,
2015-05-26,15.5,74.0,147.0,720.0,129.0,22.0,14.75,19.0,46.0,8.55,22.0,156.0,62.75,230.0,299.0,32.0,47.5,4.0,30.6,574.0,130.0,60.0,9.3,8.8,16.95,16.35,5.3,5.5,7.1,300.0,24.0,950.0,7.1,2.0,20.5,53.5,199.0,5.35,105.0,59.0,15.9,115.0,40.25,301.0,15.65,33.25,81.0,5.15,13.25,21.5,34.0,10.75,18.0,44.75,274.0,5.55,217.85,217.43,,162.8,8.45,3.0,116.0,,20.75,,,,,,,,,,,,,,,,,,
2015-05-27,15.5,73.5,149.0,715.0,129.0,22.5,14.8,19.0,46.0,8.5,22.0,160.0,61.25,230.0,299.0,32.0,47.75,4.05,30.35,574.0,130.0,59.0,9.15,8.8,16.5,16.1,5.3,5.5,7.1,300.0,24.75,950.0,7.15,2.05,19.85,52.25,198.0,5.35,105.0,57.0,16.2,112.0,39.5,309.5,15.2,33.25,82.5,5.25,13.4,22.0,34.0,10.7,18.0,44.75,274.0,5.55,215.52,215.27,,161.31,8.1,3.0,116.0,,20.95,,,,,,,,,,,,,,,,,,
2015-05-28,15.45,73.0,145.0,738.0,129.0,22.25,14.75,18.7,46.0,8.35,22.0,160.0,60.75,229.0,297.0,32.0,47.5,4.15,30.0,583.0,130.0,57.0,9.1,8.75,17.0,16.15,5.3,5.5,7.15,295.0,24.75,950.0,7.15,2.0,20.5,52.0,196.0,5.25,105.0,59.0,16.3,105.0,39.0,306.25,15.55,33.25,80.5,5.05,13.0,22.25,33.75,10.65,17.55,44.0,274.0,5.6,214.25,213.99,,161.46,8.15,3.05,120.75,,20.85,,,,,,,,,,,,,,,,,,
2015-05-29,15.35,73.0,147.0,772.0,120.0,22.25,14.8,18.2,41.5,8.3,22.0,161.0,60.75,226.0,300.0,32.0,47.25,4.45,30.6,574.0,130.0,56.5,9.15,8.6,16.95,16.15,5.3,5.5,7.05,273.0,24.75,950.0,6.95,2.0,21.0,51.75,195.0,5.0,105.0,59.0,15.35,103.0,39.0,302.0,15.85,33.25,80.0,5.1,13.0,23.5,33.5,10.75,17.8,44.25,274.0,5.6,214.53,214.39,,162.13,8.7,3.05,117.0,,21.4,,,,,,,,,,,,,,,,,,
2015-06-02,15.35,74.0,147.0,785.0,120.0,22.25,14.85,17.7,41.5,8.1,21.75,160.0,60.0,225.0,304.0,32.0,47.75,4.65,29.35,531.0,130.0,57.5,9.15,8.45,17.2,16.05,5.3,5.5,7.05,300.0,24.75,950.0,7.05,2.0,21.5,51.0,195.0,5.0,105.0,59.0,16.3,112.0,37.0,289.5,16.5,33.25,75.0,4.8,13.0,23.0,34.0,10.8,17.8,45.5,274.0,5.6,218.46,218.09,,164.25,8.7,2.95,118.5,,21.25,,,,,,,,,,,,,,,,,,
2015-06-03,15.35,73.0,147.0,785.0,120.0,22.5,15.0,17.7,41.5,8.05,21.5,165.0,60.5,229.0,314.0,30.0,47.75,4.45,29.6,554.0,130.0,58.5,9.0,8.45,17.0,16.15,5.3,5.5,7.0,300.0,25.0,950.0,7.05,2.0,21.0,51.0,196.0,5.0,105.0,59.0,15.9,104.0,37.5,275.25,16.4,36.5,80.0,4.85,13.05,23.0,33.5,10.85,17.25,44.75,274.0,5.5,219.3,219.19,,164.23,8.9,3.0,116.0,,21.0,,,,,,,,,,,,,,,,,,
2015-06-04,15.3,72.5,147.0,720.0,120.0,22.25,15.0,17.85,41.5,8.1,21.5,163.0,61.0,230.0,316.0,30.25,47.25,4.35,29.8,544.0,130.0,59.5,9.1,8.35,17.0,16.3,5.3,5.5,7.0,280.0,24.75,950.0,7.0,2.0,20.25,51.75,195.0,5.25,100.0,59.0,15.25,103.0,38.75,284.75,16.45,36.5,80.0,5.1,13.05,22.75,33.25,10.6,17.45,45.0,270.0,5.3,219.94,219.77,,164.22,8.9,2.95,116.75,,21.0,,,,,,,,,,,,,,,,,,
2015-06-05,15.3,73.0,147.0,720.0,120.0,22.0,14.85,17.8,41.5,8.05,21.75,164.0,61.5,227.0,315.0,30.0,47.25,4.05,29.8,554.0,130.0,59.0,9.05,8.4,17.0,16.85,5.3,5.5,7.0,297.0,24.5,950.0,7.0,1.95,20.0,51.5,194.0,5.1,100.0,59.0,15.95,102.0,39.0,279.5,16.35,36.25,80.0,5.15,13.0,22.5,33.75,10.55,17.5,44.75,270.0,5.6,219.41,219.18,,163.78,8.1,2.95,117.0,,21.0,,,,,,,,,,,,,,,,,,
2015-06-08,15.35,70.5,146.0,707.0,127.0,22.25,14.65,17.7,41.5,7.85,21.5,164.0,61.75,226.0,313.0,30.0,47.0,4.1,29.95,553.0,130.0,58.5,9.0,8.3,17.0,17.25,5.3,5.5,6.9,297.0,24.5,950.0,7.15,1.95,20.0,51.25,193.0,5.1,100.0,57.0,15.95,108.0,37.25,279.0,16.05,36.5,74.5,5.2,12.95,23.0,33.75,10.55,17.5,43.75,270.0,5.85,218.22,217.9,,162.53,7.9,2.95,116.0,,20.5,,,,,,,,,,,,,,,,,,
2015-06-09,15.3,67.0,147.0,703.0,127.0,22.0,14.55,17.9,41.5,7.8,21.5,164.0,62.75,225.0,315.0,30.0,47.0,4.25,29.3,560.0,130.0,58.5,9.0,8.3,17.0,16.95,5.3,5.5,6.5,300.0,23.25,950.0,7.1,1.95,21.25,50.75,193.0,5.1,100.0,57.0,15.8,110.0,39.0,279.0,16.05,33.25,73.5,5.35,12.9,23.0,34.0,10.55,17.8,47.5,270.0,5.5,218.23,217.97,,162.36,8.0,2.95,115.0,,21.5,,,,,,,,,,,,,,,,,,
2015-06-10,15.35,70.5,149.0,701.0,127.0,21.75,14.95,18.0,41.5,7.7,21.75,163.0,63.25,225.0,315.0,33.0,46.75,4.15,29.1,560.0,130.0,58.5,9.0,8.25,17.0,17.0,5.3,5.5,6.3,300.0,24.25,950.0,7.25,1.9,21.5,51.0,191.0,5.25,100.0,57.0,15.15,107.0,39.75,285.25,16.05,36.0,79.5,5.4,12.9,23.25,36.0,10.65,17.5,45.0,270.0,5.5,217.94,217.7,,162.65,7.95,2.85,115.0,,21.5,,,,,,,,,,,,,,,,,,
2015-06-11,15.35,71.0,150.0,702.0,127.0,22.0,15.05,18.5,41.5,7.5,21.75,164.0,63.0,223.0,316.0,33.0,46.5,4.1,28.6,540.0,130.0,58.0,9.0,8.15,17.0,17.05,5.3,5.5,6.15,300.0,24.25,950.0,7.15,1.85,20.75,51.25,192.0,5.2,100.0,57.0,14.65,108.0,39.5,297.25,16.0,36.0,76.0,5.35,12.95,23.25,34.5,10.6,17.8,45.0,265.0,5.55,217.5,217.18,,162.7,8.0,2.95,115.0,,21.45,,,,,,,,,,,,,,,,,,
2015-06-12,15.35,71.0,150.0,702.0,120.0,22.0,15.2,17.9,41.5,7.65,21.75,164.0,63.0,223.0,317.0,33.0,46.5,4.2,28.7,540.0,130.0,58.0,9.05,8.2,17.0,17.1,5.3,5.5,6.0,300.0,24.25,950.0,7.3,1.9,20.5,53.25,191.0,5.25,100.0,57.0,15.55,109.0,40.5,298.5,16.05,36.25,79.5,5.5,12.95,23.0,34.0,10.4,17.0,45.75,265.0,5.55,217.71,217.39,,162.89,7.95,2.95,116.0,,20.75,,,,,,,,,,,,,,,,,,
2015-06-15,15.3,71.0,150.0,701.0,125.0,22.0,15.4,17.9,40.75,8.0,21.5,164.0,63.75,223.0,317.0,33.0,46.75,4.25,29.05,540.0,130.0,57.5,9.15,8.2,17.0,17.15,5.3,5.5,6.35,300.0,24.25,950.0,7.4,1.9,20.75,51.75,188.0,5.25,100.0,57.0,14.85,107.0,40.5,295.0,16.1,33.5,74.5,5.1,12.95,21.5,35.5,9.75,16.7,46.0,345.0,6.0,217.67,217.31,,162.75,7.95,2.95,115.5,,21.1,,,,,,,,,,,,,,,,,,
2015-06-16,15.35,72.0,150.0,701.0,130.0,22.0,15.45,18.2,40.75,8.0,21.5,163.0,63.25,224.0,317.0,33.0,46.5,4.35,28.5,573.0,140.0,57.0,9.0,8.15,17.0,17.25,5.3,5.5,6.8,300.0,24.0,950.0,7.45,1.85,21.0,52.75,187.0,5.0,100.0,56.0,15.0,107.0,41.0,294.75,16.05,36.5,75.0,5.05,12.2,22.5,35.5,8.95,17.0,46.5,360.0,5.5,217.11,216.64,,162.88,7.6,2.95,117.75,,20.55,,,,,,,,,,,,,,,,,,
2015-06-17,15.5,72.0,150.0,733.0,130.0,21.25,15.5,18.0,40.75,7.95,21.75,164.0,63.5,224.0,316.0,33.0,46.25,4.25,28.35,573.0,140.0,56.5,9.1,8.25,17.05,17.15,5.3,5.5,7.0,300.0,24.25,,7.7,1.9,21.0,53.75,185.0,5.25,100.0,54.0,15.15,106.0,41.0,298.0,16.05,36.5,76.0,5.0,12.2,22.25,36.0,9.2,17.0,46.0,363.0,5.55,216.53,216.02,,163.02,7.55,2.85,117.0,,20.8,,,,,,,,,,,,,,,,,,
2015-06-18,15.5,72.0,150.0,733.0,137.0,21.0,15.55,18.15,40.0,8.0,21.75,170.0,64.5,224.0,315.0,33.0,46.0,4.15,28.25,573.0,140.0,56.5,9.05,8.4,17.35,17.3,5.3,5.5,7.0,300.0,23.0,,7.7,1.9,21.0,53.0,180.0,5.15,100.0,54.0,15.55,106.0,41.0,299.25,16.0,36.0,75.0,5.25,12.0,21.75,35.75,8.85,17.0,45.5,365.0,5.55,216.37,215.78,,163.02,7.9,2.85,116.75,,20.75,,,,,,,,,,,,,,,,,,
2015-06-19,15.55,72.5,151.0,732.0,134.0,20.25,15.45,18.2,44.0,7.95,21.5,170.0,65.5,225.0,315.0,33.0,45.75,4.1,27.55,558.0,140.0,56.5,9.15,8.45,17.5,17.35,5.3,5.5,6.95,305.0,24.25,,7.5,1.85,21.25,51.75,175.0,5.0,100.0,56.0,15.8,104.0,40.25,300.75,16.05,36.0,75.5,5.1,12.0,22.5,35.5,8.6,16.6,46.0,394.0,5.55,215.78,215.17,,162.4,7.9,2.9,116.25,,20.55,,,,,,,,,,,,,,,,,,
2015-06-22,15.5,72.0,154.0,701.0,134.0,20.75,15.2,18.1,44.0,7.95,21.75,170.0,66.0,225.0,314.0,33.0,45.75,4.1,27.85,558.0,140.0,56.0,9.2,8.45,17.9,17.35,5.3,5.5,6.6,307.0,24.5,,7.3,1.95,20.5,53.75,183.0,5.1,100.0,53.5,15.35,105.0,40.75,300.75,16.35,35.0,75.0,5.2,12.05,22.0,36.25,8.75,17.0,46.5,399.0,5.45,216.59,215.8,,163.34,7.9,2.85,115.0,,21.2,,,,,,,,,,,,,,,,,,
2015-06-23,15.5,72.5,153.0,700.0,134.0,20.75,15.4,18.0,40.0,8.0,21.75,172.0,65.25,225.0,310.0,33.0,45.75,4.15,27.75,561.0,140.0,56.0,9.2,8.4,17.95,17.6,5.3,5.5,6.85,307.0,24.75,,7.45,2.1,21.25,54.5,178.0,5.05,100.0,53.5,15.2,107.0,40.75,301.25,16.0,37.0,75.0,5.2,12.65,22.25,36.75,9.1,17.0,46.0,399.0,5.3,215.42,214.64,,162.27,7.95,2.9,115.0,,20.4,,,,,,,,,,,,,,,,,,
2015-06-24,15.45,72.5,153.0,700.0,134.0,20.5,15.85,17.95,41.0,7.95,21.75,182.0,65.0,225.0,309.0,33.5,46.0,4.05,27.45,564.0,145.0,56.0,9.0,8.35,17.6,18.0,5.3,5.5,6.8,307.0,25.5,,7.55,2.3,20.75,54.25,179.0,5.1,100.0,53.5,15.9,106.0,42.25,304.25,16.05,35.0,75.0,5.1,12.8,21.75,35.75,9.0,17.0,46.0,404.0,5.35,215.6,214.84,,162.27,8.05,2.9,117.0,,20.85,,,,,,,,,,,,,,,,,,
2015-06-25,15.5,72.5,151.0,700.0,139.0,20.75,16.75,17.7,44.0,7.95,21.75,110.0,65.25,225.0,308.0,33.5,46.0,4.05,27.5,567.0,155.0,55.5,9.05,8.4,18.05,18.15,5.3,5.5,6.7,307.0,27.75,,7.45,2.45,20.75,54.25,179.0,5.1,100.0,56.0,16.0,108.0,42.5,305.25,16.1,35.0,75.0,5.0,12.5,21.25,36.0,8.95,17.0,45.5,415.0,5.35,215.65,214.8,,162.68,8.8,2.9,117.75,,21.1,,,,,,,,,,,,,,,,,,
2015-06-26,15.5,72.5,153.0,701.0,131.0,20.75,16.2,17.75,44.0,7.95,21.5,99.0,65.5,225.0,308.0,35.0,46.0,4.1,27.4,564.0,155.0,55.5,9.0,8.4,17.75,18.15,5.3,5.5,6.85,307.0,25.25,,7.3,2.25,20.75,54.25,180.0,5.1,100.0,56.0,16.45,106.0,42.5,307.25,16.1,38.0,75.0,5.0,12.5,22.75,34.0,8.95,16.95,46.0,418.0,5.0,215.37,214.52,,162.51,8.9,2.85,117.0,,20.45,,,,,,,,,,,,,,,,,,
2015-06-29,15.45,72.5,153.0,701.0,131.0,20.5,15.8,18.25,44.0,7.9,21.75,90.0,65.5,225.0,305.0,38.5,46.25,4.1,27.4,560.0,155.0,55.5,9.05,8.35,17.8,18.45,5.3,5.5,7.25,307.0,25.25,,7.35,2.35,20.75,53.25,189.0,5.0,100.0,56.0,16.85,106.0,41.25,302.75,16.3,40.5,78.0,5.05,12.65,22.0,35.25,8.95,16.95,46.75,414.0,5.0,216.07,215.28,,163.08,8.55,2.85,117.0,,19.9,,,,,,,,,,,,,,,,,,
2015-06-30,15.55,75.0,154.0,741.0,139.0,20.5,16.05,18.15,44.0,7.95,21.75,81.0,65.5,226.0,304.0,38.25,47.25,4.05,27.45,562.0,155.0,55.0,9.25,8.4,17.9,18.35,5.3,5.5,7.35,307.0,24.25,,7.35,2.35,19.3,53.75,199.0,4.95,100.0,57.5,16.45,114.0,42.75,298.0,16.45,40.0,75.5,5.05,12.85,21.75,35.0,8.95,16.95,46.75,414.0,5.0,218.14,216.95,,164.41,8.5,2.9,117.0,,19.85,,,,,,,,,,,,,,,,,,
2015-07-01,15.35,76.0,155.0,750.0,140.0,20.5,16.0,18.0,44.0,7.85,21.5,77.5,65.25,227.0,298.0,37.0,46.0,4.15,27.1,560.0,145.0,54.0,9.2,8.45,17.9,17.6,5.3,5.5,7.3,301.0,25.25,,7.35,2.3,19.8,54.25,200.0,4.85,100.0,57.5,16.45,107.0,42.0,297.0,16.5,39.0,75.5,5.05,13.0,21.75,35.75,8.85,17.0,46.0,366.0,5.0,214.64,213.58,,163.21,8.5,2.85,117.0,,19.95,,,,,,,,,,,,,,,,,,
2015-07-02,15.35,75.5,155.0,751.0,140.0,20.25,15.7,17.95,44.0,7.55,21.25,70.0,63.75,225.0,290.0,37.25,45.5,4.35,27.05,565.0,159.0,54.0,9.0,8.45,17.9,18.05,5.3,5.5,7.3,307.0,25.25,,7.35,2.3,19.2,52.75,206.0,4.75,100.0,57.0,16.1,107.0,41.75,302.5,16.45,39.0,76.5,5.0,14.0,22.75,34.0,8.75,17.0,46.0,347.0,5.0,212.83,211.82,,162.35,8.45,2.9,117.0,,20.9,,,,,,,,,,,,,,,,,,
2015-07-03,15.25,75.0,156.0,701.0,140.0,20.0,16.0,17.9,47.0,7.6,20.75,70.0,63.5,225.0,290.0,37.0,45.25,4.15,27.0,565.0,159.0,55.0,9.1,8.45,17.85,18.1,5.3,5.5,7.3,307.0,24.75,,7.35,2.25,19.8,51.75,201.0,4.8,100.0,56.0,16.45,107.0,40.75,304.25,16.35,39.0,75.0,5.1,14.0,22.75,33.25,8.25,17.0,47.0,348.0,5.5,212.45,211.63,,161.5,8.45,2.85,117.0,,20.35,,,,,,,,,,,,,,,,,,
2015-07-06,15.3,75.0,156.0,701.0,139.0,19.8,16.0,17.9,47.0,7.6,21.0,68.0,64.5,225.0,277.0,38.0,47.25,4.15,26.95,560.0,159.0,54.5,9.45,8.35,17.9,18.0,5.3,5.5,7.2,330.0,25.0,,7.3,2.1,19.95,52.0,199.0,5.0,100.0,57.0,16.25,107.0,40.75,308.25,16.35,39.0,75.0,5.0,13.9,22.0,35.0,8.5,16.9,44.0,368.0,5.45,212.99,211.76,,161.43,8.45,2.85,117.0,,20.65,,,,,,,,,,,,,,,,,,
2015-07-07,15.2,75.0,156.0,701.0,130.0,19.35,16.1,17.9,47.0,7.95,21.0,66.5,65.0,225.0,280.0,37.5,46.0,4.05,26.95,560.0,161.0,56.0,9.45,8.25,17.95,18.0,5.3,5.5,7.15,330.0,24.25,,7.35,2.15,19.0,52.75,193.0,5.0,100.0,57.5,16.3,107.0,41.75,316.5,16.35,39.0,72.5,5.0,15.1,22.25,35.75,8.45,16.9,44.0,368.0,5.35,212.93,211.97,,161.61,8.0,2.85,115.75,,20.25,,,,,,,,,,,,,,,,,,
2015-07-08,15.3,73.0,155.0,702.0,138.0,18.75,15.9,17.9,47.0,7.95,21.25,62.5,63.75,224.0,280.0,37.5,45.0,4.1,26.95,560.0,160.0,55.0,9.35,8.15,17.95,17.95,5.3,5.5,7.15,330.0,24.0,,7.35,2.05,18.65,53.0,188.0,5.0,100.0,59.0,16.3,108.0,40.5,311.5,16.15,39.0,75.0,5.05,14.35,22.5,35.25,8.55,16.9,44.0,368.0,5.25,210.59,209.57,,160.24,8.45,2.9,116.25,,20.25,,,,,,,,,,,,,,,,,,
2015-07-09,15.35,73.5,155.0,702.0,138.0,18.15,16.0,17.95,47.0,7.9,21.25,61.5,62.5,221.0,276.0,35.25,44.75,4.05,26.75,560.0,175.0,54.5,9.0,8.15,17.95,17.55,5.3,5.5,7.1,329.0,24.75,,7.3,2.0,18.15,53.25,199.0,5.15,100.0,59.5,16.45,109.0,40.5,319.75,15.95,39.0,75.0,4.95,14.3,22.25,36.25,8.5,16.7,44.0,386.0,5.25,209.19,208.1,,159.59,8.4,2.8,116.0,,20.5,,,,,,,,,,,,,,,,,,
2015-07-13,15.25,73.0,151.0,708.0,139.0,18.0,16.0,17.9,45.0,7.7,21.0,57.5,61.5,220.0,289.0,36.0,44.75,4.0,26.85,562.0,170.0,54.5,8.95,8.1,17.65,16.9,5.3,5.5,7.0,330.0,24.5,,7.2,2.15,19.05,51.0,192.0,5.0,100.0,60.0,16.4,109.0,40.0,320.0,15.85,36.0,75.0,5.0,14.55,22.25,35.0,8.85,16.6,45.0,399.0,5.2,209.44,208.8,,159.29,8.4,2.8,115.0,,20.35,,,,,,,,,,,,,,,,,,
2015-07-14,15.3,72.5,151.0,750.0,139.0,17.8,16.0,17.8,44.25,7.55,21.0,57.5,59.75,218.0,285.0,35.5,45.0,4.0,26.55,561.0,177.0,54.5,9.0,8.1,17.6,16.55,5.3,5.5,6.95,356.0,24.25,,7.2,2.1,17.85,50.5,186.0,5.0,100.0,61.0,16.3,109.0,39.0,312.25,15.75,33.25,67.5,5.05,14.55,22.25,36.25,8.45,16.6,45.0,397.0,5.05,208.19,207.41,,158.39,8.0,2.7,116.0,,20.4,,,,,,,,,,,,,,,,,,
2015-07-15,15.15,71.5,153.0,804.0,139.0,17.0,15.9,16.9,47.0,7.35,21.0,59.5,58.75,209.0,283.0,35.5,47.25,4.0,25.25,560.0,190.0,54.0,8.95,8.05,18.0,16.25,5.3,5.5,6.85,356.0,23.5,,7.45,2.1,18.1,50.25,189.0,5.0,100.0,61.0,16.55,107.0,39.0,311.0,15.7,34.0,70.5,5.2,15.8,21.75,36.0,8.15,16.6,45.0,380.0,5.05,208.88,207.97,,158.45,8.4,2.6,115.0,,20.25,,,,,,,,,,,,,,,,,,
2015-07-16,15.05,71.5,154.0,803.0,139.0,17.2,15.65,16.75,47.0,7.45,21.0,56.0,56.75,210.0,283.0,36.0,45.25,4.1,24.45,560.0,199.0,54.0,8.7,8.1,17.85,16.35,5.3,5.5,6.85,356.0,23.5,,7.2,2.1,18.45,49.25,188.0,5.0,100.0,61.0,16.35,115.0,40.0,304.0,15.25,36.0,70.5,5.1,15.75,21.75,36.0,8.0,16.6,45.0,380.0,5.45,206.11,205.08,,156.59,8.4,2.5,115.0,,20.25,,,,,,,,,,,,,,,,,,
2015-07-17,15.1,71.0,155.0,800.0,139.0,16.9,16.0,17.0,47.0,7.05,21.0,59.5,56.0,210.0,285.0,35.5,45.0,4.1,23.7,560.0,190.0,54.5,8.85,8.1,17.85,16.0,5.3,5.5,6.75,356.0,23.5,,7.2,2.1,18.15,48.75,190.0,4.95,100.0,61.0,16.5,106.0,38.0,303.0,15.15,36.0,70.5,5.1,15.5,22.0,35.5,8.0,16.6,45.0,380.0,5.55,205.11,204.38,,155.96,8.35,2.5,115.0,,20.2,,,,,,,,,,,,,,,,,,
2015-07-20,15.0,71.0,155.0,814.0,139.0,16.45,15.8,16.8,47.0,6.9,21.0,60.0,55.5,206.0,285.0,35.0,45.0,4.35,23.35,556.0,190.0,55.5,8.6,8.05,17.95,16.2,5.3,5.5,6.75,356.0,23.5,,7.05,2.05,18.1,48.5,188.0,5.0,100.0,59.0,16.15,106.0,38.0,303.5,15.3,36.0,70.0,5.1,15.15,22.25,34.0,8.0,16.6,44.75,375.0,5.1,205.85,205.27,,156.32,8.4,2.5,114.0,,20.0,,,,,,,,,,,,,,,,,,
2015-07-21,15.05,71.5,155.0,814.0,139.0,15.8,15.7,16.45,47.0,6.65,20.75,60.0,54.25,205.0,287.0,37.25,44.75,4.0,22.9,556.0,200.0,55.5,8.6,8.15,17.85,16.4,5.3,5.5,6.5,340.0,23.0,,6.95,2.05,17.45,48.0,187.0,4.9,100.0,61.0,16.55,100.0,38.25,302.75,15.5,36.0,64.0,5.05,16.45,22.0,33.0,7.35,16.6,43.75,390.0,5.15,205.71,205.16,,156.31,8.0,2.45,111.0,,19.9,,,,,,,,,,,,,,,,,,
2015-07-22,14.95,71.0,154.0,813.0,133.0,15.55,15.45,16.4,47.0,6.3,20.75,60.0,53.25,200.0,289.0,37.0,44.5,3.95,22.0,562.0,190.0,55.5,8.35,8.15,17.25,16.35,5.3,5.5,6.5,360.0,23.0,,6.75,2.05,16.75,47.85,183.0,4.5,100.0,55.0,16.0,101.0,39.5,300.5,15.55,33.25,61.0,5.05,15.1,21.75,33.25,6.75,16.6,43.75,400.0,5.0,205.23,204.71,,155.74,8.0,2.45,106.0,,19.8,,,,,,,,,,,,,,,,,,
2015-07-23,14.2,70.0,154.0,813.0,133.0,15.3,15.25,15.4,44.75,6.1,20.75,60.0,50.75,199.0,290.0,37.0,42.5,4.0,21.85,560.0,196.0,55.0,8.35,8.3,17.2,16.15,5.3,5.5,6.6,347.0,23.0,,6.85,2.0,17.8,47.65,187.0,4.6,100.0,56.0,15.75,100.0,39.0,298.25,15.45,33.25,61.0,5.0,15.15,20.75,33.25,6.7,16.6,44.5,400.0,5.05,201.87,201.62,,154.25,8.0,2.5,106.25,,19.75,,,,,,,,,,,,,,,,,,
2015-07-24,14.45,70.5,154.0,813.0,133.0,14.3,14.8,14.05,44.75,6.35,20.5,60.0,50.0,199.0,290.0,35.0,42.0,3.9,20.9,560.0,190.0,54.5,8.25,8.1,16.9,15.8,5.3,5.5,6.9,347.0,21.0,,6.75,1.9,19.3,48.2,187.0,4.9,100.0,56.0,15.75,98.5,38.0,295.0,15.25,34.0,61.5,5.05,15.0,20.75,33.0,6.75,16.6,44.75,390.0,5.45,200.17,199.91,,153.18,8.0,2.65,106.0,,19.1,,,,,,,,,,,,,,,,,,
2015-07-27,14.3,70.5,153.0,743.0,133.0,14.95,15.15,15.1,44.75,6.5,20.5,60.0,50.5,200.0,297.0,35.0,41.5,4.05,21.75,560.0,200.0,54.0,8.25,8.1,16.45,15.85,5.3,5.5,6.95,360.0,21.0,,6.75,1.9,19.05,47.75,185.0,4.7,100.0,54.5,16.2,95.0,35.75,286.5,15.45,36.5,60.5,4.85,15.15,20.5,33.0,6.95,17.0,45.0,392.0,5.0,200.36,200.32,,153.02,7.95,2.55,106.0,,19.15,,,,,,,,,,,,,,,,,,
2015-07-28,14.4,70.5,153.0,740.0,133.0,16.05,15.2,15.9,44.75,6.6,20.5,61.5,52.0,200.0,296.0,35.0,41.0,3.7,22.8,560.0,200.0,53.5,8.55,8.0,16.55,15.95,5.3,5.5,6.8,325.0,22.5,,6.55,1.95,21.75,47.8,180.0,4.6,100.0,54.0,16.4,94.5,36.25,284.25,15.45,39.75,63.0,5.05,14.9,21.0,35.0,6.85,16.9,45.0,396.0,5.0,200.11,200.04,,153.1,8.0,2.45,106.0,,19.6,,,,,,,,,,,,,,,,,,
2015-07-29,14.15,70.5,152.0,798.0,133.0,17.6,15.6,16.3,44.75,7.0,20.5,63.5,53.5,202.0,289.0,35.0,40.75,3.8,24.05,560.0,220.0,51.5,8.55,8.05,16.4,16.05,5.3,5.5,6.8,325.0,21.75,,6.5,1.9,20.5,47.85,185.0,5.0,100.0,54.0,16.8,95.0,38.25,283.75,15.2,39.25,69.0,4.85,14.95,20.75,35.75,6.8,16.0,45.0,399.0,4.95,197.85,197.39,,152.22,7.95,2.5,106.0,,19.45,,,,,,,,,,,,,,,,,,
2015-07-30,14.35,69.0,152.0,798.0,133.0,17.2,15.7,17.75,44.75,6.8,20.25,64.0,53.5,205.0,285.0,35.0,41.0,3.85,24.0,560.0,242.0,50.5,8.5,8.0,16.3,16.05,5.3,5.5,6.25,355.0,21.5,,6.65,1.85,20.0,48.9,181.0,4.95,100.0,54.0,16.95,95.0,39.0,277.0,14.95,39.0,74.5,4.9,15.5,20.25,36.0,7.3,16.0,45.0,395.0,5.0,196.07,195.54,,148.39,8.0,2.5,106.0,,19.7,,,,,,,,,,,,,,,,,,
2015-07-31,14.05,63.0,154.0,741.0,133.0,17.45,15.65,16.95,44.75,7.0,19.75,62.5,52.25,205.0,294.0,34.5,39.25,3.9,23.1,560.0,218.0,50.0,8.45,8.0,16.5,15.95,5.3,5.5,5.7,355.0,21.75,,7.0,1.9,18.9,49.6,187.0,4.95,100.0,54.0,17.1,95.0,38.75,270.5,14.4,39.0,72.0,4.9,15.15,20.75,35.0,7.25,17.0,45.0,397.0,5.0,192.42,192.0,,148.39,7.8,2.45,106.0,,20.0,,,,,,,,,,,,,,,,,,
2015-08-03,14.1,62.0,154.0,741.0,133.0,17.2,15.6,17.0,44.75,7.45,20.0,60.5,51.75,205.0,295.0,33.0,37.75,3.8,22.35,566.0,218.0,49.0,8.4,8.15,16.15,15.75,5.3,5.5,5.45,355.0,23.0,,7.05,1.9,19.2,48.8,189.0,4.9,100.0,54.0,16.05,94.5,38.0,264.25,14.15,39.0,71.0,4.5,15.0,20.75,32.25,6.7,17.0,41.25,395.0,4.95,189.87,189.24,,147.04,7.95,2.5,110.0,,20.0,,,,,,,,,,,,,,,,,,
2015-08-04,14.2,62.0,152.0,741.0,133.0,17.2,15.55,17.3,44.75,7.6,20.25,62.5,50.0,205.0,295.0,32.5,38.75,3.75,22.2,560.0,218.0,47.0,8.3,8.35,16.35,15.8,5.3,5.5,5.35,321.0,21.0,,6.85,1.9,20.0,48.4,187.0,4.85,100.0,54.0,15.95,97.0,38.0,265.75,14.0,39.0,67.0,4.5,15.0,20.75,32.5,6.7,17.0,45.0,390.0,4.95,189.54,188.48,,146.25,7.95,2.5,106.0,,20.0,,,,,,,,,,,,,,,,,,
2015-08-05,14.2,61.0,154.0,741.0,133.0,17.15,15.85,17.05,44.75,7.55,19.65,62.0,50.75,204.0,295.0,32.75,39.25,3.7,21.5,560.0,209.0,46.0,8.4,8.45,16.5,16.05,5.5,5.5,5.1,325.0,21.25,,7.0,2.0,20.75,49.1,184.0,4.85,100.0,58.0,16.0,95.5,36.25,265.5,13.95,39.0,67.0,4.9,14.95,20.5,33.0,6.55,17.0,43.5,390.0,4.6,188.96,187.79,,145.82,7.5,2.55,106.0,,20.0,,,,,,,,,,,,,,,,,,
2015-08-06,14.2,62.0,155.0,738.0,130.0,18.0,15.5,17.25,44.75,7.6,19.6,63.5,51.0,204.0,297.0,32.75,40.0,3.6,21.0,560.0,221.0,46.0,8.35,8.45,16.45,15.95,5.5,5.5,5.2,325.0,21.0,,6.9,2.0,20.0,49.15,183.0,4.85,100.0,59.0,15.9,100.0,36.25,271.0,13.9,38.25,67.0,4.95,14.5,20.25,32.25,6.55,17.95,42.5,395.0,4.6,190.31,188.92,,146.43,7.2,2.5,106.0,,19.8,,,,,,,,,,,,,,,,,,
2015-08-07,14.35,61.0,154.0,736.0,130.0,18.2,15.45,17.45,42.0,7.65,19.8,65.0,53.25,204.0,304.0,32.75,43.25,3.9,22.75,557.0,228.0,49.25,8.25,8.55,16.55,16.0,5.5,5.5,5.25,325.0,21.25,,6.85,2.0,20.5,49.55,178.0,4.85,100.0,59.0,16.1,97.5,38.0,275.25,14.55,38.75,67.0,4.6,15.0,20.75,33.0,6.5,17.4,40.0,395.0,4.6,197.94,197.03,,150.45,7.0,2.45,106.0,,20.0,,,,,,,,,,,,,,,,,,
2015-08-10,14.4,61.5,154.0,736.0,130.0,19.55,15.35,17.35,40.5,7.7,19.9,69.0,54.0,200.0,310.0,32.75,42.75,4.05,23.5,562.0,229.0,49.5,8.3,8.7,16.65,16.2,5.5,5.5,5.5,353.0,21.25,,6.85,2.0,20.75,49.6,178.0,4.85,100.0,59.0,16.1,99.5,38.0,283.25,15.35,38.75,67.0,4.6,15.0,21.75,32.0,6.65,17.95,42.75,394.0,4.65,201.27,200.45,,153.74,7.0,2.45,106.0,,20.85,,,,,,,,,,,,,,,,,,
2015-08-11,14.6,61.5,154.0,790.0,130.0,20.0,15.1,17.0,40.5,7.85,19.5,68.5,54.5,204.0,313.0,29.75,43.0,3.8,23.7,560.0,228.0,49.5,8.25,8.95,17.4,16.2,5.5,5.5,6.0,352.0,21.75,,6.95,2.0,19.35,49.95,178.0,4.85,100.0,60.0,15.0,101.0,37.75,280.0,15.45,39.0,70.5,4.9,15.15,21.5,32.0,6.6,17.5,43.5,394.0,4.6,202.55,201.7,,154.91,7.0,2.35,106.0,,20.2,,,,,,,,,,,,,,,,,,
2015-08-12,14.85,64.5,154.0,790.0,130.0,19.65,15.0,16.95,42.0,7.75,19.6,70.5,54.0,201.0,309.0,29.75,42.5,3.6,23.6,565.0,225.0,48.75,8.3,8.6,16.85,16.45,5.5,5.5,6.0,352.0,22.0,,7.0,1.9,19.5,50.0,179.0,4.65,100.0,60.0,15.0,93.5,37.25,280.75,15.55,39.0,70.0,4.9,15.05,22.75,33.0,6.7,17.4,45.0,395.0,5.05,201.28,200.37,,154.61,7.35,2.35,106.0,,20.0,,,,,,,,,,,,,,,,,,
2015-08-13,14.8,63.5,154.0,789.0,130.0,18.8,14.95,16.95,42.0,7.7,19.7,66.5,52.25,201.0,301.0,32.5,42.0,3.35,23.55,565.0,225.0,48.25,8.3,8.7,17.9,16.45,5.5,5.5,5.9,379.0,21.25,,6.75,1.85,19.15,49.75,179.0,4.55,100.0,60.0,17.0,95.5,37.5,280.5,15.45,39.0,70.0,4.75,15.0,23.0,33.0,7.0,17.4,46.75,395.0,5.05,199.07,198.08,,153.38,7.6,2.35,106.0,,20.45,,,,,,,,,,,,,,,,,,
2015-08-14,14.55,63.5,155.0,800.0,117.0,18.0,14.7,16.9,42.0,7.75,19.5,68.5,51.5,202.0,307.0,33.0,42.0,3.55,23.8,563.0,225.0,47.5,8.25,8.5,17.6,16.65,5.5,5.5,5.95,344.0,22.0,,6.5,1.95,20.75,49.75,180.0,4.75,100.0,54.0,17.85,94.5,39.0,280.0,15.0,39.0,70.0,4.7,14.75,23.0,33.25,7.0,17.4,43.0,395.0,5.05,197.44,196.62,,152.09,7.95,2.35,106.0,,20.25,,,,,,,,,,,,,,,,,,
2015-08-17,14.45,63.0,154.0,798.0,117.0,18.0,14.35,16.9,42.0,7.75,19.55,69.0,52.0,201.0,306.0,33.0,42.0,3.65,24.6,562.0,226.0,47.25,8.2,8.65,17.95,16.55,5.5,5.5,6.0,344.0,23.0,,6.95,1.9,20.0,49.4,180.0,4.75,100.0,54.0,18.05,99.5,38.25,291.75,14.85,39.5,70.0,4.8,14.65,22.25,33.5,7.0,17.4,40.5,395.0,4.65,197.3,196.31,,152.04,7.8,2.3,108.75,,20.05,,,,,,,,,,,,,,,,,,
2015-08-18,14.05,61.5,153.0,857.0,128.0,18.2,14.4,16.9,42.0,7.65,19.55,70.0,52.0,202.0,305.0,31.75,41.75,3.65,24.9,562.0,218.0,47.0,8.2,8.65,17.9,16.55,5.5,5.5,6.0,344.0,23.0,,6.9,1.9,20.0,49.4,180.0,4.75,100.0,59.0,17.7,95.5,37.25,279.0,14.85,39.5,66.0,4.65,15.0,24.0,34.75,7.35,17.4,42.0,396.0,4.4,195.99,195.18,,151.63,7.85,2.3,109.0,,20.15,,,,,,,,,,,,,,,,,,
2015-08-19,14.0,60.0,155.0,829.0,130.0,18.3,14.45,16.9,41.75,7.5,19.55,70.0,53.25,202.0,301.0,33.0,40.75,3.65,24.4,560.0,218.0,46.5,8.2,8.7,17.7,16.55,5.5,5.5,6.1,343.0,22.5,,6.5,1.9,19.0,49.4,179.0,4.55,100.0,59.0,17.65,95.0,37.25,274.5,15.0,39.75,66.0,4.6,15.0,22.0,32.0,7.4,17.4,43.5,395.0,4.4,194.66,193.81,,151.01,7.55,2.25,110.0,,20.45,,,,,,,,,,,,,,,,,,
2015-08-20,13.95,60.0,155.0,780.0,126.0,18.0,14.35,16.1,41.75,7.55,19.6,69.5,52.25,202.0,299.0,33.0,40.0,3.55,23.15,564.0,218.0,46.5,8.2,8.7,18.0,16.5,5.5,5.5,6.0,343.0,21.75,,6.5,1.85,19.1,49.15,179.0,4.65,100.0,55.0,17.6,95.5,37.25,266.5,15.1,39.75,67.5,4.55,14.9,22.0,32.5,7.45,17.4,41.25,400.0,4.25,193.9,192.97,,150.42,7.0,2.2,115.0,,20.45,,,,,,,,,,,,,,,,,,
2015-08-21,13.85,59.0,153.0,829.0,126.0,17.95,14.3,15.7,40.0,7.35,19.55,67.0,52.0,202.0,295.0,32.5,40.0,3.45,23.45,560.0,218.0,46.0,8.15,8.45,18.0,16.0,5.5,5.5,6.1,345.0,21.75,,6.5,1.9,19.1,49.2,178.0,4.5,100.0,57.0,17.45,96.0,37.25,257.5,15.0,39.0,67.0,4.2,14.95,21.75,34.0,7.5,17.4,41.75,399.0,4.4,192.44,191.57,,149.66,7.0,2.2,115.0,,20.8,,,,,,,,,,,,,,,,,,
2015-08-24,13.85,57.5,154.0,753.0,128.0,17.65,14.1,16.6,40.0,7.1,19.05,69.5,52.0,203.0,290.0,32.75,39.75,3.4,23.5,559.0,239.0,45.5,8.0,8.2,17.95,15.6,5.5,5.5,6.0,345.0,21.75,,6.5,1.85,18.6,48.85,179.0,4.65,100.0,57.0,17.55,95.0,38.0,256.75,14.35,39.75,67.0,4.35,14.8,22.0,33.0,7.45,17.4,45.5,400.0,4.4,188.75,187.94,,146.4,7.4,2.05,115.0,,20.1,,,,,,,,,,,,,,,,,,
2015-08-25,13.55,53.0,154.0,747.0,117.0,16.85,14.25,16.95,40.0,6.8,18.2,70.0,51.0,201.0,281.0,31.75,39.0,3.4,22.85,550.0,219.0,44.75,7.95,8.45,17.45,15.25,5.5,5.5,5.95,343.0,22.0,,6.5,1.85,18.25,47.4,178.0,4.9,100.0,55.0,17.85,90.0,36.5,244.25,13.95,39.75,66.0,4.05,14.0,21.75,33.25,7.45,17.0,45.0,400.0,4.4,183.66,183.15,,142.8,7.0,2.15,115.0,,20.0,,,,,,,,,,,,,,,,,,
2015-08-26,13.15,52.0,152.0,746.0,117.0,16.4,14.0,16.55,40.0,6.8,18.1,69.5,49.95,201.0,270.0,31.5,38.25,3.4,21.8,546.0,215.0,43.5,7.9,8.45,17.5,14.85,5.5,5.5,5.85,343.0,22.0,,6.55,1.8,17.2,44.5,174.0,4.9,100.0,54.5,17.75,89.5,36.0,241.25,13.45,39.75,66.0,4.05,14.0,21.5,32.25,7.75,17.0,40.75,400.0,4.3,178.91,178.23,,139.43,7.1,2.15,115.0,,20.0,,,,,,,,,,,,,,,,,,
2015-08-27,12.85,50.0,155.0,739.0,116.0,15.35,13.75,16.55,40.0,6.6,17.75,67.5,47.1,199.0,265.0,31.5,36.75,3.4,21.1,546.0,215.0,43.0,7.5,8.45,16.9,14.35,5.5,5.5,5.65,342.0,21.75,,6.55,1.85,16.9,42.45,172.0,4.85,100.0,53.5,17.8,90.0,35.75,236.25,13.5,38.0,65.5,4.4,14.0,21.0,32.25,8.0,17.0,41.5,400.0,4.3,175.28,174.92,,162.75,7.0,2.0,110.0,,19.9,,,,,,,,,,,,,,,,,,
2015-08-28,12.85,49.25,154.0,746.0,117.0,16.0,13.0,16.45,40.0,6.7,17.7,70.0,48.15,195.0,270.0,30.0,38.5,3.3,20.35,540.0,214.0,43.75,7.5,8.45,16.6,14.8,5.5,5.5,5.7,342.0,21.0,,6.6,1.8,17.35,42.5,165.0,4.9,100.0,54.0,17.85,90.0,33.25,235.75,14.15,38.0,65.5,4.05,14.0,20.25,32.25,8.15,17.5,40.25,398.0,4.3,180.05,179.73,,140.18,7.0,2.05,109.5,,20.0,,,,,,,,,,,,,,,,,,
2015-08-31,13.0,49.75,154.0,816.0,117.0,16.6,11.85,16.1,40.0,6.75,18.25,69.5,48.35,199.0,275.0,30.0,40.5,3.3,20.4,540.0,214.0,44.0,7.9,8.45,16.6,15.75,5.5,5.5,5.65,342.0,21.0,,6.55,1.8,17.85,43.05,165.0,4.5,100.0,50.0,17.6,90.0,33.25,233.25,14.35,38.0,66.0,4.05,13.9,19.0,31.5,8.5,17.5,41.75,398.0,4.3,184.23,183.59,,142.8,7.0,2.0,109.75,,20.85,,,,,,,,,,,,,,,,,,
2015-09-01,12.95,48.5,160.0,753.0,117.0,17.05,11.1,16.45,39.0,6.75,18.0,70.0,49.55,200.0,275.0,31.5,41.5,3.2,21.3,540.0,193.0,44.0,8.15,8.45,16.85,15.4,5.5,5.5,5.65,342.0,21.0,,6.7,1.8,17.95,43.65,165.0,4.45,100.0,54.0,17.1,89.5,31.0,230.25,14.6,34.5,67.5,4.35,14.15,19.15,30.25,8.5,17.5,41.0,398.0,4.3,185.57,185.0,,143.12,7.0,1.95,107.25,,20.2,,,,,,,,,,,,,,,,,,
2015-09-02,12.95,48.0,161.0,691.0,117.0,17.2,12.15,16.45,39.0,6.8,17.95,70.0,49.8,200.0,274.0,31.5,41.5,2.95,21.3,500.0,180.0,43.5,8.1,8.4,16.85,14.8,5.5,5.5,5.65,342.0,20.0,,6.75,1.8,17.9,44.5,163.0,4.3,100.0,54.0,16.5,90.0,33.0,227.5,14.6,37.5,68.0,4.05,14.15,19.15,32.0,8.55,19.25,41.0,398.0,4.3,185.0,184.45,,143.12,6.8,1.95,107.5,,20.15,,,,,,,,,,,,,,,,,,
2015-09-03,13.1,47.75,165.0,750.0,125.0,17.1,12.0,15.9,39.0,6.75,18.0,68.5,49.95,200.0,274.0,30.0,41.5,2.85,21.85,501.0,180.0,44.0,8.3,8.2,17.05,14.85,5.5,5.5,5.65,310.0,20.75,,6.75,1.75,17.2,44.65,162.0,4.0,100.0,54.0,15.2,90.0,35.0,227.75,15.2,37.5,67.0,4.05,14.95,19.15,32.0,8.65,19.2,41.5,399.0,4.05,187.08,186.61,,144.95,6.6,1.95,107.0,,20.0,,,,,,,,,,,,,,,,,,
2015-09-04,13.0,49.25,167.0,676.0,125.0,16.6,12.3,15.85,39.0,6.75,18.0,70.0,50.0,200.0,277.0,30.0,41.75,3.05,21.4,508.0,180.0,45.0,8.15,8.25,17.05,15.0,5.5,5.5,5.6,310.0,21.0,,6.95,1.75,18.15,45.9,162.0,4.05,100.0,53.5,15.2,89.5,33.75,234.0,14.85,37.5,67.0,4.25,14.9,18.55,32.0,9.35,19.2,41.5,389.0,4.3,187.16,186.83,,144.04,6.7,1.95,107.5,,20.0,,,,,,,,,,,,,,,,,,
2015-09-07,13.0,49.75,170.0,742.0,125.0,16.55,11.95,15.8,39.0,6.7,18.0,70.0,51.75,200.0,280.0,30.0,42.25,2.8,21.5,495.0,198.0,46.25,8.4,8.3,17.15,15.25,5.5,5.5,5.65,310.0,20.75,,6.85,1.75,17.9,46.45,162.0,4.05,100.0,54.0,15.2,91.5,33.0,243.5,14.6,37.5,67.0,4.1,14.95,20.0,30.25,9.9,19.2,40.75,389.0,4.5,188.49,188.23,,145.11,6.5,1.95,118.5,,20.0,,,,,,,,,,,,,,,,,,
2015-09-08,12.85,49.0,170.0,756.0,125.0,16.75,11.6,15.8,39.0,6.65,18.15,68.5,52.25,204.0,282.0,30.0,43.0,2.95,21.8,495.0,217.0,46.5,8.4,8.45,17.65,15.25,5.5,5.5,5.95,310.0,21.75,,7.15,1.75,17.8,46.8,161.0,4.3,100.0,53.5,15.05,89.5,34.0,243.75,14.6,37.5,67.5,4.15,14.9,19.3,31.25,9.65,17.5,40.75,389.0,4.5,189.51,189.32,,145.64,7.0,1.95,121.5,,20.6,,,,,,,,,,,,,,,,,,
2015-09-09,12.95,49.0,170.0,756.0,125.0,16.95,11.65,15.85,39.0,6.9,18.05,63.5,53.75,204.0,286.0,30.0,44.25,3.05,21.4,495.0,200.0,46.0,8.3,8.5,17.5,15.2,5.5,5.5,5.85,282.0,22.0,,7.45,1.85,18.25,46.2,163.0,4.25,100.0,53.5,15.0,90.0,33.25,241.25,14.4,37.5,66.0,4.3,14.8,19.85,32.0,9.5,17.45,41.5,389.0,4.05,190.67,190.29,,145.51,6.95,1.95,119.5,,20.7,,,,,,,,,,,,,,,,,,
2015-09-10,12.9,50.0,170.0,760.0,124.0,17.15,11.35,15.9,39.0,7.15,18.1,61.5,50.75,200.0,298.0,30.0,45.25,3.05,22.65,495.0,200.0,46.25,8.25,8.5,17.6,15.25,5.5,5.5,5.8,295.0,21.75,,7.55,1.95,17.15,46.25,160.0,4.25,100.0,53.5,15.0,89.0,32.0,246.75,14.4,37.5,66.5,4.3,14.9,20.5,32.5,9.5,16.0,42.25,389.0,4.45,192.63,192.45,,146.19,7.15,1.9,116.75,,20.5,,,,,,,,,,,,,,,,,,
2015-09-11,12.85,48.5,171.0,760.0,124.0,17.1,11.65,15.9,39.0,7.15,18.15,56.5,51.25,204.0,299.0,29.75,44.75,3.0,22.4,495.0,200.0,46.0,8.2,8.6,17.9,15.2,5.5,5.5,5.75,310.0,21.25,,7.5,1.9,17.5,44.85,160.0,4.15,100.0,55.0,15.0,89.0,32.0,246.0,14.55,34.5,66.0,4.2,14.9,19.9,32.5,8.95,16.0,40.0,370.0,4.7,192.46,192.23,,,7.8,1.9,117.0,,20.7,,,,,,,,,,,,,,,,,,
2015-09-14,12.85,48.75,171.0,800.0,120.0,17.2,11.6,15.85,42.0,7.15,18.2,55.5,51.75,200.0,297.0,30.0,46.25,3.0,22.1,514.0,200.0,46.25,8.15,8.65,17.55,15.3,5.5,5.5,5.65,330.0,21.75,,7.5,2.0,17.0,45.2,161.0,4.2,100.0,55.0,14.95,89.5,32.0,245.5,14.7,34.5,66.0,4.3,14.6,19.9,32.5,8.95,16.0,40.5,370.0,4.4,194.4,194.06,,147.58,7.7,1.85,116.0,,20.3,,,,,,,,,,,,,,,,,,
2015-09-15,12.85,48.25,171.0,795.0,120.0,17.4,11.95,16.25,42.0,7.1,18.25,58.0,51.75,201.0,298.0,30.0,47.5,3.0,22.0,514.0,182.0,46.25,8.15,8.7,17.95,15.25,5.5,5.5,5.55,297.0,22.0,,7.35,1.9,18.1,44.65,159.0,4.2,100.0,53.0,15.55,90.0,32.25,244.75,15.15,34.0,65.5,4.3,14.6,19.95,31.5,9.5,16.0,41.0,345.0,4.35,196.94,196.64,,149.14,7.0,1.85,116.0,,20.2,,,,,,,,,,,,,,,,,,
2015-09-16,12.95,48.0,171.0,795.0,120.0,17.7,11.95,16.1,39.0,7.1,18.4,55.5,51.75,201.0,300.0,30.0,47.75,3.0,21.9,509.0,182.0,46.5,8.3,8.5,18.4,15.45,5.5,5.5,5.5,326.0,21.5,,7.1,1.9,17.55,44.05,156.0,4.25,100.0,50.0,16.7,89.5,31.5,240.25,14.95,34.0,60.0,4.25,14.0,19.8,30.25,9.95,16.0,41.0,335.0,4.3,197.25,196.86,,148.68,7.45,1.85,116.0,,21.05,,,,,,,,,,,,,,,,,,
2015-09-17,12.95,47.0,173.0,757.0,120.0,17.4,11.55,16.15,40.0,7.1,18.5,55.5,51.75,201.0,299.0,30.0,45.5,3.05,22.0,510.0,182.0,46.75,8.35,8.65,18.8,15.65,5.5,5.5,5.65,343.0,21.0,,7.05,1.95,17.0,43.8,155.0,4.4,100.0,50.0,16.6,90.0,31.5,239.5,15.0,34.0,65.5,4.1,14.5,19.2,30.25,10.0,17.5,41.0,334.0,4.3,195.48,195.29,,148.28,7.2,1.8,116.0,,21.9,,,,,,,,,,,,,,,,,,
2015-09-18,12.9,47.25,178.0,751.0,124.0,17.5,11.5,16.25,40.0,7.05,18.6,57.0,52.25,200.0,294.0,30.0,44.75,3.1,22.0,507.0,182.0,47.75,8.25,8.7,18.4,15.75,5.5,5.5,5.55,343.0,20.75,,7.35,1.9,17.0,43.8,156.0,4.55,100.0,50.0,16.3,90.0,31.5,233.75,14.7,34.0,65.0,4.25,14.0,19.2,30.0,9.95,17.5,42.0,334.0,4.7,194.21,194.03,,147.19,7.05,1.8,115.0,,20.55,,,,,,,,,,,,,,,,,,
2015-09-21,13.0,46.75,180.0,746.0,124.0,17.35,12.0,16.25,40.0,7.05,18.55,57.5,52.75,199.0,291.0,30.0,44.25,3.0,21.75,500.0,199.0,47.0,8.4,8.7,18.7,15.9,5.5,5.5,5.6,343.0,21.0,,7.0,1.9,17.75,43.65,154.0,4.85,100.0,55.0,16.0,91.5,32.75,232.75,14.9,34.0,65.0,4.1,12.8,19.8,30.0,10.05,17.5,42.0,367.0,4.7,193.67,193.37,,147.27,7.65,1.8,110.5,,20.65,,,,,,,,,,,,,,,,,,
2015-09-22,13.05,45.5,179.0,750.0,123.0,17.1,11.6,15.55,40.0,7.0,18.5,60.5,52.5,199.0,290.0,29.75,45.25,3.05,21.55,500.0,199.0,47.0,8.35,8.7,18.7,16.0,5.5,5.5,5.7,343.0,21.0,,7.0,1.9,17.4,42.95,145.0,4.75,100.0,55.0,15.95,90.0,31.25,227.75,15.0,34.0,66.0,4.15,12.8,19.55,29.5,10.4,17.25,41.5,367.0,4.6,194.49,194.22,,147.29,7.6,1.75,110.0,,20.5,,,,,,,,,,,,,,,,,,
2015-09-23,13.0,44.0,175.0,750.0,123.0,17.05,11.35,14.25,40.0,7.0,18.3,59.5,53.0,199.0,290.0,30.0,45.75,3.0,21.8,500.0,199.0,47.25,8.3,8.7,18.65,15.95,5.5,5.5,5.7,343.0,21.25,,7.05,1.9,16.9,43.45,150.0,4.45,100.0,53.0,15.75,90.0,31.25,229.75,15.1,34.0,66.5,4.0,12.75,19.45,29.0,10.15,17.25,40.75,336.0,4.6,195.09,194.81,,147.29,7.15,1.7,109.0,,20.9,,,,,,,,,,,,,,,,,,
2015-09-24,13.1,43.25,175.0,750.0,123.0,16.85,11.15,14.25,40.0,7.0,18.35,58.0,53.0,199.0,295.0,30.0,46.25,3.0,23.05,502.0,199.0,48.0,8.2,8.7,18.5,15.85,5.5,5.5,5.7,343.0,21.75,,7.0,1.85,16.7,43.55,147.0,4.4,100.0,53.0,15.95,92.0,32.75,230.0,15.15,31.25,66.5,4.0,13.5,19.35,28.75,10.1,17.25,42.0,369.0,4.6,196.66,196.55,,148.3,7.6,1.8,107.0,,20.95,,,,,,,,,,,,,,,,,,
2015-09-25,13.15,43.0,169.0,799.0,115.0,16.95,11.55,15.3,40.0,6.95,18.4,61.5,52.75,200.0,290.0,30.0,46.25,2.95,22.8,502.0,199.0,48.75,8.25,8.75,19.0,15.85,5.5,5.5,5.65,343.0,21.75,,6.65,1.9,16.85,43.5,147.0,4.4,100.0,53.0,15.95,92.0,32.0,224.25,15.15,34.0,67.0,4.1,13.5,18.5,28.25,10.0,17.25,41.0,369.0,4.6,196.66,196.67,,148.32,7.0,1.75,107.0,,21.1,,,,,,,,,,,,,,,,,,
2015-09-28,13.1,42.0,169.0,788.0,115.0,16.95,11.5,15.1,40.0,7.1,18.45,61.5,52.75,200.0,287.0,30.0,45.5,3.1,22.85,502.0,183.0,49.0,8.35,8.8,18.6,15.8,5.5,5.5,5.65,343.0,21.75,,6.4,1.9,16.75,43.75,146.0,4.4,100.0,53.0,15.85,90.0,31.75,225.5,15.2,34.0,67.0,4.05,13.5,19.8,28.25,10.1,17.25,41.0,369.0,4.6,196.0,196.05,,148.1,7.55,1.75,107.0,,20.7,,,,,,,,,,,,,,,,,,
2015-09-29,13.05,43.25,169.0,788.0,123.0,16.75,11.45,15.0,40.0,7.0,18.3,61.0,52.25,200.0,281.0,30.0,44.5,3.05,22.5,502.0,198.0,47.75,8.3,8.85,18.95,15.95,5.5,5.5,5.65,310.0,21.25,,6.2,1.9,16.9,43.55,146.0,4.4,100.0,50.0,16.35,89.0,31.0,228.25,15.1,34.0,65.0,4.05,13.6,18.75,30.25,10.4,17.35,41.0,370.0,4.2,193.2,193.13,,146.86,7.6,1.75,107.25,,20.95,,,,,,,,,,,,,,,,,,
2015-09-30,13.15,43.5,168.0,817.0,123.0,16.5,11.3,14.95,40.0,7.05,18.2,64.0,52.25,200.0,279.0,29.5,45.0,3.05,22.45,504.0,198.0,47.0,8.35,8.85,19.05,15.75,5.5,5.5,5.5,315.0,21.0,,6.25,1.85,16.8,43.1,144.0,4.35,100.0,50.0,16.35,87.0,30.0,231.75,15.2,34.0,65.0,4.1,13.6,19.15,29.5,10.05,17.35,43.0,361.0,4.2,192.96,192.72,,146.92,7.0,1.8,107.0,,21.4,,,,,,,,,,,,,,,,,,
2015-10-01,13.05,43.5,167.0,817.0,123.0,16.5,11.25,14.95,40.0,7.1,18.15,64.5,51.75,200.0,277.0,30.0,44.75,3.0,22.25,504.0,198.0,45.5,8.4,8.95,18.95,15.55,5.5,5.5,5.55,315.0,21.5,,6.2,1.8,16.95,43.0,144.0,4.35,100.0,50.0,15.5,90.0,29.75,230.0,14.95,34.5,64.5,4.0,13.6,19.3,28.5,10.0,17.35,43.75,349.0,4.2,191.03,190.52,,145.65,7.0,1.8,107.0,,21.1,,,,,,,,,,,,,,,,,,
2015-10-02,13.05,42.75,167.0,817.0,115.0,16.4,11.1,15.0,40.0,7.05,18.05,61.5,50.0,199.0,274.0,28.0,44.75,2.95,21.75,509.0,198.0,43.75,8.35,8.9,18.95,15.45,5.5,5.5,5.55,315.0,20.0,,6.35,1.8,16.75,42.65,144.0,4.75,100.0,50.0,16.2,90.0,27.5,227.0,14.45,34.0,64.5,4.05,13.6,19.75,28.5,9.6,17.35,43.0,349.0,4.2,187.96,187.16,,143.16,7.45,1.8,104.25,,20.65,,,,,,,,,,,,,,,,,,
2015-10-05,12.95,41.0,167.0,799.0,115.0,15.75,10.45,15.25,40.0,6.95,17.95,63.5,50.25,200.0,271.0,28.0,45.0,2.95,21.95,509.0,182.0,44.25,8.35,8.95,18.1,15.15,5.5,5.5,5.5,315.0,21.0,,6.3,1.85,16.5,42.4,144.0,4.95,100.0,50.0,15.0,90.0,29.25,230.75,14.6,32.75,64.0,4.0,13.55,19.65,28.75,9.95,17.35,43.25,349.0,4.2,188.08,187.54,,143.42,6.95,1.8,104.0,,20.7,,,,,,,,,,,,,,,,,,
2015-10-07,12.9,39.75,166.0,758.0,112.0,15.75,10.85,15.0,40.0,6.9,18.05,62.5,49.6,200.0,266.0,28.0,44.75,3.0,21.8,508.0,182.0,45.0,8.25,9.0,18.15,15.15,5.5,5.5,5.5,320.0,20.0,,6.1,1.9,17.15,41.75,143.0,4.75,100.0,50.0,16.0,90.5,29.5,227.0,14.65,31.5,62.0,3.9,13.2,19.75,28.75,10.05,17.35,43.0,370.0,4.2,187.58,187.18,,,7.0,1.75,104.0,,20.75,,,,,,,,,,,,,,,,,,
2015-10-08,12.75,39.75,157.0,758.0,112.0,15.7,10.95,14.9,40.0,6.8,17.55,63.5,49.8,200.0,266.0,28.0,45.0,3.0,22.0,504.0,182.0,44.75,8.25,9.0,19.05,14.95,5.5,5.5,5.4,320.0,21.75,,6.35,1.85,16.95,41.05,143.0,4.65,100.0,50.0,16.0,90.0,29.0,226.25,14.7,34.0,62.5,3.9,14.5,19.7,28.5,10.0,17.35,42.0,396.0,4.2,187.38,187.05,,,6.95,1.75,103.0,,21.5,,,,,,,,,,,,,,,,,,
2015-10-09,12.65,39.5,157.0,764.0,117.0,15.85,10.8,14.35,40.0,6.9,17.4,60.0,49.9,200.0,260.0,27.75,45.0,3.0,22.3,496.0,182.0,44.0,8.2,9.0,19.15,14.9,5.5,5.5,5.45,320.0,21.5,,6.25,1.85,16.5,41.4,144.0,4.5,100.0,48.75,16.1,90.0,26.75,221.75,14.8,32.0,62.5,3.85,14.45,19.7,28.5,10.0,17.35,42.0,396.0,4.55,186.47,186.0,,,7.0,1.7,101.25,,20.85,,,,,,,,,,,,,,,,,,
2015-10-12,12.35,39.0,152.0,767.0,117.0,15.75,10.55,14.7,40.0,6.8,17.1,60.0,49.75,199.0,256.0,27.75,44.5,2.95,22.75,468.0,182.0,43.25,8.3,9.0,19.15,14.9,5.5,5.5,5.45,310.0,19.75,,6.25,1.85,16.85,41.0,140.0,4.65,100.0,50.0,16.95,90.0,26.25,218.5,14.95,32.0,62.5,3.9,14.35,19.7,28.5,10.0,17.35,42.0,396.0,4.55,185.11,184.72,,,7.0,1.75,96.0,,20.65,,,,,,,,,,,,,,,,,,
2015-10-13,12.3,38.0,155.0,771.0,117.0,15.5,10.9,14.65,40.0,6.7,16.65,60.0,49.35,194.0,254.0,27.5,43.25,3.0,21.95,450.0,182.0,42.25,9.95,8.95,19.25,15.0,5.5,5.5,5.4,312.0,19.05,,6.0,1.8,16.5,38.35,139.0,4.5,98.0,50.0,16.8,89.0,25.0,206.75,15.0,32.0,62.0,3.8,14.3,19.75,28.0,10.0,17.35,40.25,396.0,4.55,183.48,182.94,,,6.7,1.65,96.0,,20.65,,,,,,,,,,,,,,,,,,
2015-10-14,11.85,37.5,152.0,779.0,117.0,14.95,10.65,14.65,40.0,6.5,16.0,60.0,48.6,193.0,253.0,26.0,40.0,2.95,20.95,425.0,182.0,40.25,9.35,9.0,19.25,15.15,5.5,5.5,5.35,310.0,19.0,,5.95,1.75,16.5,35.75,139.0,4.9,98.0,50.0,16.2,88.0,23.0,200.0,14.7,30.0,62.5,3.65,13.2,19.7,29.5,10.0,16.0,40.0,389.0,4.55,176.94,176.46,,,7.0,1.7,100.0,,20.95,,,,,,,,,,,,,,,,,,
2015-10-15,11.8,36.25,152.0,769.0,117.0,14.75,10.45,14.5,39.75,6.45,16.45,63.5,47.9,190.0,253.0,26.0,41.0,2.95,20.85,387.0,182.0,41.25,9.15,8.95,19.5,15.1,5.5,5.5,5.3,310.0,19.0,,5.45,1.7,16.3,38.55,137.0,4.6,98.0,50.0,16.25,90.0,23.75,195.0,14.4,30.0,64.0,3.6,13.2,19.65,29.5,9.95,16.0,39.0,389.0,4.55,177.66,177.21,,135.71,7.0,1.65,100.0,,21.95,,,,,,,,,,,,,,,,,,
2015-10-16,11.9,36.75,154.0,796.0,117.0,14.6,10.6,14.4,40.0,6.45,16.6,60.0,46.75,191.0,253.0,26.0,41.0,2.95,20.85,418.0,182.0,41.75,9.05,8.95,20.0,15.25,5.5,5.5,5.3,309.0,20.0,,5.45,1.7,16.1,39.0,137.0,4.7,98.0,50.0,16.45,89.5,24.75,204.0,14.55,30.0,62.5,3.5,13.7,19.65,28.0,9.45,16.0,37.25,389.0,4.55,178.48,178.03,,136.94,6.8,1.6,100.0,,22.4,,,,,,,,,,,,,,,,,,
2015-10-19,12.1,37.5,154.0,786.0,117.0,14.95,10.6,14.35,43.75,6.5,17.0,61.0,47.05,192.0,253.0,25.5,41.25,2.9,21.65,401.0,182.0,42.5,9.05,9.0,19.85,15.95,5.5,5.5,5.3,300.0,19.75,,5.5,1.75,15.7,39.95,136.0,4.5,98.0,49.0,16.15,90.0,25.25,203.75,14.75,30.0,62.5,3.5,14.0,19.7,28.0,9.05,16.0,37.5,389.0,4.3,180.57,180.04,,138.01,6.6,1.55,99.25,,23.75,,,,,,,,,,,,,,,,,,
2015-10-21,12.15,37.25,155.0,765.0,115.0,15.0,10.65,14.4,43.75,6.15,17.15,61.0,47.0,192.0,260.0,25.5,41.5,3.05,21.5,401.0,175.0,42.5,8.85,9.0,20.9,15.9,5.5,5.5,5.3,300.0,19.9,,5.35,1.65,15.05,39.5,135.0,4.75,98.0,49.0,16.15,86.0,24.0,201.0,15.0,30.0,63.0,3.5,14.0,20.0,28.0,9.3,17.0,36.75,389.0,4.3,181.93,181.54,,138.96,6.5,1.5,100.0,,23.95,,,,,,,,,,,,,,,,,,
2015-10-22,12.6,37.25,160.0,765.0,115.0,15.25,10.2,14.05,39.5,6.4,17.15,61.5,46.55,192.0,269.0,25.5,41.25,2.8,21.0,402.0,175.0,41.75,8.8,8.95,21.2,15.8,5.5,5.5,5.35,300.0,19.55,,5.35,1.55,15.2,38.55,135.0,4.9,98.0,45.0,16.45,86.5,24.5,201.0,14.95,30.0,65.0,3.55,14.0,19.65,28.25,9.3,17.0,35.5,389.0,4.0,182.59,182.02,,139.43,6.5,1.55,100.0,,23.95,,,,,,,,,,,,,,,,,,
2015-10-23,12.6,37.0,160.0,765.0,115.0,16.25,10.35,14.2,39.5,6.4,17.0,61.0,46.4,192.0,270.0,25.5,41.0,2.85,20.95,410.0,175.0,41.75,8.65,8.85,20.95,15.75,5.5,5.5,5.35,330.0,19.6,,5.2,1.65,14.95,38.1,137.0,4.75,98.0,45.0,16.8,89.0,25.0,201.0,14.95,28.0,65.0,3.55,14.0,19.65,28.25,9.4,17.0,36.0,351.0,4.0,182.46,181.87,,139.54,6.1,1.55,101.0,,23.95,,,,,,,,,,,,,,,,,,
2015-10-26,12.55,36.75,157.0,768.0,115.0,16.5,10.3,14.7,39.5,6.45,16.85,61.5,46.3,192.0,270.0,25.75,41.25,2.75,20.75,410.0,179.0,41.75,8.6,8.9,20.95,15.85,5.5,5.5,5.3,330.0,20.5,,4.7,1.6,14.9,39.0,137.0,4.55,98.0,45.0,16.45,87.0,25.0,203.0,14.5,28.0,65.0,3.55,14.0,19.6,28.0,9.0,17.0,37.0,351.0,4.0,181.31,180.69,,138.28,6.05,1.55,100.0,,23.9,,,,,,,,,,,,,,,,,,
2015-10-27,12.7,36.75,160.0,768.0,115.0,16.05,10.45,14.5,39.5,6.3,16.8,61.5,46.05,189.0,271.0,26.0,41.0,2.9,20.25,410.0,179.0,41.0,8.7,8.7,20.9,15.75,5.5,5.5,5.35,330.0,20.75,,4.95,1.6,15.0,38.5,133.0,4.55,98.0,45.0,16.45,85.0,24.5,202.0,14.5,28.0,64.0,3.45,14.0,18.35,27.25,9.4,17.0,36.75,360.0,4.2,180.42,179.79,,137.86,5.95,1.5,100.0,,24.0,,,,,,,,,,,,,,,,,,
2015-10-28,12.65,37.0,160.0,784.0,115.0,16.0,10.35,14.1,39.5,6.4,16.95,61.5,44.3,190.0,272.0,26.0,41.0,2.7,20.35,448.0,179.0,40.5,8.75,8.5,20.5,15.55,5.5,5.5,5.3,330.0,19.1,,4.9,1.65,14.95,37.45,134.0,4.5,98.0,45.0,16.45,87.0,24.25,200.5,14.5,29.5,64.0,3.45,14.0,19.0,26.75,9.25,17.0,36.75,357.0,4.2,180.26,179.58,,137.99,6.1,1.5,97.0,,23.95,,,,,,,,,,,,,,,,,,
2015-10-29,12.65,36.25,160.0,769.0,110.0,15.95,10.35,14.25,39.5,6.4,16.95,62.5,42.55,190.0,274.0,25.75,44.75,2.5,20.7,414.0,179.0,40.5,8.75,8.65,20.5,15.55,5.5,5.5,5.25,300.0,19.1,,4.75,1.6,15.8,37.1,134.0,4.45,98.0,45.0,15.8,81.0,24.0,200.0,14.4,29.5,64.0,3.45,14.0,19.0,26.0,9.2,17.1,34.25,357.0,4.2,182.92,182.23,,138.07,5.75,1.5,97.0,,23.05,,,,,,,,,,,,,,,,,,
2015-10-30,12.65,36.0,160.0,768.0,110.0,15.95,10.35,14.1,39.5,6.3,16.9,62.5,42.3,189.0,275.0,25.5,41.75,2.65,20.5,420.0,175.0,40.25,8.7,8.7,19.65,15.0,5.5,5.5,5.35,300.0,19.45,,4.8,1.6,15.8,38.95,135.0,4.2,98.0,45.0,15.65,84.5,23.75,201.25,14.35,29.25,63.0,3.55,13.4,18.75,25.5,9.2,17.1,35.5,357.0,4.3,179.96,179.43,,137.28,5.75,1.5,100.0,,23.05,,,,,,,,,,,,,,,,,,
2015-11-02,12.7,36.75,160.0,770.0,100.0,15.95,10.35,14.25,39.75,6.4,16.9,64.0,42.25,190.0,275.0,25.5,41.75,2.55,20.5,420.0,175.0,39.75,8.55,8.15,20.15,14.0,5.5,5.5,5.25,300.0,19.95,,4.55,1.5,16.2,39.35,135.0,4.0,98.0,45.0,16.35,81.5,25.5,202.25,14.35,32.0,63.0,3.5,12.1,17.25,25.25,8.9,17.1,35.5,357.0,4.3,178.81,178.36,,136.93,6.3,1.45,98.0,,23.85,,,,,,,,,,,,,,,,,,
2015-11-03,12.65,35.5,168.0,770.0,100.0,15.75,10.5,14.25,39.75,6.5,16.9,65.0,42.05,190.0,279.0,25.5,41.5,2.75,20.55,424.0,175.0,38.75,8.6,8.1,20.6,13.4,5.5,5.5,5.25,300.0,19.1,,4.95,1.55,15.45,39.05,135.0,4.1,98.0,45.0,16.0,82.0,24.0,203.5,14.45,29.75,61.5,3.65,12.1,17.25,25.75,8.75,17.1,35.0,359.0,4.3,178.45,177.99,,137.27,6.3,1.45,99.5,,23.8,,,,,,,,,,,,,,,,,,
2015-11-04,12.5,35.0,168.0,779.0,100.0,15.3,10.45,14.9,39.75,6.55,16.95,65.0,41.85,190.0,275.0,25.5,41.5,2.95,20.8,424.0,175.0,39.75,8.55,8.45,20.0,13.0,5.5,5.5,5.25,300.0,19.55,,4.75,1.55,14.8,39.05,134.0,4.2,98.0,45.0,16.0,81.0,24.5,209.0,14.3,29.5,60.5,3.75,13.2,17.25,25.5,8.4,17.1,35.5,359.0,4.3,177.95,177.71,,136.89,6.0,1.45,98.5,,25.95,,,,,,,,,,,,,,,,,,
2015-11-05,12.65,34.25,173.0,780.0,100.0,15.15,10.35,14.55,39.75,6.5,17.0,63.0,42.15,190.0,275.0,25.75,41.5,2.95,20.55,430.0,175.0,40.5,8.65,8.45,21.0,13.55,5.5,5.5,5.25,300.0,19.0,,4.55,1.65,15.85,39.75,135.0,4.5,98.0,46.0,16.0,86.0,24.75,208.75,14.95,29.0,60.5,3.7,13.2,18.9,27.0,8.25,17.1,35.75,359.0,4.25,180.86,180.59,,139.42,6.1,1.45,98.5,,26.05,,,,,,,,,,,,,,,,,,
2015-11-06,12.65,34.0,165.0,784.0,100.0,15.0,10.35,14.95,39.75,6.5,17.1,63.0,41.55,195.0,276.0,25.75,41.75,2.95,21.05,430.0,175.0,42.5,8.9,8.45,20.55,13.85,5.5,5.5,5.15,329.0,18.85,,4.75,1.55,16.25,40.8,134.0,4.35,98.0,46.0,16.15,87.0,24.5,207.0,15.05,29.0,60.5,3.35,12.15,18.9,27.0,8.55,17.1,36.0,359.0,3.9,182.5,182.55,,139.42,6.3,1.4,97.5,,27.1,,,,,,,,,,,,,,,,,,
2015-11-09,12.65,34.5,174.0,790.0,100.0,14.85,10.4,15.25,39.75,6.45,17.2,62.5,41.9,200.0,277.0,27.0,42.0,2.9,21.45,430.0,175.0,42.25,9.05,8.45,19.95,13.95,5.5,5.5,5.3,329.0,19.45,,4.95,1.55,16.1,40.9,135.0,4.25,98.0,45.0,15.65,86.0,24.75,207.5,15.05,29.0,60.5,3.35,12.2,18.8,27.0,7.95,17.1,37.0,360.0,3.9,182.71,182.7,,140.64,6.3,1.4,97.0,,26.3,,,,,,,,,,,,,,,,,,
2015-11-10,12.65,34.5,171.0,761.0,104.0,15.0,10.45,15.75,39.75,6.5,17.3,62.0,40.7,200.0,275.0,27.0,42.0,2.95,21.25,435.0,175.0,41.5,9.0,8.5,19.8,13.95,5.5,5.5,5.25,329.0,19.45,,4.75,1.55,16.0,40.5,135.0,4.25,98.0,45.0,16.2,86.0,24.75,209.0,15.45,26.75,60.5,3.35,12.0,18.75,27.0,8.0,17.1,36.75,360.0,3.9,183.33,183.28,,141.34,6.4,1.4,97.0,,26.25,,,,,,,,,,,,,,,,,,
2015-11-11,12.9,34.0,173.0,790.0,100.0,15.0,10.45,15.2,39.75,6.45,17.4,62.0,42.75,195.0,274.0,25.0,42.0,3.0,21.25,440.0,175.0,41.25,8.8,8.5,20.2,14.0,5.5,5.5,5.25,329.0,19.55,,4.7,1.5,15.8,41.0,135.0,4.45,98.0,45.0,16.7,86.0,24.75,213.75,15.8,26.75,60.5,3.4,12.15,18.95,27.0,8.25,18.8,36.0,360.0,3.9,184.5,184.29,,143.12,6.2,1.4,99.0,,25.3,,,,,,,,,,,,,,,,,,
2015-11-12,13.45,34.0,170.0,780.0,100.0,15.15,10.5,15.0,39.75,6.35,17.55,59.0,44.45,197.0,275.0,25.0,41.5,3.0,21.45,440.0,175.0,41.5,8.2,8.45,20.35,14.15,5.5,5.5,4.95,329.0,19.55,,4.7,1.55,15.95,43.2,134.0,4.75,98.0,43.0,17.4,86.0,24.5,215.5,16.05,27.25,60.5,3.55,11.0,18.35,27.0,8.05,18.8,36.25,350.0,3.9,185.28,184.92,,143.12,6.2,1.3,99.0,,24.65,,,,,,,,,,,,,,,,,,
2015-11-13,13.65,35.75,165.0,780.0,100.0,15.0,10.55,15.3,39.75,6.3,18.0,59.0,45.1,197.0,275.0,25.0,40.0,3.0,21.85,445.0,175.0,41.0,8.25,8.5,20.9,13.9,5.5,5.5,4.8,329.0,19.0,,4.7,1.55,15.85,43.15,135.0,4.6,98.0,43.25,17.95,86.0,24.5,215.0,16.0,27.0,60.5,3.4,11.0,18.3,27.25,8.15,18.8,36.5,350.0,4.25,184.04,183.54,,143.32,6.1,1.3,99.0,,24.4,,,,,,,,,,,,,,,,,,
2015-11-16,13.75,39.0,168.0,773.0,100.0,15.15,10.4,15.6,39.75,6.3,17.95,59.5,44.7,193.0,277.0,25.0,41.0,3.0,21.7,445.0,175.0,40.25,8.2,8.5,20.3,13.35,5.5,5.5,4.55,329.0,17.45,,4.65,1.5,15.85,42.0,134.0,4.55,98.0,41.0,17.95,87.0,24.5,221.5,16.05,27.0,61.0,3.5,11.35,18.0,28.75,8.3,18.8,36.5,355.0,4.25,185.04,184.34,,143.73,6.15,1.3,99.0,,24.55,,,,,,,,,,,,,,,,,,
2015-11-17,13.9,40.75,173.0,773.0,103.0,15.0,10.4,15.55,39.75,6.4,18.0,57.0,44.5,199.0,279.0,25.0,41.0,2.95,21.95,450.0,175.0,39.75,8.2,8.35,20.8,13.55,5.5,5.5,4.5,329.0,18.95,,4.45,1.45,15.9,41.75,136.0,4.6,98.0,41.0,18.4,86.5,25.25,217.75,16.1,27.0,61.0,3.5,10.8,18.0,27.75,8.1,18.8,36.25,350.0,4.2,185.68,184.83,,144.44,6.2,1.3,98.75,,24.6,,,,,,,,,,,,,,,,,,
2015-11-18,13.75,41.5,172.0,784.0,101.0,14.95,10.45,15.35,39.75,6.4,18.05,58.0,45.05,194.0,276.0,25.0,41.25,3.0,22.05,450.0,175.0,40.75,8.05,8.3,20.4,13.35,5.5,5.5,4.45,329.0,19.0,,4.45,1.45,16.1,41.55,138.0,4.75,98.0,41.25,17.65,86.5,25.25,220.75,16.25,27.0,61.0,3.5,11.05,18.0,27.0,8.1,18.8,36.0,360.0,4.25,186.17,185.47,,144.71,6.05,1.3,98.0,,25.1,,,,,,,,,,,,,,,,,,
2015-11-19,13.9,41.0,175.0,794.0,101.0,14.9,10.6,15.3,39.75,6.65,18.1,59.5,46.1,200.0,277.0,23.5,41.75,2.85,22.75,470.0,174.0,40.75,7.8,8.05,20.5,13.1,5.5,5.5,4.5,329.0,19.5,,4.5,1.5,16.15,41.4,137.0,4.5,98.0,41.0,18.0,89.5,26.5,221.0,16.5,27.0,61.0,3.5,11.1,17.95,27.0,8.2,18.8,35.5,361.0,4.2,188.07,187.4,,146.31,6.05,1.25,98.0,,24.75,,,,,,,,,,,,,,,,,,
2015-11-20,13.65,41.0,174.0,799.0,101.0,15.0,10.85,15.45,39.75,6.55,18.2,59.5,46.0,195.0,277.0,25.0,41.75,2.85,23.0,495.0,174.0,41.5,7.85,8.0,20.95,13.2,5.5,5.5,4.75,329.0,19.9,,4.75,1.6,15.9,42.0,136.0,4.7,98.0,38.25,18.0,90.0,27.25,223.25,16.65,28.75,65.0,3.55,11.3,18.0,28.25,8.05,19.2,36.25,361.0,4.2,188.52,188.07,,147.04,6.05,1.2,98.25,,24.95,,,,,,,,,,,,,,,,,,
2015-11-23,13.55,43.5,175.0,799.0,101.0,14.85,10.85,15.4,39.5,6.6,18.25,58.5,47.5,200.0,275.0,25.0,41.5,2.8,23.85,494.0,174.0,41.75,8.0,8.0,21.0,13.05,5.5,5.5,4.6,330.0,19.5,,4.7,1.65,15.4,43.7,141.0,4.85,98.0,38.25,17.95,91.5,28.25,223.25,16.7,28.75,61.5,3.75,11.3,19.0,28.5,8.35,19.2,36.75,361.0,4.2,188.95,188.45,,147.63,6.6,1.3,98.75,,25.0,,,,,,,,,,,,,,,,,,
2015-11-24,13.45,44.25,175.0,785.0,101.0,14.85,10.95,15.3,39.5,6.55,18.1,58.5,48.25,200.0,275.0,25.0,41.75,2.8,23.55,512.0,174.0,41.75,7.8,7.95,21.05,13.3,5.5,5.5,4.8,330.0,19.65,,4.85,1.7,15.55,43.1,143.0,4.75,98.0,40.0,17.95,90.0,28.25,222.0,16.2,29.0,61.5,3.55,10.2,17.35,28.5,8.4,17.3,37.75,361.0,4.2,187.73,187.24,,145.96,6.6,1.3,99.0,,25.75,,,,,,,,,,,,,,,,,,
2015-11-25,13.45,46.25,175.0,784.0,101.0,14.9,10.75,15.55,39.5,6.5,18.05,58.5,47.9,202.0,277.0,25.0,41.75,2.85,23.45,515.0,174.0,41.5,7.8,7.95,21.55,13.35,5.5,5.5,4.85,330.0,19.45,,4.7,1.6,15.5,43.0,151.0,4.5,98.0,40.0,18.0,90.0,28.5,223.0,16.05,28.75,61.5,3.55,10.0,18.35,26.75,8.45,17.3,36.25,341.0,4.0,187.51,186.94,,145.65,6.6,1.35,98.0,,25.05,,,,,,,,,,,,,,,,,,
2015-11-27,13.35,47.0,171.0,785.0,105.0,14.8,10.45,15.4,39.5,6.5,18.15,58.5,47.35,202.0,277.0,25.0,41.75,2.75,22.5,515.0,174.0,41.25,7.75,7.95,21.25,13.4,5.5,5.5,4.8,330.0,19.5,,4.75,1.6,15.95,43.45,154.0,4.4,98.0,41.5,18.0,84.0,28.0,205.75,15.35,28.75,62.0,3.5,10.0,18.35,28.25,8.05,17.3,36.5,341.0,4.4,184.94,184.24,,142.93,6.5,1.35,99.0,,25.15,,,,,,,,,,,,,,,,,,
2015-11-30,13.2,46.75,171.0,785.0,105.0,14.8,10.55,15.4,39.5,6.5,18.0,58.5,47.15,201.0,278.0,25.0,41.75,2.9,21.35,515.0,174.0,39.75,7.75,7.95,21.75,13.4,5.5,5.5,4.8,330.0,19.5,,4.7,1.55,15.7,43.3,155.0,4.2,98.0,45.5,18.55,84.0,29.75,218.25,15.5,31.5,61.5,3.5,9.9,18.1,27.5,7.85,17.5,36.75,353.0,4.4,184.53,183.62,,143.47,6.4,1.4,99.0,,25.2,,,,,,,,,,,,,,,,,,
2015-12-01,13.15,45.75,171.0,784.0,95.0,14.85,10.1,15.3,39.5,6.45,17.95,60.5,46.95,201.0,275.0,25.0,41.75,2.95,22.1,505.0,174.0,40.5,7.7,7.95,21.75,13.1,5.5,5.5,4.65,330.0,19.8,,4.45,1.55,15.6,43.15,159.0,4.2,98.0,45.5,16.9,84.0,29.5,209.75,15.65,29.5,61.5,3.65,9.5,17.75,28.25,7.25,18.8,36.75,353.0,4.4,184.64,183.81,,143.48,6.1,1.35,99.0,,24.95,,,,,,,,,,,,,,,,,,
2015-12-02,13.05,45.25,170.0,780.0,95.0,14.85,10.85,15.0,39.5,6.55,18.05,64.0,46.35,201.0,276.0,22.5,41.75,2.95,22.9,505.0,174.0,40.5,7.7,8.0,21.95,13.0,5.5,5.5,4.6,330.0,19.5,,4.1,1.55,15.6,43.55,161.0,4.2,98.0,50.0,17.95,85.0,29.75,208.5,15.85,31.25,63.0,3.7,9.8,18.95,28.25,7.85,18.8,36.0,353.0,4.4,185.22,184.56,,144.21,6.15,1.4,99.5,,24.75,,,,,,,,,,,,,,,,,,
2015-12-03,13.1,46.0,170.0,780.0,95.0,14.7,10.95,14.9,39.5,6.55,18.3,62.5,46.1,201.0,274.0,22.0,41.5,2.8,22.85,505.0,157.0,40.25,7.65,8.05,22.2,13.15,5.5,5.5,4.65,330.0,19.95,,4.0,1.55,15.0,43.15,164.0,4.1,98.0,50.0,17.9,85.0,29.75,208.5,15.7,32.0,61.0,3.6,9.8,18.95,27.75,7.95,18.8,35.25,352.0,4.1,184.64,183.87,,143.26,6.1,1.4,100.0,,25.1,,,,,,,,,,,,,,,,,,
2015-12-04,13.1,45.25,171.0,780.0,95.0,14.6,10.1,14.9,39.5,6.55,18.15,62.5,46.05,201.0,275.0,22.0,41.5,2.75,22.9,505.0,157.0,40.25,7.7,8.1,22.15,12.95,5.5,5.5,4.8,330.0,19.5,,4.0,1.55,16.35,42.0,163.0,4.1,98.0,50.0,17.5,85.0,29.75,207.5,15.55,31.5,61.0,3.55,9.65,18.8,27.5,8.0,20.0,35.25,352.0,4.4,184.06,183.33,,143.29,6.4,1.35,99.0,,25.05,,,,,,,,,,,,,,,,,,
2015-12-07,13.15,45.0,174.0,780.0,95.0,14.2,10.3,14.9,39.5,6.5,18.05,62.0,46.05,200.0,274.0,20.0,41.5,2.65,22.85,505.0,157.0,40.5,7.85,8.1,22.35,12.95,5.5,5.5,4.75,331.0,19.45,,4.05,1.5,16.35,41.6,165.0,4.4,98.0,50.0,17.9,85.0,29.5,202.25,15.7,32.75,61.0,3.7,9.0,17.95,27.5,7.9,20.0,37.5,352.0,4.3,184.43,183.76,,143.61,6.1,1.35,99.75,,24.5,,,,,,,,,,,,,,,,,,
2015-12-08,13.1,42.75,174.0,779.0,95.0,14.1,10.5,14.85,39.5,6.35,18.05,65.0,46.15,200.0,275.0,18.15,41.25,2.65,22.75,456.0,157.0,40.75,7.85,8.15,22.45,12.95,5.5,5.5,4.7,331.0,18.95,,4.25,1.6,15.55,41.45,170.0,4.05,98.0,47.0,18.85,85.0,29.25,203.25,15.95,32.75,61.5,3.9,8.1,17.15,27.0,8.0,19.85,37.0,370.0,4.2,184.99,184.46,,144.04,6.25,1.35,99.0,,24.65,,,,,,,,,,,,,,,,,,
2015-12-09,13.0,42.25,172.0,777.0,95.0,14.25,10.5,14.75,39.5,6.4,18.05,62.0,46.0,191.0,276.0,18.15,41.0,2.7,22.65,485.0,172.0,40.75,7.8,8.2,22.45,13.0,5.5,5.5,4.75,331.0,19.45,,4.05,1.6,15.35,41.4,175.0,4.05,98.0,47.0,18.85,84.5,30.0,204.75,16.1,31.75,61.5,3.9,8.5,17.95,27.0,8.05,19.85,37.0,369.0,4.1,184.9,184.45,,144.39,6.85,1.35,100.0,,24.75,,,,,,,,,,,,,,,,,,
2015-12-10,13.05,40.75,170.0,779.0,95.0,14.25,10.0,14.7,39.5,6.35,18.1,62.0,45.95,199.0,276.0,18.5,41.0,2.65,22.0,480.0,172.0,40.5,7.8,8.15,21.55,13.0,5.5,5.5,4.75,331.0,18.2,,4.0,1.55,15.1,41.65,175.0,4.05,98.0,47.0,18.95,83.0,30.0,200.5,16.15,29.0,62.0,3.9,7.9,18.35,26.75,8.1,19.85,37.0,369.0,4.0,184.6,184.14,,144.39,6.9,1.35,100.0,,24.95,,,,,,,,,,,,,,,,,,
2015-12-11,13.1,40.0,172.0,785.0,95.0,14.15,10.5,14.8,39.5,6.15,18.15,61.0,45.75,199.0,276.0,20.0,40.75,2.7,21.75,500.0,172.0,40.25,7.9,8.1,21.8,12.9,5.5,5.5,4.75,331.0,18.2,,3.95,1.55,14.9,41.2,179.0,3.95,98.0,49.75,18.9,85.0,30.0,201.5,16.25,29.0,61.0,3.55,7.55,18.35,26.25,8.0,20.0,34.0,369.0,4.0,184.56,184.05,,144.72,6.9,1.4,100.0,,24.65,,,,,,,,,,,,,,,,,,
2015-12-14,13.2,39.0,172.0,784.0,95.0,14.2,10.1,14.9,39.5,6.15,18.0,61.0,45.7,196.0,278.0,20.0,40.0,2.6,21.75,490.0,172.0,40.0,7.9,8.05,21.0,12.9,5.5,5.5,4.5,331.0,18.9,,3.9,1.55,15.0,40.5,180.0,4.0,98.0,48.0,18.85,85.0,29.0,201.0,16.4,27.5,61.5,3.6,7.25,18.8,26.0,8.35,20.0,35.0,369.0,4.0,184.07,183.65,,144.76,6.6,1.45,102.0,,24.7,,,,,,,,,,,,,,,,,,
2015-12-15,13.1,39.75,175.0,785.0,100.0,14.2,10.0,14.9,39.5,6.2,18.0,61.0,45.05,195.0,276.0,20.5,40.0,2.55,21.85,490.0,172.0,40.0,7.75,8.0,21.35,12.75,5.5,5.5,4.5,331.0,19.4,,4.15,1.55,14.0,40.55,194.0,4.0,98.0,48.25,19.0,85.5,29.0,204.0,16.35,27.5,61.0,3.75,6.9,18.2,25.5,8.8,20.0,34.0,369.0,4.1,183.82,183.41,,144.94,6.6,1.5,102.0,,24.75,,,,,,,,,,,,,,,,,,
2015-12-16,13.2,39.75,176.0,755.0,100.0,13.95,10.45,15.5,39.5,6.2,18.0,61.0,45.2,195.0,275.0,22.5,42.0,2.6,21.5,500.0,172.0,39.5,7.75,8.1,21.4,12.9,5.5,5.5,4.5,331.0,19.0,,4.05,1.55,14.35,41.0,194.0,4.35,98.0,46.0,20.25,85.0,30.5,202.5,16.7,27.5,61.0,3.85,6.7,18.2,25.75,8.75,20.0,34.0,369.0,4.1,186.16,185.64,,146.08,6.6,1.55,102.0,,24.75,,,,,,,,,,,,,,,,,,
2015-12-17,13.25,40.0,176.0,737.0,110.0,14.0,10.05,15.75,39.5,6.25,18.05,59.0,45.65,198.0,274.0,21.0,39.25,2.6,21.65,500.0,172.0,39.75,7.15,8.4,21.45,12.95,5.5,5.5,4.45,350.0,20.0,,4.15,1.55,14.25,41.55,193.0,4.1,98.0,46.0,20.75,84.5,32.0,207.25,16.6,27.5,61.5,4.0,6.9,18.35,26.0,8.8,20.75,34.0,369.0,4.1,183.41,183.02,,145.31,6.5,1.65,101.0,,24.75,,,,,,,,,,,,,,,,,,
2015-12-18,13.3,39.75,176.0,788.0,110.0,13.75,10.1,15.4,39.5,6.35,17.95,59.0,45.55,195.0,274.0,21.25,39.0,2.6,21.35,459.0,172.0,39.75,6.95,8.4,21.5,12.95,5.5,5.5,4.5,350.0,19.95,,4.2,1.55,14.6,42.7,182.0,4.15,98.0,46.0,20.75,84.0,30.75,206.75,16.7,27.5,61.5,4.0,6.9,18.2,25.75,8.65,21.0,35.0,369.0,4.1,183.59,183.26,,145.55,6.45,1.75,101.0,,25.0,,,,,,,,,,,,,,,,,,
2015-12-21,13.4,39.75,175.0,735.0,109.0,13.8,10.3,15.6,39.5,6.15,17.9,58.5,46.4,195.0,272.0,22.5,42.0,2.6,21.35,459.0,178.0,39.75,6.8,8.4,21.05,12.95,5.5,5.5,4.45,350.0,19.25,,4.0,1.55,14.3,42.7,182.0,4.2,98.0,46.0,22.5,84.5,32.25,201.75,16.7,27.0,61.5,3.7,7.05,18.3,25.5,8.45,21.0,34.0,400.0,4.1,185.09,184.05,,145.61,6.45,1.85,99.75,,24.45,,,,,,,,,,,,,,,,,,
2015-12-22,13.35,40.0,175.0,730.0,109.0,13.65,10.0,15.15,39.5,6.25,17.7,61.0,46.85,195.0,270.0,24.5,40.25,2.6,21.6,460.0,193.0,39.75,6.5,8.5,21.2,12.9,5.5,5.5,4.5,350.0,20.5,,4.0,1.55,14.6,42.55,179.0,4.2,98.0,47.0,21.0,80.0,31.5,202.5,16.7,27.0,61.5,3.95,7.05,18.2,25.5,8.9,21.0,35.0,400.0,4.1,183.43,182.52,,144.77,6.05,1.95,100.0,,23.95,,,,,,,,,,,,,,,,,,
2015-12-23,13.3,39.5,175.0,725.0,100.0,13.6,10.0,15.0,39.5,6.3,17.65,65.0,47.3,195.0,270.0,24.5,40.25,2.8,21.55,441.0,193.0,40.0,6.4,8.4,21.2,12.95,5.5,5.5,4.55,349.0,20.0,,4.0,1.55,14.35,42.55,176.0,4.45,98.0,46.75,20.5,80.0,29.0,202.75,16.1,27.75,61.5,3.8,7.7,18.95,25.0,9.15,21.0,34.25,400.0,4.1,182.17,180.93,,142.85,6.45,2.05,99.75,,24.45,,,,,,,,,,,,,,,,,,
2015-12-24,13.3,40.25,176.0,725.0,99.0,13.3,10.65,15.0,39.5,6.35,17.55,65.0,46.95,195.0,270.0,24.5,40.0,2.85,21.7,440.0,193.0,40.0,6.5,8.7,21.0,12.95,5.5,5.5,4.95,349.0,20.0,,4.25,1.55,14.45,43.0,174.0,4.55,98.0,46.75,21.5,80.0,30.5,202.0,15.9,27.75,61.5,3.7,7.7,18.9,25.25,9.45,22.25,37.25,399.0,4.05,181.56,180.35,,142.51,6.45,2.15,99.75,,24.55,,,,,,,,,,,,,,,,,,
2015-12-28,13.55,41.0,176.0,725.0,99.0,12.9,10.45,16.45,39.5,6.45,17.85,65.0,46.8,184.0,270.0,26.0,40.0,2.95,21.8,484.0,193.0,40.0,6.95,9.5,20.95,13.1,5.5,5.5,4.9,349.0,20.0,,4.4,1.55,15.45,42.9,174.0,4.55,98.0,46.75,20.5,81.0,30.0,202.0,15.9,27.75,61.5,4.0,7.85,18.45,26.0,9.6,22.25,37.25,400.0,4.05,182.4,180.94,,142.94,7.0,2.3,99.5,,24.6,,,,,,,,,,,,,,,,,,
2015-12-29,13.55,41.75,176.0,785.0,99.0,13.0,10.0,16.05,39.5,6.2,17.2,65.0,46.7,184.0,273.0,26.75,39.75,2.85,22.25,484.0,200.0,39.75,7.25,8.7,20.65,13.3,5.5,5.5,4.9,349.0,20.0,,4.4,1.6,15.0,43.35,182.0,4.8,98.0,46.75,20.5,82.0,30.0,203.0,16.1,27.75,61.5,4.0,8.2,18.3,25.0,10.15,22.25,37.25,360.0,4.15,182.55,182.11,,143.97,6.95,2.4,100.0,,25.0,,,,,,,,,,,,,,,,,,
2015-12-30,13.45,41.0,175.0,785.0,102.0,13.15,10.6,16.3,39.5,6.35,17.7,61.0,46.7,187.0,272.0,26.75,39.25,2.7,22.7,484.0,200.0,40.0,6.8,8.9,21.05,13.25,5.5,5.5,4.85,317.0,19.5,,4.5,1.65,15.7,43.3,191.0,4.8,98.0,46.75,19.55,82.5,30.0,202.75,16.25,28.0,60.0,3.75,8.25,18.25,25.0,10.3,22.25,33.75,384.0,4.5,182.69,182.32,,144.37,6.95,2.6,100.0,,24.5,,,,,,,,,,,,,,,,,,
2015-12-31,13.6,41.75,175.0,785.0,102.0,13.0,10.6,16.3,39.5,6.2,18.0,61.0,46.5,187.0,273.0,26.75,40.0,2.7,22.25,484.0,200.0,43.75,7.1,9.6,21.0,13.2,5.5,5.5,4.9,317.0,19.5,,4.5,1.6,15.75,43.25,191.0,4.8,98.0,46.75,19.55,82.5,30.0,195.0,16.3,28.0,60.0,3.75,8.25,18.25,25.0,10.95,22.25,33.75,384.0,4.5,186.64,186.25,,145.7,7.0,2.6,100.0,,24.75,,,,,,,,,,,,,,,,,,
2017-01-03,8.7,23.5,160.0,909.0,83.0,12.6,5.95,13.0,27.0,3.95,13.0,42.0,37.8,118.0,240.0,27.75,30.0,2.35,13.65,490.0,80.0,29.0,5.75,14.95,22.7,8.0,5.5,6.0,5.8,280.0,13.45,530.0,4.8,1.25,7.5,25.4,93.0,2.85,95.0,23.5,19.9,70.5,17.65,188.0,19.0,18.0,27.75,2.8,7.35,17.05,20.5,3.75,13.0,34.5,178.0,3.55,161.33,,,132.61,4.8,1.2,88.25,,14.6,,6.05,11.95,7.9,,,,,,,,,,,,,,
2017-01-04,8.9,23.75,157.0,909.0,83.0,11.6,5.95,13.0,27.0,3.95,13.45,42.0,38.85,118.0,232.0,27.25,30.0,2.45,13.6,490.0,80.0,29.25,5.7,14.95,22.75,8.2,5.5,6.0,5.75,280.0,13.75,530.0,4.8,1.25,6.95,25.05,88.0,2.85,95.0,23.5,19.85,69.5,18.0,190.5,18.95,18.0,27.5,2.8,7.15,17.0,20.5,3.75,13.0,32.0,178.0,3.4,160.87,,,132.27,5.2,1.25,89.5,,14.3,,6.1,11.9,7.9,,,,,,,,,,,,,,
2017-01-05,8.8,23.0,158.0,900.0,83.0,11.0,6.1,13.15,27.0,3.9,13.4,42.0,38.85,124.0,233.0,27.25,29.75,2.4,13.55,490.0,80.0,28.75,5.7,15.0,22.8,8.35,5.5,6.0,5.7,280.0,13.9,530.0,4.8,1.25,6.95,25.5,88.0,3.05,95.0,23.5,20.25,70.0,16.25,187.0,18.8,18.0,27.0,2.95,7.15,17.0,20.5,3.55,13.0,32.25,175.0,3.4,159.84,,,131.45,5.15,1.2,89.5,,14.7,,6.1,11.7,7.9,,,,,,,,,,,,,,
2017-01-06,8.75,23.0,158.0,900.0,83.0,11.2,6.2,13.05,27.0,3.9,13.0,42.0,38.9,118.0,229.0,27.25,28.75,2.35,12.65,490.0,79.0,27.75,5.75,14.65,22.95,8.0,5.5,6.0,5.65,280.0,13.5,530.0,4.9,1.3,6.85,25.15,88.0,3.0,95.0,22.0,20.75,70.0,16.3,183.75,18.6,18.0,27.0,2.95,7.0,17.15,20.0,3.55,13.0,32.25,170.0,3.4,156.65,,,129.76,5.15,1.25,90.5,,14.85,,6.1,11.75,7.9,,,,,,,,,,,,,,
2017-01-09,8.6,23.25,155.0,900.0,83.0,10.95,6.0,13.1,27.0,3.9,12.85,42.0,38.2,120.0,225.0,27.25,28.25,2.35,12.4,495.0,78.0,27.25,5.7,14.9,22.8,7.95,5.5,6.0,5.65,308.0,14.0,530.0,4.9,1.3,6.5,25.2,87.5,3.0,95.0,23.0,20.25,68.5,16.9,185.0,18.5,18.0,26.25,2.8,7.0,17.0,19.75,3.2,13.0,32.0,169.0,3.4,154.68,,,128.86,5.15,1.2,90.0,,14.65,,6.1,11.7,7.9,,,,,,,,,,,,,,
2017-01-10,8.5,23.0,156.0,900.0,85.5,10.85,6.15,13.05,27.0,3.85,12.6,42.75,37.45,119.0,224.0,27.25,27.5,2.35,12.05,495.0,79.0,27.25,5.7,14.0,22.0,7.95,5.5,6.0,5.65,281.0,13.55,530.0,4.9,1.2,6.55,25.0,87.5,3.0,95.0,23.25,19.85,68.0,17.0,180.5,18.2,18.0,25.5,2.75,7.0,17.25,19.5,3.45,13.0,32.0,168.0,3.1,152.53,,,127.22,5.05,1.2,89.0,,14.1,,5.8,11.65,7.9,,,,,,,,,,,,,,
2017-01-11,8.5,23.0,156.0,850.0,85.5,10.4,6.0,13.05,27.0,3.85,12.15,42.75,37.35,118.0,223.0,24.75,26.75,2.35,12.0,495.0,79.0,27.0,5.7,14.0,22.75,7.9,5.5,6.0,5.65,281.0,13.55,530.0,4.85,1.15,6.5,25.0,86.5,3.0,95.0,24.0,19.45,68.0,17.0,182.0,18.0,18.0,25.25,2.8,6.8,17.05,19.75,3.3,13.0,32.0,165.0,3.1,150.86,,,125.76,5.0,1.15,87.0,,13.5,,5.8,11.55,7.9,,,,,,,,,,,,,,
2017-01-12,8.3,22.5,155.0,850.0,85.5,10.4,6.15,12.95,25.5,3.8,12.2,43.0,35.95,119.0,218.0,22.5,26.25,2.35,11.7,495.0,79.0,26.5,5.65,13.95,21.85,7.9,5.5,6.0,5.6,281.0,13.5,530.0,4.85,1.05,6.45,24.45,80.0,2.95,95.0,24.0,20.0,67.5,17.0,183.0,17.95,18.0,25.5,2.85,6.8,17.0,19.9,3.3,13.0,32.25,165.0,3.3,148.68,,,124.75,4.75,1.15,87.0,,13.3,,5.8,11.5,7.7,,,,,,,,,,,,,,
2017-01-13,8.15,22.0,155.0,850.0,88.0,10.35,6.2,13.05,25.5,3.8,12.05,43.0,35.75,116.0,215.0,22.5,25.75,2.45,11.85,495.0,79.0,26.5,5.6,13.55,21.9,7.8,5.5,6.0,5.55,281.0,13.45,530.0,4.75,1.1,6.45,22.65,79.5,3.05,95.0,23.5,18.25,65.5,17.0,180.0,17.95,18.0,24.5,2.7,6.8,17.05,19.3,3.3,13.0,32.0,163.0,3.3,147.43,,,123.94,4.75,1.1,87.0,,13.05,,5.8,11.45,7.9,,,,,,,,,,,,,,
2017-01-16,8.0,22.0,154.0,900.0,86.0,10.3,6.0,12.25,25.5,3.75,12.0,43.0,34.2,116.0,216.0,22.5,26.75,2.4,11.95,455.0,79.0,26.75,5.6,13.45,21.75,7.45,5.5,6.0,5.45,281.0,13.85,530.0,4.75,1.15,6.65,23.6,76.5,3.05,95.0,23.5,18.2,63.0,17.0,179.25,17.95,18.0,24.0,2.85,7.0,17.05,20.0,3.3,13.0,32.0,165.0,3.3,148.3,,,124.27,4.9,1.1,87.0,,13.45,,5.8,11.5,7.9,,,,,,,,,,,,,,
2017-01-17,7.9,22.0,150.0,909.0,86.0,10.05,6.05,13.05,25.5,3.65,11.75,42.0,34.0,114.0,220.0,22.5,26.75,2.35,11.9,455.0,79.0,27.25,5.55,13.4,22.7,7.25,5.5,6.0,5.25,281.0,13.05,530.0,4.7,1.15,7.0,23.4,75.0,3.0,95.0,23.5,17.5,65.0,17.0,179.0,17.95,18.0,24.0,2.8,6.85,17.0,19.0,3.1,13.0,32.0,164.0,3.05,148.3,,,124.09,4.75,1.1,86.0,,13.15,,5.8,11.55,7.9,,,,,,,,,,,,,,
2017-01-18,7.9,21.75,150.0,909.0,86.0,10.15,6.05,12.3,25.5,3.65,11.75,42.25,33.95,114.0,220.0,22.5,25.75,2.35,11.95,495.0,79.0,26.75,5.5,13.15,22.7,7.25,5.5,6.0,5.3,281.0,13.0,530.0,4.75,1.15,6.8,23.15,79.5,2.95,95.0,23.75,18.2,68.0,16.5,177.5,18.05,18.1,22.5,2.8,7.0,17.0,19.2,3.15,13.0,33.0,164.0,3.05,147.1,,,124.19,4.85,1.05,86.0,,13.1,,5.8,11.6,7.9,,,,,,,,,,,,,,
2017-01-19,7.8,21.25,150.0,909.0,86.0,10.0,6.0,12.3,25.5,3.6,11.75,42.0,33.6,114.0,223.0,22.5,26.0,2.35,11.9,495.0,79.0,26.5,5.45,13.15,22.95,7.1,5.5,6.0,5.1,281.0,12.15,530.0,4.85,1.15,6.95,23.0,79.5,2.85,95.0,26.0,18.2,69.5,16.5,170.25,18.15,18.1,22.75,2.8,6.9,17.05,19.2,3.1,13.0,33.0,161.0,3.05,147.33,,,124.21,4.75,1.05,81.0,,13.2,,5.8,11.6,7.9,,,,,,,,,,,,,,
2017-01-20,7.75,20.75,150.0,910.0,87.0,9.85,5.9,12.3,25.0,3.6,11.75,42.0,33.6,114.0,221.0,22.5,26.0,2.45,12.0,494.0,77.0,26.5,5.4,13.0,23.0,7.15,5.5,6.0,5.15,281.0,12.2,530.0,4.7,1.15,6.85,22.95,80.0,2.85,95.0,26.0,17.7,69.0,16.6,167.75,18.15,19.5,22.25,2.8,6.9,17.0,19.2,3.05,13.0,34.0,161.0,3.15,147.32,,,124.04,4.65,1.05,81.0,,13.1,,5.8,12.7,7.9,,,,,,,,,,,,,,
2017-01-23,7.7,20.75,149.0,909.0,87.0,10.0,6.0,12.45,25.0,3.7,11.95,42.0,33.55,111.0,222.0,21.0,26.0,2.35,11.75,494.0,77.0,26.5,5.35,12.95,23.0,7.15,5.5,6.0,4.9,281.0,12.2,530.0,4.7,1.2,6.7,22.75,79.0,2.85,95.0,28.5,17.45,69.0,16.15,168.0,18.2,19.5,22.25,2.75,6.75,16.7,19.0,3.0,13.0,32.75,161.0,3.15,147.22,,,124.06,4.65,1.05,81.0,,13.05,,5.8,12.4,7.9,,,,,,,,,,,,,,
2017-01-24,7.5,20.0,150.0,899.0,87.0,9.9,6.0,12.45,24.75,3.75,11.75,42.0,33.3,111.0,220.0,21.0,25.75,2.35,11.3,494.0,77.0,26.25,5.0,12.9,23.0,7.15,5.5,6.0,4.85,281.0,12.5,530.0,4.75,1.1,6.65,22.45,77.5,2.85,95.0,28.5,17.55,68.0,16.1,168.75,18.2,19.5,22.25,2.75,6.75,16.7,19.0,2.95,13.0,32.0,161.0,3.15,145.73,,,123.29,4.5,1.05,80.0,,12.7,,5.8,12.05,7.9,,,,,,,,,,,,,,
2017-01-25,7.25,20.0,150.0,899.0,85.0,9.95,5.95,12.25,24.75,3.75,11.9,42.0,33.15,110.0,219.0,21.0,25.75,2.35,11.85,490.0,77.0,25.75,5.0,12.45,21.85,7.05,5.5,6.0,4.9,281.0,12.55,530.0,4.7,1.05,6.8,21.05,75.5,2.85,95.0,28.5,17.6,68.0,16.2,165.75,18.2,19.25,22.0,2.85,6.5,16.7,19.1,2.9,13.0,32.0,160.0,3.15,144.74,,,122.77,4.2,1.05,80.0,,12.85,,5.25,11.55,7.5,,,,,,,,,,,,,,
2017-01-26,7.15,20.0,150.0,899.0,88.0,9.9,5.8,11.95,24.75,3.7,11.65,42.0,32.15,110.0,220.0,21.0,25.5,2.35,11.45,490.0,77.0,25.0,4.95,12.05,21.3,7.1,5.5,6.0,4.85,281.0,12.55,530.0,4.7,1.0,6.95,21.0,75.5,2.85,95.0,28.5,17.5,64.5,16.0,167.5,18.25,19.25,21.25,2.75,6.65,16.7,19.05,2.9,13.0,32.5,160.0,3.05,143.41,,,122.42,4.2,1.05,80.0,,12.95,,5.25,12.5,7.9,,,,,,,,,,,,,,
2017-01-27,7.15,20.0,150.0,899.0,88.0,9.6,5.5,11.8,24.75,3.65,11.65,41.0,31.8,110.0,219.0,21.0,24.5,2.35,11.4,490.0,77.0,24.0,5.05,12.5,20.95,7.0,5.5,6.0,4.8,307.0,13.0,530.0,4.45,1.05,6.95,20.6,76.0,2.85,95.0,28.5,17.6,63.5,16.05,167.0,18.35,19.3,20.0,2.8,6.6,17.75,19.05,3.0,13.0,33.0,160.0,3.05,141.86,,,122.28,4.6,1.05,79.75,,12.9,,5.25,12.5,7.9,,,,,,,,,,,,,,
2017-01-30,7.15,19.95,150.0,855.0,88.5,9.65,5.65,11.95,24.75,3.5,11.4,42.0,31.75,110.0,220.0,21.0,23.5,2.35,11.0,485.0,76.0,23.25,5.1,12.5,20.75,6.95,5.5,6.0,4.75,307.0,13.0,530.0,4.1,1.05,6.75,20.45,75.5,2.85,95.0,28.5,17.6,65.5,16.05,165.5,18.35,19.3,18.0,2.65,6.5,17.0,19.05,2.95,12.9,33.0,159.0,3.05,140.19,,,121.26,4.6,1.05,79.0,,12.7,,5.25,12.5,7.9,,,,,,,,,,,,,,
2017-01-31,7.25,19.7,150.0,897.0,88.5,9.5,5.65,12.0,24.75,3.2,11.5,45.0,32.05,107.0,224.0,21.0,24.25,2.35,11.1,457.0,76.0,23.0,5.2,12.65,20.55,6.9,5.5,6.0,4.7,286.0,12.55,530.0,4.1,1.1,6.8,20.75,75.5,2.85,95.0,28.5,18.0,65.0,16.2,165.0,18.5,19.3,18.0,2.65,6.5,16.7,20.5,2.85,13.5,33.0,160.0,3.05,141.55,,,122.23,4.2,1.05,79.0,,12.55,,5.25,12.05,7.9,,,,,,,,,,,,,,
2017-02-01,7.4,19.5,146.0,897.0,88.5,9.55,5.95,12.15,24.75,3.2,11.4,45.0,31.5,107.0,229.0,21.0,24.25,2.35,10.45,457.0,76.0,23.25,5.4,12.5,20.55,6.95,5.5,6.0,4.7,280.0,13.0,530.0,4.05,1.05,6.75,21.0,74.5,2.85,95.0,28.0,18.65,65.0,16.15,169.75,18.55,19.3,18.0,2.9,6.4,16.0,19.5,2.9,14.0,32.5,160.0,3.05,142.59,,,122.83,4.6,1.1,78.0,,12.2,,4.75,12.05,7.9,,,,,,,,,,,,,,
2017-02-02,7.65,19.5,155.0,902.0,89.0,9.8,6.1,12.3,24.75,3.15,11.4,42.0,31.0,107.0,229.0,21.0,24.5,2.35,10.3,457.0,76.0,24.25,5.5,12.8,20.4,6.9,5.5,6.0,4.7,280.0,12.95,530.0,4.15,1.05,6.8,21.0,74.0,2.85,95.0,28.25,19.0,67.5,16.15,168.25,18.55,19.3,19.8,2.9,6.4,16.75,19.4,2.9,14.0,32.5,159.0,3.05,143.94,,,123.43,4.6,1.05,75.0,,12.2,,5.0,11.0,7.9,,,,,,,,,,,,,,
2017-02-03,7.9,19.4,148.0,915.0,89.0,10.0,6.2,12.65,24.75,3.15,11.35,42.0,31.75,106.0,229.0,21.0,25.0,2.4,10.8,457.0,76.0,24.25,5.85,13.25,20.75,6.95,5.5,6.0,4.7,281.0,12.95,530.0,4.4,1.1,6.6,21.0,74.5,2.85,95.0,28.25,19.2,66.0,16.7,170.0,18.65,20.0,19.8,2.8,6.4,16.75,19.8,2.75,13.0,32.0,159.0,3.05,145.63,,,124.19,5.0,1.05,78.0,,12.6,,5.0,10.7,7.9,,,,,,,,,,,,,,
2017-02-06,8.0,19.35,150.0,894.0,83.0,10.3,6.1,12.2,24.75,3.15,11.35,42.0,32.85,106.0,230.0,21.0,25.5,2.25,10.6,457.0,76.0,24.5,5.85,13.05,21.0,7.0,5.5,6.0,4.7,285.0,12.9,530.0,4.1,1.05,6.25,21.0,75.0,2.65,95.0,28.25,17.8,67.0,16.75,169.0,18.9,20.0,20.0,2.8,6.1,16.55,19.9,2.65,13.0,32.0,159.0,3.05,147.0,,,124.84,4.6,1.05,78.0,,12.65,,5.0,10.85,7.9,,,,,,,,,,,,,,
2017-02-07,8.05,19.35,150.0,901.0,84.0,10.0,6.15,12.5,24.75,3.15,11.85,42.0,34.1,106.0,230.0,21.0,26.0,2.3,10.55,470.0,76.0,25.25,5.85,13.2,20.9,6.95,5.5,6.0,4.65,280.0,12.5,530.0,4.25,1.05,6.0,20.95,76.0,2.85,95.0,28.0,17.8,67.0,16.55,172.0,18.65,20.0,20.75,2.7,6.05,16.8,19.75,2.85,13.5,32.0,159.0,3.05,148.14,,,125.0,4.6,1.1,76.0,,12.5,,4.65,10.5,7.9,,,,,,,,,,,,,,
2017-02-08,8.45,19.5,148.0,911.0,84.0,9.95,6.0,12.9,23.0,3.1,12.3,45.0,34.95,108.0,229.0,21.0,26.75,2.25,10.6,470.0,76.0,25.75,5.9,13.05,20.7,7.0,5.5,6.0,4.65,280.0,12.5,530.0,4.35,1.05,6.0,21.0,75.5,2.85,95.0,28.75,18.5,66.0,16.55,172.75,18.4,20.0,22.75,2.75,6.0,16.55,19.75,2.85,13.5,31.0,160.0,2.8,149.73,,,125.03,4.95,1.05,74.5,,12.9,,4.2,10.75,8.4,,,,,,,,,,,,,,
2017-02-09,8.8,19.4,146.0,901.0,84.0,9.95,5.95,13.05,23.0,3.2,12.5,45.0,36.05,107.0,225.0,21.0,27.25,2.35,10.6,480.0,75.0,25.75,5.85,13.25,20.4,7.0,5.5,6.0,4.7,280.0,12.55,530.0,4.5,1.05,6.2,21.0,79.0,2.65,95.0,29.25,19.95,65.0,16.3,173.0,18.45,20.0,22.75,2.7,6.05,16.9,18.65,2.65,13.5,31.0,160.0,2.8,149.94,,,125.19,4.95,1.05,74.5,,12.95,,4.2,10.75,8.4,,,,,,,,,,,,,,
2017-02-10,8.75,19.4,148.0,906.0,90.0,10.0,5.8,13.05,21.0,3.45,12.5,45.0,36.6,107.0,225.0,21.0,27.0,2.25,10.65,480.0,75.0,25.5,5.9,13.35,20.15,7.15,5.5,6.0,4.95,266.0,12.15,530.0,4.4,1.05,6.3,21.25,77.5,2.65,95.0,30.0,19.95,65.0,16.7,175.25,18.45,20.0,25.0,2.7,6.0,17.0,18.7,2.7,13.5,31.0,160.0,2.8,149.91,,,125.45,4.95,1.0,74.5,,13.0,,4.2,10.75,8.4,,,,,,,,,,,,,,
2017-02-13,8.6,18.75,146.0,900.0,90.0,10.1,5.95,13.2,21.0,3.4,12.5,46.25,35.95,107.0,225.0,21.0,27.0,2.25,10.6,485.0,75.0,25.5,6.05,13.2,20.05,7.0,5.5,6.0,4.8,266.0,12.15,530.0,4.4,1.05,6.2,22.0,78.5,2.65,95.0,30.0,20.0,65.0,16.25,178.25,18.35,18.0,27.0,2.7,6.0,16.95,18.7,2.7,13.5,31.0,160.0,3.05,149.48,,,125.11,4.8,1.0,74.5,,12.9,,4.2,11.8,8.4,,,,,,,,,,,,,,
2017-02-14,8.5,19.05,146.0,900.0,90.0,10.05,6.05,13.4,21.0,3.45,12.55,46.25,35.65,107.0,222.0,21.0,26.75,2.25,10.65,484.0,77.0,25.5,6.3,13.55,19.55,7.0,5.5,6.0,4.8,266.0,12.5,530.0,4.3,1.1,6.2,22.75,79.0,2.65,95.0,28.5,19.35,67.0,16.25,177.0,18.3,18.0,28.0,2.7,5.55,17.25,19.55,2.75,13.5,31.5,159.0,3.05,148.92,,,124.95,4.8,1.0,79.5,,12.8,,4.5,10.75,8.4,,,,,,,,,,,,,,
2017-02-15,8.15,19.25,146.0,900.0,90.0,10.25,6.1,13.95,21.25,3.4,12.4,46.25,35.85,107.0,225.0,21.0,26.75,2.25,10.8,470.0,77.0,25.0,6.45,13.65,19.6,7.0,5.5,6.0,4.85,266.0,12.5,501.0,4.35,1.05,6.2,24.35,81.0,2.65,95.0,28.5,19.9,65.0,16.95,176.5,18.2,18.0,29.0,2.6,5.6,17.0,19.55,2.75,14.35,30.0,159.0,3.0,148.77,,,124.91,4.8,1.0,79.5,,12.65,,4.5,10.8,8.4,,,,,,,,,,,,,,
2017-02-16,8.4,19.25,148.0,900.0,90.0,10.4,6.3,13.9,20.5,3.4,12.35,46.25,35.7,107.0,225.0,21.5,27.0,2.25,10.8,490.0,75.5,24.75,6.5,13.65,19.55,7.0,5.5,6.0,4.9,266.0,12.3,501.0,4.35,1.05,6.3,25.75,85.5,2.65,95.0,28.25,20.0,66.5,16.95,182.5,18.2,18.0,28.25,2.65,6.1,17.0,20.0,2.75,14.35,30.0,160.0,3.3,148.86,,,128.91,4.75,1.0,79.5,,12.65,,4.5,10.8,8.4,,,,,,,,,,,,,,
2017-02-17,8.3,20.0,148.0,905.0,90.0,10.25,6.2,13.0,20.5,3.45,12.05,43.0,34.7,107.0,224.0,21.5,27.25,2.2,10.75,490.0,75.5,24.5,6.5,13.65,19.45,7.0,5.5,6.0,4.95,266.0,11.5,501.0,4.4,1.05,6.05,27.05,83.0,2.8,95.0,30.0,18.65,65.5,16.95,189.75,18.05,18.0,27.5,2.65,6.3,17.5,20.75,2.8,14.85,30.25,160.0,3.3,147.99,,,124.93,5.15,1.05,79.5,,12.55,,4.5,11.8,8.4,,,,,,,,,,,,,,
2017-02-20,8.25,19.2,147.0,905.0,90.0,10.35,5.85,13.15,20.5,3.4,11.95,43.0,34.35,107.0,226.0,21.5,27.0,2.25,10.55,490.0,77.0,24.0,6.55,13.7,19.35,7.0,5.5,6.0,5.35,266.0,12.4,501.0,4.25,1.05,6.05,27.0,83.5,2.8,95.0,30.0,19.85,65.5,17.0,191.0,18.0,18.0,27.5,2.65,6.3,17.6,20.75,2.8,14.85,31.5,164.0,3.4,147.51,,,124.66,5.15,1.0,76.5,,12.5,,4.5,10.7,8.4,,,,,,,,,,,,,,
2017-02-21,8.3,19.5,146.0,909.0,89.0,10.6,6.05,13.7,20.5,3.5,12.0,43.75,34.25,106.0,224.0,21.5,27.0,2.25,10.65,490.0,78.0,24.25,6.55,13.65,18.9,6.95,5.5,6.0,5.8,270.0,12.3,501.0,4.25,1.05,6.05,26.75,84.5,2.8,95.0,30.0,21.0,65.5,17.05,199.0,18.0,19.0,26.5,2.85,6.3,17.1,20.75,2.8,14.85,31.5,159.0,3.4,147.7,,,,5.15,1.0,76.5,,12.55,,4.5,10.55,8.4,,,,,,,,,,,,,,
2017-02-22,8.3,19.95,146.0,909.0,89.5,10.65,5.95,13.95,20.0,3.55,12.05,44.0,34.8,107.0,224.0,21.5,27.0,2.25,10.7,490.0,77.0,25.0,6.55,13.8,19.2,6.95,5.5,6.0,6.15,270.0,12.4,501.0,4.4,1.0,6.0,26.75,84.0,2.65,95.0,30.0,20.75,67.0,17.1,203.25,18.0,20.75,25.0,2.7,6.3,17.35,20.75,2.75,14.85,31.5,160.0,3.25,148.71,,,125.39,4.7,1.0,76.5,,12.35,,4.7,11.15,8.0,,,,,,,,,,,,,,
2017-02-23,8.65,19.65,146.0,902.0,89.5,10.95,5.9,14.0,20.0,3.65,12.35,44.0,35.65,107.0,225.0,23.5,26.75,2.25,11.45,485.0,75.0,25.75,6.55,13.95,19.2,6.95,5.5,6.0,6.05,270.0,12.4,501.0,4.4,1.0,6.05,28.8,86.0,2.6,95.0,30.0,20.5,67.0,17.4,202.0,18.0,18.95,25.0,2.7,6.3,18.3,22.5,2.75,14.8,31.0,169.0,3.25,150.07,,,125.93,5.1,0.95,77.0,,12.65,,4.6,11.25,8.0,,,,,,,,,,,,,,
2017-02-24,8.75,19.75,146.0,902.0,89.5,10.75,5.8,13.95,20.0,3.8,12.5,43.5,35.4,106.0,226.0,25.5,26.75,2.3,11.15,486.0,75.0,25.75,6.5,13.95,19.1,6.95,5.5,6.0,6.1,297.0,12.4,501.0,4.35,1.0,6.0,30.55,89.0,2.65,95.0,30.0,20.75,67.0,17.5,204.75,18.05,18.75,25.5,2.75,6.3,18.0,21.0,2.7,14.85,29.25,169.0,3.25,150.45,,,126.53,4.65,1.0,79.0,,12.85,,4.6,11.7,8.0,,,,,,,,,,,,,,
2017-02-27,8.75,19.9,146.0,905.0,87.0,10.65,5.85,13.95,20.0,3.85,12.5,43.0,35.4,106.0,226.0,25.5,26.75,2.35,11.45,466.0,75.0,25.75,6.5,14.0,19.2,7.0,5.5,6.0,6.1,272.0,11.6,501.0,4.15,1.0,6.0,30.35,89.0,2.85,95.0,30.0,20.5,70.0,18.0,204.0,17.85,18.75,25.25,2.8,6.1,17.05,21.0,2.7,14.85,30.5,169.0,3.25,150.08,,,125.88,4.6,1.0,82.0,,12.8,,4.6,11.3,8.0,,,,,,,,,,,,,,
2017-02-28,8.5,19.65,146.0,905.0,87.0,10.6,5.8,13.55,20.0,3.8,12.55,43.0,35.15,105.0,225.0,25.5,26.25,2.4,11.05,485.0,75.0,25.25,6.1,14.0,19.55,6.9,5.5,6.0,5.95,272.0,10.6,501.0,4.3,1.0,5.95,30.0,87.0,2.9,95.0,30.0,20.0,69.0,18.05,205.0,17.75,18.75,25.5,2.8,5.6,17.0,22.0,2.6,14.85,29.0,169.0,3.25,148.26,,,124.89,4.6,0.95,79.0,,12.55,,4.6,11.4,8.0,,,,,,,,,,,,,,
2017-03-01,8.5,19.5,146.0,905.0,87.0,10.55,5.85,13.85,20.0,3.7,12.65,42.5,34.65,105.0,221.0,25.5,26.0,2.5,10.95,485.0,75.0,25.0,6.25,14.0,19.5,6.9,5.5,6.0,5.9,297.0,10.6,501.0,4.35,1.0,5.7,29.8,85.0,2.9,95.0,27.0,18.6,68.0,18.25,205.75,17.05,18.75,24.75,2.8,5.95,17.0,21.75,2.6,14.85,27.5,180.0,3.25,146.23,,,122.65,4.55,0.9,80.5,,12.6,,4.45,10.85,8.0,,,,,,,,,,,,,,
2017-03-02,8.6,19.6,146.0,900.0,87.0,10.5,5.85,13.6,20.0,3.8,12.5,42.0,35.55,104.0,219.0,25.5,25.75,2.55,10.9,485.0,75.0,25.0,6.25,14.0,19.5,6.8,5.5,6.0,5.95,297.0,10.8,501.0,4.3,1.05,5.6,27.25,85.5,2.9,95.0,27.0,19.0,67.5,18.15,207.25,17.0,18.75,25.0,2.8,5.65,17.0,23.0,2.65,14.85,30.0,180.0,3.25,145.94,,,122.33,4.6,0.95,80.5,,12.55,,4.1,10.8,8.0,,,,,,,,,,,,,,
2017-03-03,8.75,19.85,146.0,850.0,87.0,10.4,5.9,13.6,18.0,3.75,12.5,42.0,36.9,102.0,217.0,25.5,25.75,2.5,10.6,485.0,75.0,25.5,6.25,14.0,19.35,6.7,5.5,6.0,5.9,297.0,10.8,501.0,4.3,1.0,5.5,25.55,86.5,2.65,95.0,27.0,19.0,68.5,17.4,210.0,16.9,18.75,25.0,2.8,5.65,17.8,23.0,2.5,14.85,27.5,180.0,3.25,146.0,,,121.73,4.6,0.9,81.0,,12.2,,4.0,10.8,8.0,,,,,,,,,,,,,,
2017-03-06,8.85,19.5,146.0,850.0,87.0,10.45,5.85,13.65,18.9,3.65,12.4,42.0,35.95,105.0,215.0,25.5,25.75,2.45,10.55,485.0,75.0,25.75,6.25,14.05,19.4,6.75,5.5,6.0,5.9,297.0,11.05,501.0,4.05,1.0,6.0,25.05,82.0,2.8,95.0,27.0,20.25,70.0,17.4,209.75,16.8,18.0,26.0,2.8,5.25,17.05,22.5,2.45,14.85,27.5,180.0,3.25,145.96,,,126.73,4.65,0.9,81.0,,12.15,,4.0,10.8,8.0,,,,,,,,,,,,,,
2017-03-07,8.95,19.5,146.0,900.0,85.0,10.35,5.8,13.5,18.9,3.6,12.4,43.0,35.1,105.0,215.0,25.0,25.5,2.4,10.7,485.0,80.0,26.0,6.2,13.95,19.3,6.7,5.5,6.0,5.85,273.0,10.85,550.0,4.0,1.0,5.9,24.9,84.0,2.6,95.0,27.0,20.75,67.0,18.0,206.25,16.6,18.0,27.25,2.8,5.25,16.55,22.75,2.5,14.85,27.5,171.0,3.25,145.11,,,120.96,4.65,0.85,80.0,,12.05,,4.0,10.75,8.0,,,,,,,,,,,,,,
2017-03-08,8.95,19.75,140.0,856.0,87.0,10.25,5.55,13.65,18.9,3.6,12.55,42.0,34.8,104.0,215.0,25.0,25.75,2.4,10.95,485.0,79.0,27.0,6.25,13.5,19.25,6.75,5.5,6.0,5.8,273.0,10.7,550.0,3.95,1.0,6.15,24.6,84.0,2.4,95.0,27.0,20.25,67.0,18.0,206.0,16.2,18.75,27.0,3.05,5.75,18.1,22.75,2.25,14.85,27.25,171.0,3.25,145.56,,,119.62,4.6,0.8,80.0,,12.15,,3.85,10.8,8.0,,,,,,,,,,,,,,
2017-03-09,9.0,20.0,146.0,899.0,87.0,9.95,5.75,13.75,18.9,3.55,12.5,42.0,34.35,104.0,214.0,25.0,26.5,2.45,11.0,485.0,79.0,28.5,6.0,13.15,18.65,6.85,5.5,6.0,5.8,271.0,10.95,550.0,4.0,1.05,6.65,24.4,84.0,2.4,95.0,27.0,20.75,67.0,17.0,203.0,16.0,18.4,26.5,2.8,6.3,17.0,23.0,2.4,14.85,27.0,171.0,3.25,146.24,,,135.96,4.5,0.8,88.0,,11.85,,3.8,10.8,8.4,,,,,,,,,,,,,,
2017-03-10,9.05,19.05,147.0,899.0,87.0,9.95,5.7,13.75,18.9,3.55,12.45,42.0,34.65,104.0,213.0,25.0,27.0,2.5,11.05,485.0,79.0,29.5,6.0,13.0,19.05,6.8,5.5,6.0,5.75,271.0,11.0,500.0,4.0,1.0,6.2,24.6,85.0,2.4,95.0,27.0,20.25,65.0,17.95,205.5,16.9,18.75,27.25,2.8,5.75,18.0,21.5,2.45,14.85,27.25,179.0,3.25,148.88,,,122.47,4.6,0.8,83.0,,11.8,,3.8,10.85,8.4,,,,,,,,,,,,,,
2017-03-13,9.0,19.45,146.0,858.0,87.0,9.85,5.8,13.75,18.9,3.45,12.75,42.0,35.45,103.0,214.0,25.0,28.75,2.5,11.45,485.0,79.0,29.75,6.5,12.7,18.7,6.55,5.5,6.0,5.5,298.0,11.0,500.0,4.4,1.05,6.7,24.25,82.5,2.6,95.0,27.0,20.5,67.0,16.9,205.0,17.35,18.75,27.25,2.8,6.0,18.0,22.5,2.5,16.0,27.25,180.0,3.25,152.25,,,123.47,4.5,0.8,84.75,,12.1,,3.8,10.95,8.4,,,,,,,,,,,,,,
2017-03-14,8.95,19.45,150.0,858.0,81.0,9.4,5.75,13.25,18.9,3.4,12.7,42.0,34.0,103.0,214.0,25.0,29.0,2.55,11.4,485.0,79.0,29.75,6.45,12.75,18.85,6.5,5.5,6.0,5.55,298.0,11.0,500.0,4.05,0.95,6.3,23.1,85.0,2.65,95.0,29.0,21.25,63.0,17.95,204.5,18.25,20.25,25.75,2.85,5.8,18.1,21.25,2.45,16.0,27.5,166.0,3.25,153.31,,,126.79,4.5,0.75,85.0,,11.0,,3.8,10.5,8.25,,,,,,,,,,,,,,
2017-03-15,8.8,19.3,150.0,861.0,81.0,9.4,5.9,13.3,18.9,3.4,12.85,42.0,34.05,103.0,215.0,25.0,27.75,2.4,11.4,485.0,79.0,29.5,6.5,12.8,19.2,6.55,5.5,6.0,5.3,299.0,11.5,500.0,4.05,0.95,6.0,23.35,85.5,2.55,95.0,29.0,21.25,67.0,18.0,199.25,17.85,18.75,26.0,2.9,5.8,18.1,20.25,2.5,16.0,27.5,166.0,3.0,151.34,,,125.3,4.5,0.8,85.0,,11.55,,3.8,10.5,8.25,,,,,,,,,,,,,,
2017-03-16,8.7,19.2,147.0,861.0,81.0,9.45,5.8,13.75,18.9,3.3,12.9,42.0,35.0,107.0,218.0,25.0,28.25,2.4,11.4,485.0,79.0,29.25,6.5,12.85,19.2,6.5,5.5,6.0,5.3,299.0,11.5,500.0,4.25,0.95,5.95,22.8,86.0,2.6,95.0,29.0,21.5,65.5,16.8,200.0,17.55,18.75,27.75,2.75,5.9,18.0,22.0,2.5,16.0,27.5,166.0,3.0,151.82,,,124.76,4.5,0.8,84.0,,11.65,,3.85,10.4,8.25,,,,,,,,,,,,,,
2017-03-17,8.75,19.45,147.0,861.0,81.0,9.5,5.65,13.9,18.9,3.25,14.05,42.0,34.35,107.0,218.0,25.0,28.75,2.4,11.35,485.0,79.0,30.0,6.5,12.8,19.25,6.45,5.5,6.0,5.55,299.0,11.4,500.0,4.0,0.95,6.25,22.85,85.5,2.7,95.0,29.0,21.75,64.5,16.95,202.0,17.9,17.15,25.0,2.8,5.95,18.0,22.25,2.4,16.95,27.5,170.0,2.7,154.16,,,126.61,4.5,0.8,84.0,,11.2,,3.85,10.9,8.25,,,,,,,,,,,,,,
2017-03-20,8.9,19.25,147.0,857.0,81.0,9.9,5.95,14.0,18.9,3.2,14.0,46.0,34.55,103.0,220.0,25.0,29.5,2.4,11.45,450.0,79.0,31.5,6.5,12.7,19.7,6.45,5.5,6.0,5.5,277.0,11.85,500.0,4.0,0.95,6.0,23.35,85.5,2.65,95.0,28.75,21.75,64.0,16.9,201.75,17.95,17.15,25.0,2.95,5.95,18.0,23.25,2.4,16.95,27.25,170.0,2.6,156.57,,,127.2,4.6,0.85,85.0,,11.0,,3.85,10.85,8.25,,,,,,,,,,,,,,
2017-03-21,8.9,19.3,148.0,857.0,87.0,9.85,6.0,13.85,18.9,3.15,14.15,44.0,34.2,103.0,218.0,25.0,29.5,2.55,11.5,450.0,79.0,31.75,6.55,13.05,19.3,6.45,5.5,6.0,5.3,277.0,11.9,500.0,4.0,0.95,6.45,23.75,86.0,2.4,95.0,29.0,22.0,64.5,18.05,200.0,18.1,17.15,25.0,3.0,6.0,18.2,22.5,2.35,16.95,27.25,180.0,2.85,156.73,,,127.78,4.6,0.9,93.5,,11.5,,3.85,10.45,8.25,,,,,,,,,,,,,,
2017-03-22,9.15,19.3,150.0,850.0,87.0,9.9,5.95,13.95,18.9,3.2,14.1,43.0,34.45,114.0,221.0,25.0,29.75,2.7,11.65,435.0,79.0,31.75,6.55,12.95,19.35,6.5,5.5,6.0,5.75,277.0,11.95,500.0,4.0,0.95,6.45,24.2,90.5,2.5,95.0,29.0,21.75,64.0,17.5,201.0,18.1,17.5,25.0,2.8,6.3,18.0,23.0,2.4,16.95,27.5,180.0,2.85,157.72,,,128.38,4.5,0.9,93.5,,11.7,,3.85,10.5,8.25,,,,,,,,,,,,,,
2017-03-23,9.15,19.35,150.0,899.0,87.0,10.0,6.0,14.0,18.9,3.45,14.05,43.0,33.65,119.0,221.0,22.5,30.0,2.45,11.6,435.0,79.0,31.25,6.55,13.1,19.3,6.4,5.5,6.0,6.2,300.0,11.95,500.0,4.1,0.95,6.5,24.2,91.5,2.5,95.0,29.0,23.5,64.0,18.65,214.75,18.35,18.0,25.25,2.95,5.8,18.0,23.0,2.4,16.95,27.25,175.0,2.85,157.95,,,129.9,4.4,0.9,93.5,,11.9,,3.85,10.45,8.25,,,,,,,,,,,,,,
2017-03-24,9.0,19.4,160.0,880.0,89.5,10.1,6.0,13.95,18.9,3.45,13.95,46.25,33.8,120.0,221.0,22.5,30.25,2.45,11.8,473.0,79.0,31.5,6.55,12.85,19.35,6.45,5.5,6.0,5.9,300.0,12.0,500.0,4.25,0.95,6.45,24.5,93.0,2.55,95.0,29.0,22.5,63.5,17.55,218.5,18.45,18.0,25.25,3.0,5.7,18.0,23.0,2.45,16.95,27.25,180.0,2.65,158.29,,,130.61,4.15,0.95,93.5,,11.95,,3.85,10.45,8.25,,,,,,,,,,,,,,
2017-03-27,9.05,19.35,162.0,810.0,89.5,10.5,6.0,13.95,18.9,3.4,13.65,44.0,34.1,125.0,223.0,22.5,30.5,2.45,11.8,473.0,79.0,32.25,6.5,12.8,19.1,6.5,5.5,6.0,5.9,300.0,11.95,500.0,4.15,0.95,6.45,24.35,101.0,2.5,95.0,29.0,22.75,64.0,17.5,221.0,18.7,18.0,25.25,3.0,5.8,18.0,23.0,2.4,16.95,29.75,172.0,2.85,159.7,,,131.42,4.15,0.95,93.5,,12.85,,3.85,10.9,8.25,,,,,,,,,,,,,,
2017-03-28,9.0,19.4,158.0,813.0,89.5,10.45,6.0,13.5,18.9,3.4,13.7,44.0,34.0,125.0,224.0,22.5,31.25,2.5,11.25,491.0,79.0,32.75,6.55,12.8,19.05,6.5,5.5,6.0,5.95,300.0,11.9,550.0,4.3,0.95,6.55,24.7,100.0,2.7,95.0,29.0,23.75,63.5,18.05,222.75,18.6,19.0,24.75,3.0,6.2,18.1,23.0,2.35,16.95,28.5,172.0,2.85,160.67,,,131.52,4.55,0.95,92.75,,12.85,,4.2,11.1,8.0,,,,,,,,,,,,,,
2017-03-29,8.95,19.75,163.0,804.0,89.5,10.4,6.35,13.35,18.9,3.5,13.75,44.0,35.0,124.0,225.0,22.5,32.5,2.55,10.15,492.0,79.0,33.0,6.55,13.05,20.45,6.5,5.5,6.0,5.95,300.0,11.95,550.0,4.35,0.95,6.0,24.95,99.0,2.7,95.0,29.0,24.25,63.0,18.05,221.75,18.05,19.0,25.0,3.2,5.9,19.4,23.0,2.35,16.95,30.0,172.0,3.1,161.43,,,130.61,4.5,0.95,92.5,,12.85,,4.6,10.9,8.0,,,,,,,,,,,,,,
2017-03-30,8.85,19.95,161.0,800.0,89.5,10.4,6.25,13.75,18.9,3.45,13.95,44.0,34.85,123.0,226.0,22.0,32.75,2.6,9.82,500.0,79.0,34.25,6.55,12.75,19.05,6.45,5.5,6.0,6.0,300.0,11.5,550.0,4.65,0.95,6.1,25.95,98.0,2.65,95.0,26.5,24.25,62.5,18.0,215.25,17.95,19.0,25.0,3.1,5.8,19.9,23.0,2.3,16.95,30.0,161.0,3.1,162.39,,,130.43,4.6,0.95,92.5,,12.85,,4.3,10.7,8.0,,,,,,,,,,,,,,
2017-03-31,7.95,19.9,165.0,849.0,89.5,10.3,6.15,13.75,18.0,3.4,13.95,44.25,34.55,116.0,227.0,22.0,32.75,2.5,9.74,489.0,79.0,34.75,6.55,12.3,19.2,6.45,5.5,6.0,5.95,280.0,11.4,550.0,4.65,0.95,6.45,26.65,96.0,2.5,95.0,24.5,26.0,63.0,18.05,215.0,18.0,19.5,24.75,3.0,5.75,20.5,24.0,2.35,16.95,30.0,161.0,3.1,162.25,,,130.51,4.65,0.95,87.0,,13.2,,4.2,11.0,8.0,,,,,,,,,,,,,,
2017-04-03,7.9,19.95,165.0,849.0,89.5,10.45,6.0,13.5,18.0,3.3,13.95,44.0,34.8,115.0,225.0,22.0,33.0,2.55,10.1,489.0,79.0,34.0,6.3,12.7,19.1,6.4,5.5,6.0,5.95,280.0,11.4,550.0,4.45,0.95,6.0,28.4,96.0,2.4,95.0,24.0,25.75,63.5,18.0,214.25,18.45,19.7,25.0,2.85,6.3,19.65,24.0,2.5,16.95,29.75,161.0,3.1,162.02,,,131.5,5.0,0.95,89.75,,13.2,,4.2,10.9,8.0,,,,,,,,,,,,,,
2017-04-04,7.85,20.0,165.0,830.0,89.5,10.5,6.2,13.45,18.0,3.3,14.0,44.25,34.35,117.0,226.0,22.0,33.25,2.65,10.55,490.0,79.0,34.0,6.4,12.6,18.85,6.45,5.5,6.0,5.95,308.0,11.3,550.0,4.65,0.9,6.1,28.2,95.0,2.5,95.0,24.0,25.5,60.0,18.25,214.75,18.3,19.7,25.0,2.6,6.5,20.0,24.0,2.5,16.95,30.0,161.0,3.1,162.13,,,131.19,5.0,0.9,93.0,,13.15,,4.3,10.9,8.0,,,,,,,,,,,,,,
2017-04-05,7.8,20.0,165.0,830.0,89.5,10.4,5.7,13.1,18.0,3.35,14.0,44.25,34.05,118.0,227.0,22.0,33.75,2.6,10.55,490.0,79.0,33.75,6.55,12.75,19.5,6.45,5.5,6.0,5.95,308.0,11.9,550.0,4.45,0.9,6.05,29.45,92.0,2.5,95.0,24.0,25.75,60.0,18.1,211.0,18.3,19.7,25.0,2.5,6.1,19.75,23.5,2.7,16.95,27.0,161.0,3.1,162.62,,,131.32,5.0,0.9,93.0,,12.95,,4.35,10.85,8.0,,,,,,,,,,,,,,
2017-04-06,7.95,19.9,165.0,830.0,89.5,10.3,6.1,13.85,18.0,3.4,13.95,44.25,34.05,120.0,231.0,22.0,34.25,2.65,10.85,490.0,79.0,33.75,6.55,12.75,19.5,6.45,5.5,6.0,5.9,308.0,11.9,550.0,4.5,0.9,6.1,29.85,89.5,2.55,95.0,22.0,24.25,60.0,18.2,212.75,18.6,19.95,24.75,2.65,6.3,19.9,23.5,2.7,17.0,28.0,161.0,3.1,164.38,,,132.63,5.05,0.9,93.0,,12.8,,4.35,10.85,8.0,,,,,,,,,,,,,,
2017-04-07,8.0,19.9,164.0,830.0,89.5,10.3,6.0,13.75,18.0,3.4,13.95,44.25,34.0,120.0,231.0,22.0,34.75,2.65,10.8,490.0,79.0,33.75,6.55,12.8,19.1,6.6,5.5,6.0,5.95,308.0,11.5,550.0,4.45,0.9,6.05,30.5,89.5,2.55,95.0,22.0,24.25,60.0,18.0,213.0,18.65,19.9,24.75,2.65,6.4,19.9,23.5,2.7,17.0,30.0,161.0,3.1,164.9,,,132.95,5.0,0.9,93.0,,12.8,,4.35,11.0,8.0,,,,,,,,,,,,,,
2017-04-10,7.9,19.85,163.0,750.0,90.0,10.2,6.05,13.75,18.0,3.4,14.0,44.25,34.5,120.0,231.0,22.0,34.0,2.7,10.65,490.0,79.0,33.5,6.55,12.65,18.7,6.55,5.5,6.0,5.95,308.0,11.5,550.0,4.4,0.9,6.0,29.8,89.0,2.5,95.0,22.0,25.5,61.0,18.1,210.0,19.15,20.0,25.0,2.7,6.5,19.95,24.75,2.9,16.9,28.75,162.0,3.1,164.6,,,133.3,5.0,0.9,92.0,,12.75,,4.35,10.6,8.0,,,,,,,,,,,,,,
2017-04-11,7.8,19.9,162.0,824.0,90.0,10.05,6.0,13.6,18.0,3.45,14.05,44.25,33.8,120.0,235.0,22.0,32.0,2.75,10.65,468.0,79.0,33.0,6.5,12.5,18.2,6.5,5.5,6.0,5.95,308.0,11.5,550.0,4.6,0.9,5.95,29.95,89.0,2.25,95.0,22.0,27.75,62.0,18.0,210.5,19.25,19.95,25.0,2.85,6.95,21.5,23.75,2.8,16.9,27.0,177.0,3.2,162.89,,,133.45,4.65,0.9,90.0,,12.65,,4.45,10.85,8.0,,,,,,,,,,,,,,
2017-04-12,7.8,20.0,163.0,849.0,90.0,9.95,5.95,13.4,18.0,3.45,14.0,44.25,34.05,120.0,239.0,22.0,32.75,2.85,10.4,468.0,79.0,33.0,6.55,12.7,19.15,6.7,5.5,6.0,6.0,315.0,11.9,550.0,4.45,0.9,5.95,28.75,89.5,2.35,95.0,21.25,26.5,58.0,18.0,209.75,19.45,21.25,25.0,2.65,7.65,21.75,23.5,2.85,16.9,27.0,175.0,3.2,164.69,,,134.56,4.7,0.85,90.0,,12.75,,4.4,11.0,8.05,,,,,,,,,,,,,,
2017-04-13,7.85,20.5,160.0,849.0,89.5,9.95,6.0,13.0,18.0,3.45,13.95,44.25,34.0,120.0,242.0,22.0,33.0,2.7,10.7,468.0,72.5,33.0,6.55,12.6,19.65,6.55,5.5,6.0,6.35,315.0,11.9,550.0,4.6,0.9,5.95,27.75,90.5,2.35,95.0,21.25,24.5,58.0,18.0,206.0,19.6,21.25,25.0,2.65,7.45,20.75,23.5,2.9,16.9,27.0,176.0,3.3,165.68,,,135.08,4.55,0.85,90.25,,12.85,,4.4,11.5,8.05,,,,,,,,,,,,,,
2017-04-18,7.65,21.75,160.0,849.0,89.5,10.05,5.95,13.0,18.0,3.4,14.0,44.0,34.0,124.0,239.0,22.0,32.75,2.75,10.35,470.0,79.0,33.0,6.55,12.6,18.85,6.5,5.5,6.0,6.05,315.0,10.75,550.0,4.5,0.9,5.95,26.7,90.0,2.25,95.0,21.0,24.0,58.0,18.5,205.0,19.15,21.0,25.0,2.75,7.5,21.0,23.5,2.9,16.9,27.0,176.0,3.3,163.9,,,133.5,4.6,0.85,91.25,,13.0,,4.4,11.15,8.05,,,,,,,,,,,,,,
2017-04-19,7.9,22.0,160.0,850.0,92.0,10.05,5.7,13.1,18.0,3.4,13.95,44.0,34.9,125.0,240.0,22.0,32.5,2.65,10.2,467.0,79.0,33.25,6.5,12.6,18.5,6.55,5.5,6.0,6.2,311.0,10.0,550.0,4.5,0.9,5.95,26.5,90.5,2.4,95.0,21.0,26.0,58.0,18.65,204.0,19.15,21.0,22.5,2.85,7.4,21.0,23.0,2.9,16.8,27.0,176.0,3.3,164.59,,,133.81,4.6,0.85,91.0,,12.95,,4.4,11.15,7.9,,,,,,,,,,,,,,
2017-04-20,8.0,22.75,160.0,848.0,92.0,9.95,6.0,13.65,18.0,3.4,13.8,44.0,35.0,126.0,240.0,22.0,32.75,2.65,10.1,470.0,79.0,34.0,6.35,12.5,18.1,6.55,5.5,6.0,6.25,310.0,10.95,550.0,4.45,0.85,6.15,26.55,93.5,2.45,95.0,23.0,28.0,58.0,18.35,200.75,19.15,21.0,22.5,2.7,7.4,21.0,23.0,2.75,16.75,27.0,177.0,3.25,164.93,,,135.81,4.6,0.85,90.0,,12.95,,4.4,11.0,7.9,,,,,,,,,,,,,,
2017-04-21,7.95,23.0,162.0,770.0,92.0,10.0,5.75,13.1,18.0,3.35,14.05,44.0,35.75,120.0,240.0,22.0,32.75,2.65,10.65,465.0,79.0,34.0,6.3,12.5,18.35,6.5,5.5,6.0,6.15,310.0,11.9,550.0,4.4,0.85,6.2,26.85,92.5,2.45,95.0,23.0,27.0,58.0,19.0,208.0,19.1,21.0,24.75,2.7,7.3,20.75,23.0,2.75,16.75,27.0,177.0,3.2,165.19,,,133.5,4.65,0.85,90.0,,12.95,,4.4,10.9,7.9,,,,,,,,,,,,,,
2017-04-24,8.0,23.75,161.0,781.0,92.0,9.95,5.8,13.1,18.0,3.35,13.95,44.25,35.25,120.0,240.0,22.0,33.0,2.65,10.4,462.0,79.0,34.25,6.5,12.5,18.25,6.6,5.5,6.0,6.1,310.0,11.0,550.0,4.05,0.85,6.05,25.9,94.0,2.3,95.0,23.0,27.0,58.0,19.0,209.75,19.1,21.0,26.0,2.7,7.3,21.0,23.0,2.95,16.75,27.0,177.0,3.2,165.54,,,133.65,5.0,0.85,93.0,,12.9,,4.4,11.2,7.9,,,,,,,,,,,,,,
2017-04-25,8.05,24.0,160.0,780.0,92.0,9.95,5.95,13.1,18.0,3.35,13.95,44.5,35.25,125.0,238.0,22.0,33.25,2.65,10.3,462.0,79.0,31.25,6.5,12.55,18.2,6.45,5.5,6.0,6.05,309.0,10.8,550.0,4.4,0.85,6.15,25.55,94.5,2.1,95.0,23.0,26.75,59.0,19.2,209.5,18.95,21.25,26.0,2.9,7.9,21.0,23.0,2.95,16.5,27.0,177.0,3.2,162.77,,,132.71,4.7,0.8,93.0,,13.0,,4.1,11.0,7.9,,,,,,,,,,,,,,
2017-04-26,8.0,23.75,160.0,845.0,92.0,10.0,5.95,13.2,18.0,3.4,13.95,46.0,35.25,124.0,239.0,22.0,33.75,2.75,10.15,462.0,79.0,32.0,6.45,12.45,18.5,6.4,5.5,6.0,5.95,309.0,9.8,550.0,4.4,0.85,6.15,25.85,94.5,2.3,95.0,23.0,27.5,61.0,18.95,195.75,18.95,23.0,25.0,2.9,7.7,20.75,23.5,2.95,15.7,27.0,179.0,3.2,164.11,,,133.13,4.7,0.8,92.0,,13.0,,4.0,11.2,7.9,,,,,,,,,,,,,,
2017-04-27,8.15,24.0,160.0,845.0,92.0,9.95,6.0,13.05,18.0,3.4,13.95,46.25,35.85,124.0,236.0,22.0,33.75,2.75,10.35,465.0,79.0,32.0,6.4,12.65,18.85,6.3,5.5,6.0,5.9,309.0,9.95,550.0,4.45,0.9,6.2,25.8,94.5,2.3,95.0,23.5,27.0,62.5,19.0,196.75,19.0,21.5,25.0,2.7,7.85,21.0,23.75,3.1,16.75,27.0,179.0,3.2,163.63,,,133.24,5.0,0.8,91.0,,13.25,,4.0,11.0,7.9,,,,,,,,,,,,,,
2017-04-28,8.2,25.0,159.0,844.0,92.0,9.8,5.95,13.05,18.0,3.35,14.0,48.0,35.6,124.0,230.0,22.0,33.0,2.65,10.1,460.0,79.0,31.5,6.45,12.4,18.1,6.45,5.5,6.0,5.9,284.0,10.15,550.0,4.45,0.9,6.3,26.8,95.5,2.3,95.0,23.5,27.0,62.5,18.5,194.0,19.25,23.0,25.0,2.7,7.65,21.25,23.0,2.9,16.9,27.0,179.0,3.2,162.05,,,133.28,5.0,0.8,91.0,,13.0,,4.4,11.0,7.9,,,,,,,,,,,,,,
2017-05-02,8.2,19.95,160.0,817.0,92.0,9.95,5.45,13.05,18.0,3.35,14.05,48.25,35.9,125.0,233.0,22.0,33.0,4.05,10.35,460.0,79.0,31.75,6.5,12.35,18.15,6.45,5.5,6.0,5.9,290.0,11.0,550.0,4.2,0.9,6.45,26.45,98.5,2.25,95.0,23.5,27.25,63.0,18.6,194.75,19.5,25.0,25.5,2.75,7.7,23.0,23.5,2.8,15.95,28.0,180.0,3.2,163.56,,,134.0,5.0,0.85,91.0,,13.25,,4.4,10.65,7.9,,,,,,,,,,,,,,
2017-05-03,8.15,19.6,161.0,817.0,92.0,9.9,5.7,12.9,18.0,3.3,14.0,48.0,35.6,125.0,230.0,22.0,33.0,4.4,10.3,467.0,79.0,32.25,6.6,12.8,18.05,6.45,5.5,6.0,5.9,290.0,10.15,550.0,4.15,0.9,6.25,27.15,103.0,2.2,95.0,23.5,26.75,59.5,18.7,197.25,19.6,24.5,25.0,2.8,7.4,21.25,22.75,2.65,15.95,29.0,180.0,3.2,163.6,,,134.07,4.85,0.85,91.0,,13.6,,4.4,11.0,7.9,,,,,,,,,,,,,,
2017-05-05,8.1,19.95,160.0,817.0,90.0,10.05,5.7,12.8,18.0,3.25,14.3,50.5,36.25,124.0,233.0,22.0,34.5,4.2,10.15,465.0,79.0,33.0,6.6,12.4,18.05,6.5,5.5,6.0,6.35,315.0,10.7,550.0,4.3,0.85,6.35,27.3,101.0,2.25,95.0,23.0,26.0,62.0,18.6,192.75,19.75,25.5,24.75,2.7,7.0,20.5,22.75,2.65,15.95,29.0,172.0,3.1,166.38,,,135.22,5.0,0.85,91.0,,13.35,,4.4,11.0,7.9,,,,,,,,,,,,,,
2017-05-08,8.0,20.0,158.0,817.0,90.0,10.0,5.7,13.35,18.0,3.2,14.45,51.0,37.75,125.0,230.0,22.0,32.75,3.95,9.92,465.0,75.0,33.25,6.65,12.3,18.75,6.55,5.5,6.0,6.35,315.0,10.0,550.0,4.15,0.85,6.25,26.5,102.0,2.45,95.0,23.5,26.75,62.0,18.7,195.0,20.5,25.5,24.75,2.55,7.1,20.75,23.0,2.65,15.95,28.5,172.0,3.3,166.41,,,136.82,4.85,0.85,90.0,,13.5,,4.4,10.45,7.9,,,,,,,,,,,,,,
2017-05-10,7.95,21.5,158.0,781.0,83.0,10.15,5.4,13.0,18.0,3.2,15.95,56.0,39.0,125.0,230.0,22.0,32.25,3.45,9.88,450.0,75.0,33.75,6.6,12.45,18.5,6.7,5.5,6.0,6.35,315.0,9.85,550.0,4.1,0.8,6.25,27.8,101.0,2.45,95.0,23.5,25.5,63.0,18.6,196.0,20.0,26.75,25.0,2.5,7.05,20.75,23.0,2.55,15.95,29.0,172.0,3.3,167.04,,,135.88,4.95,0.8,90.0,,13.85,,4.2,10.5,7.9,,,,,,,,,,,,,,
2017-05-11,8.0,19.9,159.0,781.0,83.0,10.0,5.85,12.8,18.0,3.45,16.9,56.0,40.45,126.0,232.0,22.0,32.0,3.45,9.94,451.0,75.0,34.0,6.65,12.3,18.8,6.6,5.5,6.0,6.35,315.0,9.5,550.0,4.15,0.75,6.45,27.4,102.0,2.3,95.0,23.5,25.5,61.5,19.3,193.5,20.5,29.0,25.0,2.3,7.05,20.5,23.75,2.5,15.95,29.25,173.0,3.15,169.1,,,137.64,4.95,0.75,91.0,,14.0,,4.3,10.5,7.9,,,,,,,,,,,,,,
2017-05-12,8.0,20.0,158.0,819.0,85.0,10.1,5.75,13.3,17.0,3.7,16.6,56.0,43.9,126.0,229.0,22.0,32.75,3.45,10.0,452.0,75.0,35.0,6.65,12.4,18.8,6.55,5.5,6.0,6.8,316.0,8.9,550.0,4.4,0.75,7.0,27.05,103.0,2.3,95.0,23.5,27.25,64.0,18.6,197.75,20.25,30.0,25.0,2.3,7.0,20.5,22.0,2.5,15.95,28.75,173.0,3.0,170.37,,,137.8,5.0,0.75,91.0,,14.0,,4.2,10.5,7.5,,,,,,,,,,,,,,
2017-05-15,7.95,19.7,160.0,783.0,85.0,10.05,5.8,13.3,17.0,3.75,16.7,51.0,41.8,127.0,230.0,22.0,32.75,3.45,10.0,454.0,75.0,35.25,6.7,12.45,19.65,6.6,5.5,6.0,7.15,316.0,9.75,550.0,4.2,0.75,7.5,27.25,105.0,2.3,95.0,23.5,25.75,64.0,18.65,198.75,20.25,30.0,24.0,2.4,6.7,20.5,23.0,2.35,15.95,28.75,180.0,3.0,170.65,,,137.77,4.95,0.75,91.0,,14.5,,4.2,10.55,7.5,,,,,,,,,,,,,,
2017-05-16,7.9,19.5,160.0,782.0,84.0,10.1,5.6,13.3,17.0,3.65,16.8,55.0,40.85,129.0,222.0,22.0,33.0,3.5,10.0,459.0,75.0,36.25,6.75,12.35,19.9,6.5,5.5,6.0,7.15,316.0,10.05,550.0,4.15,0.75,7.85,28.35,105.0,2.3,95.0,23.0,25.25,64.5,18.9,196.0,20.25,28.5,25.0,2.5,6.9,20.25,23.0,2.45,15.95,27.0,177.0,3.0,170.5,,,137.67,5.05,0.75,91.0,,15.2,,4.0,10.55,7.55,,,,,,,,,,,,,,
2017-05-17,7.95,19.7,160.0,781.0,84.0,10.15,5.65,13.0,17.0,3.7,16.85,52.0,39.95,135.0,227.0,22.0,33.5,3.45,9.96,454.0,80.0,36.5,6.75,12.15,19.15,6.5,5.5,6.0,6.55,316.0,10.6,550.0,4.25,0.7,8.35,28.0,107.0,2.3,95.0,23.0,25.25,62.5,18.55,195.0,20.0,28.75,24.5,2.5,6.9,20.0,23.0,2.45,14.8,27.0,177.0,3.0,170.91,,,137.12,5.05,0.8,91.0,,14.6,,4.0,10.55,7.5,,,,,,,,,,,,,,
2017-05-18,7.95,19.95,160.0,781.0,84.0,10.2,5.75,12.8,17.0,3.7,16.95,56.5,37.7,134.0,230.0,22.0,34.5,3.5,10.0,460.0,80.0,37.75,6.85,12.05,19.15,6.45,5.5,6.0,6.5,316.0,10.0,550.0,4.1,0.75,8.05,28.45,108.0,2.3,95.0,23.5,25.0,64.5,19.1,198.25,20.25,28.75,24.75,2.7,6.9,20.0,22.75,2.3,15.9,27.0,177.0,2.7,173.37,,,135.85,5.15,0.8,91.0,,14.8,,4.0,10.4,7.5,,,,,,,,,,,,,,
2017-05-19,7.95,20.0,160.0,784.0,84.0,10.3,5.65,12.9,17.0,3.75,17.0,56.5,39.85,135.0,232.0,22.0,35.0,3.5,10.0,470.0,80.0,37.5,7.0,12.15,19.5,6.45,5.5,6.0,6.6,316.0,10.45,550.0,4.1,0.7,7.85,28.4,110.0,2.35,95.0,23.5,26.25,64.5,20.0,205.0,20.25,29.0,25.0,2.8,7.0,20.0,22.75,2.3,14.5,27.25,177.0,2.75,174.51,,,139.46,5.4,0.8,91.0,,14.9,,4.0,10.55,7.1,,,,,,,,,,,,,,
2017-05-22,7.95,20.0,160.0,784.0,84.0,10.45,5.75,12.9,17.0,3.65,17.45,56.5,39.85,136.0,233.0,24.0,35.5,3.0,10.0,496.0,77.0,37.75,7.0,12.15,19.6,6.5,5.5,6.0,6.55,316.0,10.45,550.0,4.1,0.7,7.5,28.1,112.0,2.35,95.0,23.5,25.75,65.0,20.0,200.0,20.25,29.75,25.0,2.7,7.05,20.25,24.5,2.25,15.95,27.25,178.0,2.75,176.25,,,140.83,5.3,0.8,90.5,,14.75,,4.0,10.55,7.2,,,,,,,,,,,,,,
2017-05-23,8.05,19.75,160.0,784.0,84.0,10.85,5.8,12.9,18.7,3.6,17.3,56.0,39.75,139.0,232.0,24.0,36.0,2.85,10.2,453.0,77.0,38.5,7.1,12.1,19.9,6.45,5.5,6.0,6.5,316.0,10.4,550.0,4.1,0.75,7.05,28.05,111.0,2.5,95.0,23.5,26.75,65.0,20.0,200.0,20.5,31.5,25.0,2.7,7.25,20.5,24.0,2.3,14.5,27.25,179.0,2.75,177.16,,,140.77,5.45,0.8,91.0,,14.7,,4.0,10.5,7.2,,,,,,,,,,,,,,
2017-05-24,8.25,20.0,164.0,784.0,84.0,11.2,5.75,12.7,18.7,3.6,17.35,56.5,39.9,138.0,233.0,24.0,38.0,2.6,10.0,460.0,80.0,39.5,7.15,12.1,20.05,6.5,5.5,6.0,6.6,315.0,10.4,550.0,4.0,0.75,6.45,28.65,116.0,2.55,95.0,23.5,27.75,69.5,20.25,201.0,21.0,32.0,25.0,2.75,7.2,20.75,23.25,2.25,14.5,29.75,180.0,2.75,180.97,,,143.48,5.3,0.8,91.0,,14.7,,4.0,10.6,6.5,,,,,,,,,,,,,,
2017-05-25,8.7,19.9,160.0,784.0,84.0,11.5,5.65,12.6,18.7,3.65,17.4,56.5,39.95,140.0,238.0,23.5,37.75,2.5,10.45,460.0,78.0,40.0,7.35,12.25,20.5,6.5,5.5,6.0,6.75,319.0,10.2,550.0,4.35,0.75,6.7,29.65,118.0,2.55,95.0,23.5,27.5,71.0,20.25,199.75,21.5,30.0,25.0,2.7,7.0,21.0,23.0,2.3,14.5,28.0,180.0,2.75,183.65,,,145.55,5.25,0.8,91.0,,15.0,,4.0,11.0,6.5,,,,,,,,,,,,,,
2017-05-26,8.6,20.5,175.0,799.0,90.0,11.85,5.75,13.3,18.7,3.65,17.5,56.5,39.85,140.0,239.0,24.0,38.0,2.55,10.6,460.0,78.0,39.0,7.4,12.15,20.65,6.6,5.5,6.0,6.95,319.0,10.45,550.0,4.45,0.75,6.8,30.4,117.0,2.55,95.0,23.5,27.5,72.0,20.5,209.5,21.75,30.0,27.0,2.6,7.05,20.75,23.0,2.25,14.45,28.0,182.0,3.0,183.71,,,147.07,5.2,0.8,91.0,,15.0,,4.0,10.8,7.0,,,,,,,,,,,,,,
2017-05-29,8.55,20.5,175.0,799.0,90.0,12.5,5.75,13.35,17.9,3.7,16.3,56.5,39.85,140.0,241.0,24.0,36.75,2.3,10.65,454.0,80.0,38.25,7.8,12.15,20.5,7.0,5.5,6.0,6.9,319.0,10.95,550.0,4.75,0.75,6.8,30.6,112.0,2.55,95.0,23.5,27.75,70.5,20.0,200.0,21.5,30.0,25.0,2.55,7.0,20.0,23.0,2.25,14.45,28.0,184.0,3.1,181.73,,,145.59,5.2,0.85,92.0,,14.7,,3.6,10.35,7.0,,,,,,,,,,,,,,
2017-05-30,8.75,21.25,174.0,799.0,85.0,12.1,5.7,13.3,19.0,3.65,16.3,59.0,39.4,139.0,241.0,25.0,37.75,2.35,10.15,454.0,80.0,38.5,7.9,12.25,20.45,7.35,5.5,6.0,6.85,319.0,10.5,550.0,4.75,0.75,6.5,30.45,115.0,2.55,95.0,25.25,25.5,70.5,20.0,200.75,21.0,33.0,25.0,2.7,7.35,20.5,23.0,2.25,14.45,30.0,185.0,3.3,182.06,,,144.62,5.05,0.85,92.0,,14.9,,3.6,10.8,7.0,,,,,,,,,,,,,,
2017-05-31,8.95,20.5,169.0,799.0,85.0,11.85,5.75,12.85,19.0,3.75,16.6,56.5,39.5,140.0,240.0,25.0,38.0,2.35,9.8,453.0,80.0,39.75,7.8,12.45,20.6,7.2,5.5,6.0,6.8,325.0,10.5,550.0,4.75,0.75,6.65,30.75,115.0,2.4,95.0,25.25,25.5,70.5,18.8,202.0,22.25,33.0,26.75,2.7,7.3,20.0,23.0,2.45,14.25,29.75,185.0,3.3,185.75,,,148.4,5.2,0.85,92.5,,14.95,,3.6,10.45,7.0,,,,,,,,,,,,,,
2017-06-02,9.0,22.25,170.0,800.0,85.0,11.45,5.7,12.8,19.0,3.65,17.05,59.0,39.65,143.0,240.0,25.0,39.25,2.5,9.76,426.0,79.0,40.0,7.85,12.3,20.45,7.3,5.5,6.0,6.85,325.0,10.45,550.0,4.7,0.75,7.0,32.0,117.0,2.35,95.0,25.25,27.25,70.0,18.4,202.75,22.5,33.0,27.25,2.5,7.3,22.0,21.75,2.3,15.65,30.5,184.0,3.3,187.49,,,150.08,5.2,0.8,100.0,,14.95,,3.6,10.65,7.0,,,,,,,,,,,,,,
2017-06-05,9.15,20.75,170.0,790.0,85.0,11.45,5.65,12.7,19.0,3.8,17.3,59.0,39.5,147.0,240.0,25.0,39.25,2.6,9.78,426.0,78.0,40.75,7.9,12.35,20.15,7.3,5.5,6.0,6.75,325.0,10.75,550.0,4.6,0.8,6.95,33.0,117.0,2.35,97.0,25.25,27.25,70.5,18.1,202.75,22.25,34.25,27.0,2.65,7.3,21.5,22.0,2.25,14.2,30.5,184.0,3.3,188.32,,,149.63,5.65,0.8,100.0,,15.3,,3.95,10.6,7.5,,,,,,,,,,,,,,
2017-06-06,9.5,20.75,170.0,795.0,85.0,11.3,5.65,12.7,19.0,3.75,17.55,59.0,39.4,142.0,233.0,25.0,39.25,2.7,10.0,426.0,80.0,40.0,7.85,12.3,20.25,7.4,5.5,6.0,6.65,325.0,10.5,550.0,4.6,0.8,6.9,33.05,116.0,2.35,97.0,27.75,25.75,72.0,17.85,202.0,22.0,35.75,27.25,2.6,7.3,22.25,21.25,2.25,14.0,30.0,184.0,3.0,186.45,,,148.25,5.25,0.8,94.0,,15.25,,3.95,10.55,7.0,,,,,,,,,,,,,,
2017-06-07,9.6,20.75,170.0,795.0,90.0,11.35,5.7,12.5,20.0,3.8,17.45,57.0,39.25,141.0,238.0,25.0,39.25,2.45,10.05,428.0,80.0,40.0,7.85,12.4,20.4,7.35,5.5,6.0,6.85,325.0,10.45,560.0,4.65,0.85,7.0,33.4,116.0,2.35,97.0,27.75,25.5,73.0,18.35,202.0,22.25,34.75,29.0,2.65,7.15,21.75,21.75,2.2,13.9,30.0,184.0,3.0,187.74,,,149.29,5.25,0.75,93.25,,15.15,,3.95,10.45,6.75,,,,,,,,,,,,,,
2017-06-08,9.5,20.75,171.0,795.0,90.0,11.7,5.65,12.8,20.0,3.8,17.45,57.0,39.8,141.0,238.0,25.0,39.25,2.45,10.25,429.0,78.0,40.0,7.95,12.35,20.5,7.3,5.5,6.0,6.8,293.0,10.25,600.0,4.95,0.85,6.95,32.6,115.0,2.3,97.0,28.0,26.25,71.5,18.0,203.0,22.25,34.75,27.75,2.65,7.5,21.75,21.75,2.3,13.8,30.0,184.0,3.1,187.87,,,149.28,5.75,0.75,93.0,,15.25,,3.95,10.8,6.75,,,,,,,,,,,,,,
2017-06-09,9.75,20.5,170.0,795.0,90.0,11.65,5.5,12.55,20.0,3.75,17.3,57.0,40.0,142.0,237.0,27.5,39.0,2.4,10.25,429.0,80.0,39.75,8.0,12.15,20.75,7.2,5.5,6.0,6.3,293.0,10.35,600.0,4.85,0.9,6.95,31.0,115.0,2.3,97.0,28.0,26.0,72.0,17.55,206.25,22.75,33.5,29.0,2.7,7.5,21.75,21.75,2.25,14.0,30.0,185.0,3.3,188.27,,,150.53,5.3,0.75,93.0,,15.45,,3.95,11.2,6.75,,,,,,,,,,,,,,
2017-06-12,9.6,20.5,169.0,794.0,90.0,11.95,5.75,12.55,20.0,3.75,17.2,57.0,40.0,145.0,239.0,27.5,39.75,2.4,10.3,428.0,80.0,38.75,8.25,12.15,20.75,7.35,5.5,6.0,5.7,294.0,10.65,600.0,5.05,0.9,7.65,30.8,103.0,2.3,97.0,28.0,26.5,70.0,18.5,205.25,22.75,34.0,28.75,2.6,7.5,21.0,23.0,2.2,13.8,30.0,185.0,3.5,188.11,,,150.42,5.55,0.75,93.0,,15.6,,3.85,11.25,6.75,,,,,,,,,,,,,,
2017-06-13,9.5,20.75,175.0,793.0,90.0,12.45,5.55,12.55,20.0,3.75,17.15,57.0,39.5,150.0,241.0,27.5,39.5,2.45,10.3,428.0,80.0,38.25,8.45,12.1,20.9,7.5,5.5,6.0,5.15,294.0,10.7,600.0,5.0,0.95,8.35,31.6,104.0,2.35,97.0,28.0,25.5,70.0,18.15,204.5,23.5,36.0,27.5,2.35,7.35,21.0,23.75,2.25,13.8,30.0,184.0,3.3,189.03,,,152.93,5.35,0.75,100.0,,15.45,,3.95,11.5,6.75,,,,,,,,,,,,,,
2017-06-14,9.5,20.75,175.0,793.0,90.0,12.5,5.55,12.05,20.0,3.8,17.4,57.0,38.9,150.0,245.0,27.5,39.75,2.4,10.05,429.0,80.0,38.0,8.45,12.9,20.85,7.85,5.5,6.0,4.8,294.0,10.75,600.0,5.45,1.05,8.5,31.2,103.0,2.35,97.0,28.0,26.0,71.5,17.7,207.25,23.0,36.0,26.5,2.35,7.1,21.25,24.0,2.15,13.8,30.0,184.0,3.3,189.14,,,155.03,5.5,0.75,101.0,,15.75,4025.47,3.95,11.5,6.75,,,,,,,,,,,,,,
2017-06-15,9.65,21.0,167.0,795.0,90.0,12.55,5.35,12.7,20.0,3.8,17.3,57.0,39.9,146.0,249.0,27.5,40.0,2.35,10.2,429.0,72.0,37.75,8.5,12.5,20.9,7.9,5.5,6.0,5.25,294.0,10.9,600.0,5.45,1.1,9.25,32.95,108.0,2.35,97.0,28.0,26.0,71.5,18.65,207.5,23.25,36.5,27.0,2.45,7.2,21.0,24.0,2.2,13.0,29.75,190.0,3.25,190.4,,,152.94,5.5,0.75,100.0,,15.75,,3.6,11.7,6.75,,,,,,,,,,,,,,
2017-06-16,9.6,21.0,167.0,795.0,90.0,13.0,5.6,12.85,20.0,3.85,17.2,57.0,41.4,152.0,256.0,27.5,39.0,2.45,10.35,430.0,72.0,37.0,8.6,12.75,20.8,7.95,5.5,6.0,5.7,294.0,11.0,600.0,5.25,1.15,9.85,33.65,105.0,2.45,97.0,28.0,25.75,71.5,18.7,207.0,23.5,36.5,29.0,2.65,6.8,20.5,25.5,2.2,14.0,32.0,190.0,3.25,190.91,,,154.08,5.35,0.8,101.0,,15.8,,3.6,12.2,6.75,,,,,,,,,,,,,,
2017-06-19,9.9,21.75,167.0,795.0,90.0,13.45,5.55,12.75,21.0,4.1,17.05,62.0,41.8,152.0,260.0,27.5,38.0,2.4,10.0,430.0,75.0,36.0,8.8,12.75,20.35,8.15,5.5,6.0,5.85,294.0,11.35,600.0,5.1,1.2,10.7,34.0,107.0,2.4,97.0,28.0,25.75,73.0,19.45,209.75,23.0,39.0,27.0,2.6,6.8,20.5,25.25,2.15,13.9,32.0,189.0,3.25,190.88,,,152.97,5.6,0.8,100.0,,16.05,,3.6,12.8,6.5,,,,,,,,,,,,,,
2017-06-20,9.95,21.75,168.0,795.0,85.0,13.35,5.55,12.7,21.0,4.25,17.0,59.0,42.05,153.0,260.0,27.0,38.25,2.55,10.2,450.0,80.0,37.0,8.85,12.65,20.5,8.25,5.5,6.0,5.7,294.0,11.25,600.0,5.25,1.25,11.1,34.25,107.0,2.5,97.0,28.0,26.5,73.0,19.15,208.75,22.75,38.0,29.0,2.4,6.85,20.0,24.5,2.15,13.8,32.0,189.0,3.25,191.62,,,152.74,5.7,0.8,100.0,,16.8,,3.6,12.2,6.25,,,,,,,,,,,,,,
2017-06-21,10.0,22.0,168.0,794.0,85.0,13.45,5.8,12.0,21.0,4.3,16.95,59.0,43.35,153.0,267.0,27.0,38.25,2.4,10.3,430.0,75.0,37.5,8.85,12.9,21.0,8.15,5.5,6.0,5.55,294.0,11.4,600.0,5.1,1.25,11.3,34.8,107.0,2.3,97.0,28.0,26.25,73.0,18.05,205.0,22.75,36.0,27.0,2.4,6.85,20.0,25.0,2.15,13.8,32.0,189.0,3.4,193.31,,,153.23,5.7,0.85,101.0,,17.0,,3.6,12.8,6.8,,,,,,,,,,,,,,
2017-06-22,10.0,21.75,170.0,800.0,93.0,13.3,5.6,12.65,21.0,4.2,17.0,64.0,43.3,154.0,265.0,27.0,37.5,2.5,10.0,430.0,75.0,37.5,8.75,13.0,20.95,8.25,5.5,6.0,5.45,294.0,11.55,600.0,5.0,1.15,10.8,34.25,107.0,2.45,97.0,29.0,26.5,72.0,18.8,209.25,23.25,36.75,27.0,2.55,6.8,20.5,24.5,2.15,13.75,30.5,189.0,3.3,192.9,,,154.35,5.7,0.85,101.0,,17.0,,3.6,12.95,6.8,,,,,,,,,,,,,,
2017-06-23,10.0,21.75,180.0,800.0,102.0,13.2,5.6,12.4,21.0,4.1,17.0,65.5,42.35,156.0,264.0,27.0,37.5,2.45,10.0,429.0,75.0,37.75,8.7,13.1,20.7,8.45,5.5,6.0,5.55,319.0,11.45,600.0,5.05,1.1,10.25,32.0,107.0,2.4,97.0,30.75,27.5,72.0,18.45,209.0,23.0,39.0,27.25,2.65,6.8,20.75,24.5,2.1,13.75,31.0,190.0,3.55,192.72,,,154.59,5.75,0.8,103.0,,17.15,,3.6,12.5,6.8,,,,,,,,,,,,,,
2017-06-27,9.65,22.0,180.0,838.0,102.0,12.8,5.6,12.5,21.0,4.05,16.95,71.5,41.85,157.0,263.0,26.5,37.75,2.45,10.35,429.0,80.0,37.75,8.55,13.3,21.4,8.3,5.5,6.0,5.4,319.0,11.45,600.0,5.05,1.0,10.25,33.9,107.0,2.45,97.0,30.75,26.5,74.0,18.75,214.75,23.5,37.5,27.0,2.65,6.75,21.0,25.0,2.1,13.75,31.25,190.0,3.55,191.75,,,155.56,5.7,0.8,103.0,,16.8,,3.6,12.15,6.2,,,,,,,,,,,,,,
2017-06-28,9.85,22.0,183.0,838.0,102.0,12.55,5.3,12.9,21.0,4.05,16.85,71.5,40.95,164.0,259.0,26.5,37.75,2.45,10.4,430.0,80.0,37.0,8.4,13.85,21.45,8.05,5.5,6.0,5.3,319.0,11.35,600.0,5.0,1.0,9.3,32.8,105.0,2.45,97.0,30.75,26.5,74.0,18.8,208.0,23.0,37.5,28.75,2.45,6.9,20.75,23.25,2.1,13.5,30.0,190.0,3.7,190.07,,,154.32,5.7,0.85,103.0,,15.95,,3.6,12.35,6.7,,,,,,,,,,,,,,
2017-06-29,9.9,22.0,183.0,802.0,93.0,12.7,5.3,13.6,21.0,4.05,16.65,76.0,41.3,160.0,260.0,26.5,37.75,2.4,10.6,430.0,80.0,37.5,8.0,13.95,20.1,8.0,5.5,6.0,5.25,319.0,11.35,600.0,5.0,1.05,9.2,32.25,107.0,2.45,97.0,30.75,26.5,71.5,19.4,207.25,23.0,37.75,27.0,2.45,7.0,21.25,23.25,2.15,13.3,30.0,190.0,3.55,189.83,,,153.22,5.55,0.9,103.25,,16.0,,3.6,12.35,6.7,,,,,,,,,,,,,,
2017-06-30,9.95,20.5,186.0,847.0,93.0,12.65,5.6,13.6,21.0,4.05,16.9,72.5,41.65,160.0,259.0,26.5,37.5,2.35,10.45,440.0,80.0,37.75,7.95,14.0,20.75,7.95,5.5,6.0,5.0,310.0,11.4,600.0,5.05,1.1,8.9,33.7,108.0,2.5,97.0,30.75,26.5,71.0,20.0,208.0,22.75,39.25,28.75,2.5,6.6,21.25,22.25,2.15,12.55,30.25,190.0,3.55,189.82,,,152.92,5.05,0.95,103.5,,16.7,,3.6,12.55,6.2,,,,,,,,,,,,,,
2017-07-03,9.85,21.25,189.0,801.0,93.0,12.85,5.6,13.5,21.0,4.05,14.85,75.5,41.55,161.0,251.0,26.5,38.0,2.35,10.35,431.0,80.0,37.75,8.15,13.95,20.35,7.85,5.5,6.0,5.2,319.0,11.95,600.0,4.9,1.1,8.6,34.1,107.0,2.5,97.0,30.75,26.5,73.0,20.0,207.5,22.75,36.0,27.0,2.5,7.0,21.5,22.25,2.2,13.75,30.5,183.0,3.5,190.64,,,152.63,5.35,1.0,106.0,,16.7,,3.95,12.6,6.2,,,,,,,,,,,,,,
2017-07-04,9.85,21.0,188.0,801.0,100.0,12.9,5.6,13.0,21.0,4.0,14.2,76.0,42.0,161.0,245.0,26.5,37.75,2.35,10.35,430.0,79.0,38.0,7.85,13.8,20.0,7.95,5.5,6.0,5.3,300.0,11.95,600.0,4.95,1.1,8.75,33.95,109.0,2.6,97.0,30.75,25.5,74.0,20.0,208.0,23.0,34.5,26.5,2.5,6.65,21.0,22.25,2.35,13.35,31.0,183.0,3.5,188.68,,,151.88,5.1,1.05,106.0,,16.85,,3.95,12.45,6.6,,,,,,,,,,,,,,
2017-07-06,9.8,21.75,190.0,800.0,93.0,13.65,5.8,13.7,21.0,4.1,14.0,72.5,41.85,161.0,249.0,24.0,37.5,2.35,10.3,428.0,79.5,37.75,7.9,13.6,19.95,8.05,5.5,6.0,4.95,300.0,11.95,600.0,5.05,1.1,8.9,33.5,108.0,2.6,97.0,33.5,25.5,74.0,20.5,214.5,22.75,35.0,28.75,2.6,7.0,20.75,23.5,2.25,13.5,30.5,185.0,3.5,188.35,,,151.5,5.0,1.1,104.0,,16.8,,3.9,12.2,6.7,,,,,,,,,,,,,,
2017-07-07,9.55,22.0,190.0,803.0,93.0,14.2,5.8,13.7,21.0,4.15,13.95,72.5,41.6,164.0,251.0,24.0,37.25,2.35,10.4,430.0,80.0,37.75,7.95,13.5,19.9,8.15,5.5,6.0,4.95,300.0,11.9,600.0,5.0,1.1,8.9,33.55,109.0,2.6,97.0,33.5,26.5,74.5,20.25,214.0,23.0,35.75,27.0,2.6,7.3,21.5,23.0,2.25,12.3,30.5,185.0,3.5,188.77,,,152.24,5.0,1.05,104.0,,16.85,,3.9,12.15,6.6,,,,,,,,,,,,,,
2017-07-10,9.5,21.75,189.0,804.0,95.0,14.4,5.7,12.95,20.0,4.2,14.0,72.5,41.95,164.0,249.0,24.0,37.0,2.35,10.0,430.0,85.0,37.75,7.95,13.7,19.75,8.1,5.5,6.0,4.9,301.0,11.65,599.0,5.1,1.05,8.75,33.5,110.0,2.8,97.0,35.0,25.0,73.5,20.5,213.75,23.0,34.5,27.75,2.55,7.15,21.0,24.5,2.3,13.5,30.5,185.0,3.5,188.48,,,152.12,5.3,1.1,104.0,,16.7,,3.9,12.1,6.4,,,,,,,,,,,,,,
2017-07-11,9.55,21.75,188.0,800.0,95.5,14.55,6.0,13.0,20.0,4.2,13.95,72.5,41.85,165.0,246.0,24.0,37.5,2.3,10.05,430.0,84.5,38.0,7.9,14.0,19.8,8.15,5.5,6.0,4.95,319.0,11.4,599.0,5.1,1.0,8.65,34.0,108.0,2.55,97.0,35.0,24.75,74.5,20.75,212.75,23.0,34.25,28.0,2.55,7.45,20.5,25.25,2.45,13.5,30.5,186.0,3.5,188.78,,,152.19,4.9,1.0,104.0,,16.75,,3.9,12.95,6.4,,,,,,,,,,,,,,
2017-07-12,9.5,21.75,190.0,801.0,95.5,15.8,5.95,13.1,20.0,4.35,13.95,72.5,41.55,169.0,247.0,21.75,37.25,2.35,10.35,430.0,83.0,38.0,7.85,14.0,20.5,8.15,5.5,6.0,5.05,319.0,11.35,599.0,5.1,1.0,9.2,33.95,107.0,2.5,97.0,35.0,25.25,76.0,21.0,213.5,23.0,32.0,27.0,2.7,7.45,21.0,24.5,2.45,13.5,30.5,186.0,3.5,189.33,,,152.56,4.9,1.0,105.0,,16.75,,3.9,12.95,6.0,,,,,,,,,,,,,,
2017-07-13,9.5,21.75,189.0,800.0,95.5,15.8,5.8,13.7,20.0,4.45,13.95,72.5,41.95,169.0,246.0,21.75,37.5,2.45,10.5,430.0,83.0,38.75,7.85,14.0,20.25,8.15,5.5,6.0,5.05,319.0,11.7,600.0,5.0,1.0,10.1,34.15,109.0,2.35,97.0,32.5,25.5,76.5,22.25,215.0,23.0,31.75,28.0,2.7,7.35,21.0,24.0,2.65,13.5,30.5,186.0,3.5,190.1,,,152.99,4.9,1.05,107.0,,16.95,,3.9,13.0,6.0,,,,,,,,,,,,,,
2017-07-14,9.6,21.75,190.0,800.0,95.5,14.3,5.8,13.0,20.0,4.45,14.0,72.5,41.5,165.0,249.0,21.75,38.0,2.45,10.55,430.0,85.0,39.25,7.95,14.05,20.25,8.1,5.5,6.0,5.05,317.0,11.45,600.0,5.2,1.05,10.9,33.75,105.0,2.5,97.0,32.5,26.5,76.0,21.75,217.0,23.0,32.25,28.0,2.7,7.4,21.0,24.0,2.85,12.3,31.75,186.0,3.5,190.53,,,153.13,4.9,1.1,109.5,,18.55,,3.9,12.6,5.55,,,,,,,,,,,,,,
2017-07-17,9.6,21.75,182.0,800.0,95.0,14.15,5.8,13.0,20.0,4.5,14.5,70.0,41.15,179.0,250.0,21.75,38.75,2.4,10.5,428.0,84.0,39.75,7.85,14.1,19.9,8.05,5.5,6.0,4.85,317.0,11.7,600.0,5.05,1.0,11.05,33.95,107.0,2.5,97.0,32.0,25.0,79.5,21.75,215.0,23.0,32.0,29.0,2.7,7.5,21.0,24.0,3.05,12.2,31.75,185.0,3.5,191.74,,,153.63,4.95,1.1,107.75,,18.3,,3.9,12.9,5.85,,,,,,,,,,,,,,
2017-07-18,9.55,21.5,190.0,800.0,96.0,13.95,5.8,13.0,20.0,4.55,14.5,70.0,41.5,175.0,253.0,22.0,39.5,2.35,10.55,430.0,85.0,39.75,7.8,14.55,20.0,8.1,5.5,6.0,4.55,316.0,11.9,600.0,5.0,1.0,11.1,33.95,106.0,2.5,97.0,32.0,26.25,79.5,22.0,215.0,22.75,32.0,27.0,2.75,7.4,21.25,25.75,3.0,12.2,30.5,189.0,3.6,192.33,,,154.06,5.15,1.05,107.75,,18.0,,3.9,12.4,5.3,,,,,,,,,,,,,,
2017-07-19,9.6,21.75,190.0,786.0,97.0,14.0,5.85,13.0,20.0,4.5,14.85,72.0,40.6,175.0,252.0,23.0,39.75,2.35,10.5,430.0,85.0,39.25,7.75,14.55,20.45,8.1,5.5,6.0,4.55,316.0,12.35,600.0,5.4,1.0,10.2,34.3,107.0,2.5,97.0,32.0,25.5,80.0,22.25,215.25,23.0,35.0,27.0,2.75,7.5,21.75,25.25,2.9,13.2,31.5,180.0,3.85,192.31,,,154.19,5.15,1.05,107.0,,18.15,,3.9,12.25,5.5,,,,,,,,,,,,,,
2017-07-20,9.65,21.5,190.0,786.0,97.0,13.8,5.85,13.05,20.0,4.6,14.9,70.0,40.55,179.0,253.0,23.0,39.25,2.5,10.45,429.0,85.0,39.75,7.75,14.6,20.1,8.2,5.5,6.0,4.85,316.0,12.0,600.0,5.4,1.0,10.35,34.0,108.0,2.5,97.0,32.0,25.75,79.5,22.0,215.0,23.0,37.0,26.5,2.7,7.4,21.25,25.75,2.95,13.0,32.0,180.0,3.85,192.79,,,154.31,5.2,1.05,108.0,,18.8,,3.9,11.85,5.5,,,,,,,,,,,,,,
2017-07-21,9.65,21.5,189.0,786.0,97.0,13.75,5.8,13.6,20.0,4.95,14.95,72.0,40.35,179.0,254.0,25.0,39.75,2.35,10.35,417.0,84.5,39.75,7.8,14.95,20.95,8.2,5.5,6.0,4.9,316.0,12.0,600.0,5.35,1.05,10.9,33.85,108.0,2.6,97.0,32.0,25.0,79.5,22.0,217.5,23.25,37.0,26.5,2.8,7.3,22.0,25.0,3.15,13.0,32.0,180.0,3.65,193.95,,,155.3,5.2,1.05,107.0,,19.05,,3.55,12.0,5.3,,,,,,,,,,,,,,
2017-07-24,9.65,21.5,190.0,786.0,97.0,13.85,5.95,13.5,20.0,4.75,14.95,72.0,40.35,179.0,255.0,25.0,40.25,2.5,10.25,417.0,85.0,39.75,7.85,14.9,20.8,8.25,5.5,6.0,4.75,316.0,11.95,600.0,5.35,1.05,11.0,34.0,108.0,2.6,97.0,32.0,25.5,82.0,22.0,233.25,23.25,36.0,26.5,2.95,7.75,21.5,24.0,3.4,13.05,32.0,180.0,3.95,194.63,,,156.11,5.15,1.05,107.0,,19.8,,3.55,11.95,4.85,,,,,,,,,,,,,,
2017-07-25,9.75,21.5,190.0,799.0,99.0,13.85,5.95,13.25,20.0,4.8,15.0,72.0,40.0,180.0,262.0,25.0,40.75,2.5,10.35,430.0,85.0,39.5,7.95,14.95,20.5,8.25,5.5,6.0,4.6,316.0,12.0,600.0,5.25,1.05,10.2,34.95,108.0,2.6,97.0,32.0,26.0,80.0,22.0,221.25,23.5,32.5,27.0,2.8,7.65,21.5,23.0,3.65,13.05,32.0,180.0,3.95,195.81,,,157.05,5.05,1.05,107.75,,20.05,,3.55,12.05,4.4,,,,,,,,,,,,,,
2017-07-26,9.7,21.5,191.0,800.0,99.0,14.95,6.1,13.15,20.0,4.9,15.15,72.5,40.45,180.0,264.0,25.0,41.0,2.4,10.55,430.0,85.0,39.75,8.1,14.7,21.5,8.4,5.5,6.0,4.4,316.0,12.05,600.0,5.4,1.05,10.05,34.0,108.0,2.6,97.0,32.0,25.25,80.0,23.75,219.0,23.75,32.0,27.0,2.75,7.7,21.5,23.0,3.85,13.05,32.0,180.0,3.95,197.72,,,158.35,5.2,1.05,107.0,,20.05,,3.55,12.9,4.4,,,,,,,,,,,,,,
2017-07-27,9.75,21.5,190.0,800.0,99.0,14.45,6.35,13.35,20.0,4.8,15.1,74.0,40.45,180.0,264.0,25.0,41.0,2.5,10.45,430.0,85.0,40.0,8.05,14.9,21.95,8.45,5.5,6.0,4.45,316.0,12.05,600.0,5.35,1.05,9.95,34.1,110.0,2.65,97.0,32.0,26.75,80.0,22.25,217.0,23.75,32.0,27.75,2.9,7.65,22.75,25.25,3.6,13.5,32.0,180.0,4.0,197.67,,,158.4,5.2,1.05,109.75,,19.5,,3.55,12.75,4.2,,,,,,,,,,,,,,
2017-07-28,9.75,21.5,191.0,820.0,99.0,14.45,6.5,13.35,20.0,4.85,15.4,71.0,40.5,183.0,264.0,25.5,41.25,2.35,10.45,420.0,85.0,41.0,8.15,15.05,21.95,8.5,5.5,6.0,4.2,320.0,12.95,600.0,5.0,1.05,10.0,34.95,113.0,2.8,97.0,32.0,27.0,80.0,21.75,221.0,24.5,35.0,27.0,2.75,7.65,22.0,23.5,3.8,13.2,32.0,186.0,4.0,200.09,,,161.18,5.15,1.05,108.0,,19.95,,3.9,12.0,4.4,,,,,,,,,,,,,,
2017-07-31,9.8,21.0,190.0,820.0,99.0,14.45,6.45,13.1,20.0,4.85,15.65,75.0,40.3,184.0,264.0,25.5,40.75,2.4,10.45,430.0,85.0,40.75,8.45,15.05,21.45,8.75,5.5,6.0,4.35,320.0,12.75,600.0,5.1,1.05,9.55,33.9,108.0,2.7,97.0,32.0,25.25,80.0,23.5,221.75,24.5,35.0,27.0,2.65,7.5,22.0,24.0,3.6,14.2,30.5,180.0,4.0,200.66,,,161.35,5.05,1.05,114.75,,19.0,,3.85,12.2,4.5,,,,,,,,,,,,,,
2017-08-01,9.45,20.5,190.0,800.0,91.0,14.0,5.9,12.7,20.0,4.9,15.65,72.5,40.9,184.0,265.0,25.5,40.75,2.4,10.4,430.0,84.0,39.5,8.15,14.85,20.55,8.5,5.5,6.0,4.3,320.0,12.45,600.0,4.95,1.1,10.0,32.55,108.0,2.5,97.0,32.0,24.5,80.0,22.5,220.0,23.75,35.0,27.25,2.75,7.3,21.25,23.0,3.5,14.0,31.75,180.0,3.95,197.91,,,158.35,5.0,1.05,111.0,,19.15,,3.5,12.0,4.5,,,,,,,,,,,,,,
2017-08-02,9.55,20.25,190.0,800.0,95.0,13.8,6.3,12.5,20.0,4.9,15.65,73.0,40.95,184.0,264.0,25.5,40.75,2.35,10.45,431.0,84.0,39.5,8.1,14.95,20.95,8.45,5.5,6.0,4.25,320.0,12.75,600.0,4.95,1.1,9.8,32.55,107.0,2.45,97.0,31.0,25.0,80.0,22.25,220.0,24.0,37.0,27.25,2.6,7.4,20.25,23.0,3.45,13.0,31.75,180.0,3.95,197.92,,,158.94,5.0,1.05,115.0,,20.2,,3.5,12.05,4.5,,,,,,,,,,,,,,
2017-08-03,9.55,21.0,191.0,800.0,99.0,13.9,6.1,12.35,20.0,4.9,15.6,75.0,41.55,185.0,269.0,27.0,39.75,2.35,10.4,440.0,84.0,40.5,8.2,15.25,22.0,8.45,5.5,6.0,4.0,320.0,12.5,600.0,5.2,1.1,9.45,32.65,109.0,2.6,97.0,31.0,25.25,80.5,23.25,220.0,23.75,37.0,27.5,2.6,7.4,21.0,23.25,3.4,13.9,34.0,180.0,4.0,198.82,,,158.94,5.15,1.05,115.0,,19.6,,3.75,12.0,4.6,,,,,,,,,,,,,,
2017-08-04,9.55,21.0,192.0,800.0,99.0,14.15,6.15,12.35,20.0,4.9,15.55,75.0,41.7,182.0,267.0,27.0,39.75,2.35,10.5,435.0,84.0,40.5,8.35,15.3,21.7,8.4,5.5,6.0,4.2,320.0,12.75,600.0,5.15,1.1,9.55,32.0,108.0,2.65,97.0,31.0,25.25,80.0,23.75,221.0,23.5,35.0,27.5,2.75,7.2,20.5,25.5,3.45,14.2,31.75,180.0,4.0,198.62,,,158.17,5.15,1.0,115.0,,20.0,,3.85,12.5,4.6,,,,,,,,,,,,,,
2017-08-07,9.65,21.0,193.0,800.0,99.0,14.4,6.15,12.4,20.0,4.95,15.7,72.5,41.75,184.0,266.0,27.0,40.25,2.4,10.45,435.0,84.0,41.5,8.5,15.4,21.45,8.7,5.5,6.0,4.35,309.0,12.65,600.0,5.05,1.1,9.5,32.8,109.0,2.65,97.0,31.0,27.0,80.0,23.75,222.0,23.5,35.0,27.25,2.7,7.55,21.5,25.5,3.7,14.2,29.0,185.0,4.0,200.52,,,158.83,5.15,1.0,115.0,,19.55,,3.9,12.05,4.5,,,,,,,,,,,,,,
2017-08-09,9.95,21.5,193.0,800.0,99.0,14.85,6.15,12.4,20.0,5.15,15.85,75.0,42.05,185.0,265.0,28.0,41.25,2.4,10.8,450.0,84.0,42.5,8.55,15.75,22.4,8.95,5.5,6.0,4.55,309.0,12.65,600.0,5.1,1.15,9.85,34.0,112.0,2.65,97.0,31.0,26.5,80.0,21.5,222.0,23.75,35.0,27.0,2.7,7.55,21.5,25.5,4.0,13.9,29.0,190.0,4.0,203.63,,,160.54,5.2,1.0,115.0,,20.05,,3.9,12.0,4.9,,,,,,,,,,,,,,
2017-08-10,10.3,21.0,193.0,800.0,99.0,14.55,6.4,13.0,20.0,5.15,15.9,75.0,42.95,185.0,267.0,28.0,41.0,2.35,11.5,463.0,84.0,42.5,8.9,16.05,21.85,9.5,5.5,6.0,4.55,309.0,13.4,600.0,5.3,1.1,10.0,35.05,114.0,2.6,97.0,31.0,27.0,81.0,23.0,227.0,24.25,35.0,27.5,2.55,7.65,22.5,25.5,3.95,14.05,29.5,186.0,4.0,206.3,,,162.74,5.15,1.0,115.0,,20.5,,4.2,12.35,4.75,,,,,,,,,,,,,,
2017-08-11,10.6,21.0,193.0,800.0,100.0,14.9,6.5,13.3,20.0,5.6,16.15,75.0,43.7,189.0,268.0,28.0,42.75,2.45,11.6,470.0,84.0,43.5,9.2,16.15,22.0,10.1,5.5,6.0,4.6,309.0,13.5,600.0,5.25,1.15,11.0,36.5,117.0,2.75,97.0,31.0,26.0,81.0,23.25,230.0,24.5,35.0,27.75,2.55,7.7,23.0,25.5,4.15,13.0,32.25,186.0,4.0,210.76,,,165.0,5.25,1.05,115.0,,21.0,,4.65,12.25,4.95,,,,,,,,,,,,,,
2017-08-14,11.5,21.0,194.0,800.0,109.0,15.1,6.9,13.45,20.0,6.1,16.95,75.0,44.6,190.0,267.0,28.0,44.0,2.45,12.2,470.0,84.0,45.25,9.9,16.3,22.0,10.95,5.5,6.0,4.95,309.0,13.8,600.0,5.3,1.2,11.85,36.3,117.0,2.8,97.0,31.0,24.5,85.0,23.25,232.0,25.0,35.0,30.0,2.8,7.8,23.5,27.5,4.45,13.0,32.75,179.0,4.0,218.4,,,168.81,5.2,1.1,120.0,,22.85,,4.85,12.35,4.75,,,,,,,,,,,,,,
2017-08-15,11.6,20.75,194.0,800.0,108.0,15.5,6.95,13.1,20.0,6.65,17.5,76.0,45.15,189.0,266.0,28.0,44.25,2.5,13.2,467.0,91.5,45.25,9.75,16.45,22.45,11.05,5.5,6.0,5.05,309.0,14.0,600.0,5.45,1.25,11.9,36.25,116.0,2.85,97.0,31.0,25.75,84.5,23.25,236.5,24.75,35.0,30.75,2.8,7.6,24.25,27.25,4.4,14.05,33.75,179.0,3.6,219.67,,,168.71,5.25,1.1,120.0,,23.2,,4.5,12.85,4.9,,,,,,,,,,,,,,
2017-08-16,11.05,20.75,194.0,800.0,108.0,15.5,6.85,13.25,20.0,6.4,17.5,75.5,45.15,190.0,269.0,25.5,43.75,2.45,12.85,479.0,91.5,44.75,9.2,16.3,22.1,10.9,5.5,6.0,5.05,309.0,14.0,600.0,5.35,1.3,11.75,36.35,115.0,3.0,97.0,31.0,25.5,83.0,23.75,233.0,24.25,35.0,30.25,2.75,8.1,24.25,27.0,4.15,14.0,34.5,179.0,3.6,216.96,,,166.79,5.3,1.1,124.5,,23.1,,4.45,12.8,5.1,,,,,,,,,,,,,,
2017-08-17,10.75,20.75,195.0,800.0,108.0,15.35,6.6,13.3,20.0,6.1,17.4,76.0,44.1,190.0,269.0,25.25,43.0,2.45,11.9,450.0,92.0,44.0,9.2,16.4,22.2,10.55,5.5,6.0,5.0,309.0,13.95,600.0,5.35,1.25,11.8,36.25,115.0,3.3,97.0,31.0,26.5,82.5,24.0,234.25,24.25,33.5,30.0,2.8,8.05,23.5,27.5,4.05,14.0,34.5,180.0,3.5,214.7,,,166.08,5.3,1.1,124.5,,23.95,,4.45,12.9,5.2,,,,,,,,,,,,,,
2017-08-18,10.45,20.75,199.0,801.0,108.0,15.15,7.0,13.05,20.0,6.2,16.2,76.5,42.3,190.0,269.0,25.25,43.0,2.45,11.45,464.0,91.5,44.0,9.25,15.45,22.05,10.15,5.5,6.0,4.95,309.0,13.95,600.0,5.3,1.2,11.5,36.25,114.0,3.35,97.0,33.0,26.0,81.5,23.75,233.5,24.25,33.5,29.75,2.75,8.0,23.5,25.5,3.95,13.75,31.75,180.0,3.6,210.7,,,165.2,5.3,1.1,124.25,,23.95,,4.4,12.1,5.15,,,,,,,,,,,,,,
2017-08-21,10.35,20.0,199.0,801.0,108.0,15.1,7.0,13.0,20.0,6.25,16.45,78.0,42.95,190.0,268.0,25.25,43.0,2.45,10.55,464.0,92.0,44.25,9.25,15.5,21.0,10.65,5.5,6.0,4.75,309.0,13.95,600.0,5.0,1.15,11.3,36.2,112.0,3.3,97.0,33.0,26.75,82.5,23.75,230.5,24.75,33.5,30.25,2.6,7.8,23.25,27.0,4.0,14.0,31.5,186.0,3.6,211.89,,,166.61,5.0,1.1,126.0,,23.85,,4.4,12.2,5.15,,,,,,,,,,,,,,
2017-08-22,10.3,20.0,199.0,802.0,99.5,15.1,6.9,13.0,20.0,6.25,16.35,76.5,42.85,184.0,267.0,25.25,42.75,2.45,10.7,464.0,92.0,44.75,9.2,16.2,21.5,10.95,5.5,6.0,4.4,309.0,13.95,574.0,5.3,1.15,11.35,36.1,114.0,3.25,97.0,33.0,25.75,81.5,24.5,230.75,24.75,35.0,30.5,2.8,7.75,23.25,28.75,4.0,14.1,32.0,180.0,3.6,212.29,,,166.57,5.0,1.1,125.0,,23.75,,4.75,12.2,4.7,,,,,,,,,,,,,,
2017-08-23,10.4,20.0,196.0,802.0,108.0,15.45,6.85,13.0,20.0,6.2,16.55,76.5,42.35,184.0,266.0,25.25,43.0,2.5,11.25,464.0,92.0,45.0,9.3,16.45,21.6,11.1,5.5,6.0,4.6,309.0,13.9,574.0,5.15,1.15,11.15,36.9,114.0,3.0,97.0,32.25,25.75,81.5,24.5,231.0,25.0,35.0,30.5,2.8,7.65,24.0,28.0,4.0,14.1,32.5,180.0,3.6,213.84,,,167.53,5.0,1.1,125.0,,23.35,,4.45,12.05,4.8,,,,,,,,,,,,,,
2017-08-24,10.55,20.0,199.0,802.0,106.0,14.95,6.9,12.95,20.0,6.15,16.7,76.5,42.5,190.0,267.0,25.25,43.25,2.45,11.35,464.0,92.0,45.25,9.45,16.45,21.4,11.45,5.5,6.0,4.65,309.0,13.85,540.0,5.0,1.15,11.5,36.95,114.0,3.15,97.0,32.25,26.75,82.0,24.0,232.0,25.25,35.0,30.5,2.7,7.75,24.0,27.75,4.05,14.05,34.0,180.0,3.6,215.25,,,167.53,5.05,1.1,125.0,,22.65,,4.75,12.2,4.7,,,,,,,,,,,,,,
2017-08-25,10.6,19.6,191.0,810.0,106.0,15.1,6.8,13.0,20.0,6.2,16.95,76.0,42.7,188.0,266.0,25.25,43.5,2.45,11.65,464.0,92.0,45.5,9.7,16.75,21.9,11.55,5.5,6.0,4.6,309.0,13.7,540.0,5.0,1.2,11.9,37.1,115.0,3.25,97.0,31.0,26.5,81.5,24.0,233.0,26.5,35.0,30.0,2.6,7.7,24.75,28.75,4.0,14.05,33.0,166.0,3.9,218.26,,,172.31,5.05,1.1,125.75,,22.45,,4.4,12.5,4.75,,,,,,,,,,,,,,
2017-08-28,10.8,19.75,189.0,810.0,110.0,15.1,6.7,13.1,20.0,6.15,16.9,76.0,42.9,189.0,267.0,25.25,44.25,2.45,11.6,464.0,90.0,45.25,9.9,16.95,22.0,11.65,5.5,6.0,4.55,309.0,13.95,540.0,4.9,1.2,11.6,37.5,115.0,3.25,97.0,31.0,27.0,82.0,23.75,239.0,26.75,35.0,29.75,2.65,7.7,24.5,27.0,3.95,14.0,32.5,166.0,3.9,219.76,,,173.47,5.1,1.1,123.0,,21.5,,4.0,12.45,4.5,,,,,,,,,,,,,,
2017-08-29,10.6,19.5,189.0,804.0,106.0,15.0,6.05,12.8,20.0,6.0,17.0,78.0,42.95,188.0,263.0,25.25,43.75,2.4,11.6,468.0,90.0,45.25,9.8,16.85,21.8,11.2,5.5,6.0,4.6,309.0,13.9,540.0,4.85,1.15,11.85,38.0,115.0,3.05,97.0,28.0,26.5,81.5,22.5,238.0,26.75,35.0,29.0,2.6,7.15,24.75,28.0,3.9,14.0,32.5,170.0,4.05,218.15,,,173.47,4.6,1.15,123.75,,21.3,,4.3,12.25,4.15,,,,,,,,,,,,,,
2017-08-30,10.55,19.55,187.0,801.0,106.0,14.95,5.9,12.85,20.0,5.95,17.0,78.0,42.9,188.0,262.0,27.0,43.75,2.4,11.6,471.0,90.0,45.25,9.8,16.8,21.8,11.3,5.5,6.0,4.85,309.0,13.7,540.0,5.2,1.15,12.0,37.95,114.0,3.0,97.0,27.0,27.0,81.0,23.0,235.75,26.25,35.0,29.25,2.7,6.6,24.5,27.0,3.9,14.0,34.0,170.0,4.0,217.38,,,172.75,5.0,1.15,125.5,,21.0,,3.95,12.35,4.05,,,,,,,,,,,,,,
2017-08-31,10.65,19.4,185.0,801.0,106.0,15.0,5.95,13.0,20.0,5.95,17.05,78.0,43.65,185.0,260.0,26.0,43.75,2.45,11.6,484.0,90.0,45.0,9.7,16.8,21.95,11.3,5.5,6.0,4.65,309.0,13.9,540.0,4.9,1.15,11.9,40.65,114.0,2.9,97.0,26.25,26.75,81.0,23.25,237.5,25.5,35.0,29.25,2.8,7.1,24.75,27.5,3.85,14.0,33.0,170.0,4.2,216.24,,,172.75,4.95,1.1,125.0,,20.9,,4.15,12.2,3.65,,,,,,,,,,,,,,
2017-09-01,10.25,18.35,185.0,800.0,103.0,14.3,5.85,12.9,21.5,5.55,16.7,77.0,43.0,179.0,257.0,26.0,40.25,2.4,11.55,468.0,90.0,43.75,9.2,16.35,21.55,10.75,5.5,6.0,4.55,315.0,13.65,540.0,4.65,1.15,11.3,38.75,113.0,2.9,97.0,26.25,25.0,79.5,22.5,231.0,24.25,34.0,28.75,2.8,7.1,24.5,26.25,3.75,14.0,32.5,174.0,4.05,208.62,,,162.91,4.7,1.0,124.75,,20.45,,3.95,12.25,3.55,,,,,,,,,,,,,,
2017-09-04,10.25,17.7,179.0,800.0,103.0,13.8,5.75,12.9,21.5,5.55,16.0,76.0,41.9,180.0,250.0,26.0,40.0,2.35,10.9,460.0,90.0,41.5,9.05,16.25,22.4,10.3,5.5,6.0,4.55,315.0,13.4,540.0,4.5,1.1,11.2,38.0,112.0,2.8,97.0,26.0,24.25,80.0,21.25,225.25,24.0,34.0,28.75,2.8,7.0,24.25,26.25,3.55,14.0,32.5,174.0,4.05,203.35,,,160.33,4.4,1.0,124.0,,19.05,,4.0,12.2,3.45,,,,,,,,,,,,,,
2017-09-05,10.4,16.6,180.0,800.0,105.0,13.4,5.5,13.0,21.5,5.5,16.2,76.5,42.2,177.0,246.0,26.0,38.75,2.3,10.95,460.0,90.0,41.75,9.2,15.65,22.45,10.25,5.5,6.0,4.55,315.0,13.0,540.0,4.45,1.1,11.0,38.8,113.0,2.6,97.0,26.0,23.25,78.0,21.0,233.75,24.75,34.0,28.5,2.65,6.85,24.0,26.0,3.8,13.25,33.0,171.0,3.65,203.59,,,161.9,4.7,1.0,124.0,,19.1,,3.95,12.1,3.45,,,,,,,,,,,,,,
2017-09-06,10.35,16.3,180.0,800.0,105.0,13.85,5.8,12.95,21.5,5.7,16.3,76.0,42.2,177.0,249.0,26.0,39.0,2.3,11.4,479.0,90.0,42.0,9.25,15.85,21.1,10.2,5.5,6.0,4.55,324.0,13.3,540.0,4.9,1.1,10.85,38.75,111.0,2.65,97.0,26.0,23.0,80.0,21.0,233.0,24.75,33.0,28.5,2.6,7.0,22.5,25.75,4.0,13.25,33.5,170.0,3.65,204.82,,,162.27,4.7,1.05,120.0,,19.25,,4.0,12.45,3.2,,,,,,,,,,,,,,
2017-09-07,10.35,16.35,180.0,800.0,105.0,13.9,5.65,12.9,21.5,5.7,16.3,76.0,42.0,177.0,249.0,26.0,39.25,2.35,11.65,476.0,90.0,42.25,9.2,16.45,20.9,10.3,5.5,6.0,4.4,324.0,13.0,540.0,5.0,1.15,10.9,40.9,112.0,2.65,97.0,26.0,23.0,80.0,21.25,234.75,25.25,33.0,28.5,2.6,6.85,22.75,25.0,4.0,13.5,30.25,170.0,3.6,206.2,,,164.0,4.75,1.05,123.0,,19.05,,4.0,12.25,2.95,,,,,,,,,,,,,,
2017-09-08,10.35,16.4,180.0,800.0,105.0,13.95,5.6,13.0,21.5,5.8,16.45,76.0,42.0,179.0,249.0,26.0,39.0,2.3,11.5,476.0,90.0,42.25,9.2,16.5,21.35,10.65,5.5,6.0,4.55,336.0,13.45,540.0,5.3,1.1,10.5,39.15,113.0,2.9,97.0,27.0,25.25,80.0,20.75,234.75,25.75,33.0,28.5,2.5,7.0,22.5,26.5,3.95,13.95,32.0,170.0,3.6,207.34,,,165.65,4.75,1.05,124.25,,18.95,,4.1,12.0,2.95,,,,,,,,,,,,,,
2017-09-11,10.3,15.1,180.0,800.0,103.0,14.0,5.45,12.6,21.5,5.85,16.55,76.0,42.0,182.0,249.0,26.0,39.0,2.35,11.4,478.0,81.0,42.0,9.3,16.3,20.95,10.4,5.5,6.0,4.75,336.0,13.6,540.0,5.5,1.1,10.8,39.75,113.0,2.9,97.0,27.0,26.5,80.5,18.75,235.25,26.0,33.0,27.5,2.65,6.95,23.0,26.5,3.8,13.95,32.0,174.0,3.6,207.48,,,166.32,4.9,1.05,124.0,,19.0,,4.0,11.8,2.9,,,,,,,,,,,,,,
2017-09-12,10.3,16.45,180.0,840.0,109.0,13.95,5.6,12.9,21.5,5.85,16.45,80.0,42.0,183.0,247.0,26.0,39.0,2.35,11.2,478.0,81.0,42.0,9.45,16.45,21.3,10.85,5.5,6.0,4.8,320.0,13.15,540.0,5.55,1.1,10.45,39.95,112.0,2.9,97.0,27.0,26.5,80.0,18.75,238.5,26.0,33.25,27.5,2.65,7.0,23.0,28.0,3.9,13.95,30.25,174.0,3.6,207.78,,,166.76,4.85,1.05,125.0,,18.95,,4.0,11.6,2.9,,,,,,,,,,,,,,
2017-09-13,10.45,15.05,179.0,807.0,109.0,13.8,5.75,12.9,21.5,5.75,16.55,80.0,41.45,182.0,246.0,23.5,38.75,2.45,11.0,478.0,81.0,42.0,9.35,16.45,21.0,10.5,5.5,6.0,4.75,320.0,13.05,540.0,5.55,1.1,11.2,39.75,111.0,2.9,97.0,27.0,26.5,81.0,19.0,238.75,25.25,33.25,28.25,2.75,7.0,23.5,28.0,3.8,13.95,31.0,174.0,3.6,206.03,,,164.17,4.9,1.05,125.0,,18.85,,4.4,11.45,2.75,,,,,,,,,,,,,,
2017-09-14,10.35,14.85,179.0,807.0,103.0,14.0,5.9,12.95,21.5,5.85,16.65,80.0,41.75,182.0,249.0,23.5,39.0,2.45,11.15,479.0,81.0,42.0,9.35,16.55,20.95,10.45,5.5,6.0,4.55,320.0,12.75,540.0,5.5,1.1,11.0,40.0,112.0,3.05,97.0,28.0,26.25,80.5,19.1,239.0,25.25,33.25,28.25,2.8,7.0,23.5,28.0,3.85,13.95,31.0,174.0,3.6,206.81,,,164.48,4.8,1.05,126.0,,18.55,,4.4,11.55,2.65,,,,,,,,,,,,,,
2017-09-15,10.4,13.7,179.0,807.0,103.0,14.05,5.8,12.95,21.5,5.55,16.6,80.0,41.65,182.0,249.0,23.5,39.0,2.5,11.05,475.0,81.0,42.0,9.35,16.55,20.8,10.55,5.5,6.0,4.75,320.0,13.0,540.0,5.5,1.05,10.95,40.2,115.0,3.1,97.0,26.75,26.5,80.0,18.05,240.0,25.25,35.75,29.75,2.8,7.0,23.5,28.0,3.9,14.0,31.75,175.0,3.6,206.74,,,164.49,4.9,1.05,129.0,,18.55,,4.15,11.5,2.5,,,,,,,,,,,,,,
2017-09-18,10.4,13.2,188.0,800.0,105.0,14.75,5.65,12.75,21.5,5.75,16.6,77.0,41.1,181.0,249.0,23.5,40.0,2.35,11.0,479.0,81.0,41.75,9.35,16.5,20.8,10.45,5.5,6.0,4.55,320.0,12.85,540.0,5.5,1.05,10.9,39.95,113.0,2.8,97.0,26.75,26.25,79.0,17.8,240.0,24.25,36.0,29.5,2.55,6.95,23.0,27.75,3.8,14.0,32.0,175.0,3.3,205.8,,,162.03,4.85,1.05,129.0,,17.9,,4.15,11.4,2.5,,,,,,,,,,,,,,
2017-09-19,10.4,13.55,180.0,800.0,101.0,14.95,5.55,12.95,21.5,5.7,16.55,76.0,41.0,182.0,253.0,23.5,39.5,2.35,11.0,480.0,80.0,42.0,9.3,16.55,20.05,10.35,5.5,6.0,4.55,320.0,12.8,540.0,5.6,1.05,10.35,39.9,113.0,2.9,97.0,26.75,26.5,78.0,18.05,240.0,25.0,36.0,29.25,2.6,6.95,23.25,26.5,3.75,14.0,32.0,170.0,3.3,207.03,,,163.94,4.9,1.05,129.0,,17.65,,4.5,11.25,2.5,,,,,,,,,,,,,,
2017-09-20,10.45,13.35,180.0,800.0,101.0,14.95,5.7,12.95,21.5,5.7,16.55,76.0,41.0,182.0,252.0,23.25,39.75,2.35,11.0,480.0,80.0,42.75,9.25,16.55,20.0,10.4,5.5,6.0,4.65,330.0,12.8,540.0,5.25,1.1,10.45,40.45,113.0,2.9,97.0,29.25,25.75,78.0,18.05,239.75,25.25,36.0,29.25,2.7,6.95,23.0,26.5,3.6,13.95,32.0,170.0,3.3,207.93,,,164.78,4.95,1.05,129.0,,17.15,,4.2,11.95,2.5,,,,,,,,,,,,,,
2017-09-21,10.45,12.65,180.0,800.0,101.0,14.95,5.9,12.75,21.5,5.6,16.75,76.0,41.05,182.0,247.0,23.25,39.75,2.5,10.95,480.0,80.0,43.0,9.2,16.5,20.45,10.3,5.5,6.0,4.65,330.0,13.05,540.0,5.35,1.1,10.0,40.0,113.0,3.15,97.0,29.25,25.5,78.5,18.05,240.25,25.75,36.0,29.75,2.7,6.6,23.25,26.0,3.75,13.95,32.0,170.0,3.3,208.44,,,166.02,4.9,1.0,128.75,,17.6,,4.1,11.9,2.25,,,,,,,,,,,,,,
2017-09-22,10.4,12.2,185.0,800.0,101.0,14.95,5.75,12.75,21.5,5.6,16.95,76.0,41.25,184.0,248.0,24.75,39.5,2.4,10.9,480.0,74.0,43.0,8.95,16.55,21.7,10.25,5.5,6.0,4.65,330.0,13.4,540.0,5.45,1.05,10.2,39.6,110.0,3.05,97.0,29.25,26.25,79.5,17.45,238.75,25.75,36.0,29.5,2.7,6.6,23.25,26.0,3.75,13.95,30.5,170.0,3.3,208.11,,,165.91,4.9,1.05,125.75,,17.5,,4.15,11.35,2.25,,,,,,,,,,,,,,
2017-09-25,10.35,11.75,185.0,800.0,101.0,14.95,5.55,12.9,21.5,5.45,17.0,76.0,41.4,185.0,250.0,25.0,39.0,2.45,10.7,480.0,74.0,42.5,8.9,16.55,20.55,10.35,5.5,6.0,4.65,330.0,13.0,540.0,5.5,1.05,10.0,39.45,110.0,3.1,97.0,29.25,25.5,79.5,18.1,238.0,25.75,39.0,29.5,2.7,6.5,23.5,25.0,3.65,13.5,31.25,170.0,3.3,207.59,,,165.72,4.9,1.05,129.0,,18.25,,4.2,11.2,2.4,,,,,,,,,,,,,,
2017-09-26,10.3,11.1,180.0,800.0,101.0,14.95,5.5,12.85,21.5,5.45,16.9,76.0,41.5,185.0,249.0,25.0,39.25,2.4,10.55,480.0,74.0,41.75,8.85,16.55,20.0,10.35,5.5,6.0,4.6,330.0,12.85,540.0,5.5,1.05,10.0,39.2,109.0,3.2,97.0,29.25,26.5,79.5,17.5,238.75,26.0,38.75,29.5,2.7,7.0,23.0,26.75,3.6,13.5,30.0,170.0,3.3,207.21,,,166.02,4.95,1.1,129.75,,18.55,,4.2,11.1,2.35,,,,,,,,,,,,,,
2017-09-27,10.25,11.6,182.0,800.0,101.0,14.9,5.4,12.85,21.5,5.45,16.95,76.0,41.95,185.0,250.0,25.0,39.0,2.4,10.55,479.0,74.0,41.5,8.7,16.45,20.0,10.35,5.5,6.0,4.6,330.0,12.8,540.0,5.45,1.1,9.8,38.95,108.0,3.2,97.0,28.75,26.0,79.5,17.6,226.0,25.75,38.75,28.0,2.7,7.0,23.0,26.0,3.5,14.4,30.25,172.0,3.3,206.45,,,165.01,5.05,1.1,129.5,,18.65,,4.0,11.3,2.4,,,,,,,,,,,,,,
2017-09-28,10.1,12.75,182.0,800.0,101.0,15.1,5.2,12.5,21.5,5.45,16.9,76.0,40.45,183.0,250.0,25.0,39.0,2.4,10.55,479.0,74.0,41.25,8.55,16.3,19.7,10.0,5.5,6.0,4.65,330.0,12.5,540.0,5.45,1.1,9.4,38.85,109.0,3.1,97.0,26.0,25.25,79.0,17.65,229.5,25.25,38.75,28.0,2.7,6.7,23.0,25.75,3.25,14.4,29.0,185.0,3.3,204.43,,,163.38,5.0,1.1,129.75,,18.8,,4.05,10.8,2.35,,,,,,,,,,,,,,
2017-09-29,10.1,13.95,180.0,804.0,101.0,15.0,4.8,12.7,21.5,5.35,17.05,76.0,41.0,185.0,250.0,25.0,38.75,2.3,10.45,475.0,81.0,41.0,8.65,16.0,20.0,9.95,5.5,6.0,4.8,330.0,13.0,540.0,5.25,1.05,9.85,38.65,111.0,3.0,97.0,26.0,26.5,79.0,18.7,231.0,24.75,38.5,28.0,2.7,6.7,22.5,26.75,3.15,14.0,29.25,185.0,3.3,203.91,,,162.21,5.15,1.05,130.0,,18.8,,4.05,10.95,2.5,,,,,,,,,,,,,,
2017-10-02,10.1,14.4,180.0,800.0,101.0,15.0,4.8,12.9,21.5,5.3,16.9,76.0,41.0,185.0,250.0,25.0,38.75,2.4,10.55,475.0,81.0,41.0,8.6,16.0,19.7,9.85,5.5,6.0,4.75,330.0,12.5,540.0,5.4,1.05,9.85,38.5,110.0,3.05,97.0,26.0,24.25,79.0,19.05,225.0,24.5,36.0,29.5,2.7,6.7,22.0,25.5,3.05,14.0,29.5,185.0,3.3,203.19,,,161.17,5.0,1.1,129.75,,18.9,,3.9,10.6,2.4,,,,,,,,,,,,,,
2017-10-04,10.25,12.7,180.0,800.0,101.0,15.05,5.1,12.8,19.5,5.25,16.7,76.0,40.9,186.0,249.0,25.0,37.0,2.3,10.5,476.0,74.0,40.5,8.65,16.1,19.6,9.85,5.5,6.0,4.6,330.0,12.5,540.0,5.1,1.05,9.4,38.45,111.0,3.0,97.0,26.0,24.0,78.0,18.3,225.25,25.0,35.0,29.0,2.5,6.7,22.0,25.5,3.3,13.5,31.5,168.0,3.05,202.33,,,161.56,4.9,1.05,126.0,,18.8,,4.0,11.5,2.25,,,,,,,,,,,,,,
2017-10-05,10.15,13.2,180.0,800.0,101.0,15.15,5.25,12.7,19.5,5.3,16.65,76.0,40.7,186.0,250.0,25.0,36.75,2.25,10.6,476.0,74.0,40.25,8.65,16.05,20.1,9.9,5.5,6.0,4.7,345.0,12.5,540.0,5.1,1.05,9.5,38.0,110.0,3.1,97.0,26.0,25.0,78.5,18.1,226.0,24.75,38.5,29.0,2.5,6.1,22.0,25.5,3.45,13.5,31.5,168.0,3.1,201.9,,,160.97,4.85,1.1,126.0,,18.65,,4.15,11.2,2.25,,,,,,,,,,,,,,
2017-10-06,10.15,13.0,175.0,800.0,95.0,15.2,5.5,12.9,17.75,5.3,16.65,76.0,40.55,185.0,248.0,25.0,36.75,2.15,10.7,478.0,74.0,40.0,8.7,15.95,19.75,9.95,5.5,6.0,4.75,345.0,12.5,540.0,5.15,1.05,9.85,37.85,110.0,3.2,97.0,26.0,25.0,79.5,18.05,226.0,24.75,38.5,29.0,2.7,6.7,22.5,26.25,3.5,13.5,30.0,168.0,3.35,201.55,,,160.71,5.0,1.1,126.0,,18.65,,4.05,11.4,2.1,,,,,,,,,,,,,,
2017-10-09,10.1,13.0,177.0,800.0,95.0,15.2,5.4,12.85,17.75,5.45,16.5,76.0,40.35,185.0,245.0,25.0,36.0,2.15,10.85,478.0,74.0,39.5,8.95,15.85,19.7,9.9,5.5,6.0,4.75,345.0,12.45,540.0,5.15,1.05,9.55,38.15,110.0,3.4,97.0,26.0,26.75,80.0,18.55,226.0,25.0,38.5,29.25,2.7,6.25,23.0,26.25,3.5,13.5,31.0,177.0,3.2,200.77,,,161.03,4.95,1.1,126.0,,18.5,,3.95,10.7,2.0,,,,,,,,,,,,,,
2017-10-10,9.95,13.25,176.0,800.0,100.0,15.0,5.6,12.75,16.0,5.4,16.5,76.0,40.95,185.0,246.0,22.5,36.5,2.25,10.7,476.0,80.0,39.0,9.05,15.4,19.75,9.9,5.5,6.0,4.7,345.0,12.2,540.0,5.5,1.0,9.8,37.4,110.0,3.4,97.0,24.5,26.75,77.0,18.3,227.0,25.0,38.5,29.0,2.7,6.0,23.0,26.25,3.45,13.5,31.0,164.0,3.2,200.38,,,160.85,4.9,1.1,125.0,,18.65,,3.95,10.55,2.0,,,,,,,,,,,,,,
2017-10-11,9.6,13.0,176.0,809.0,100.0,14.8,5.3,12.7,17.6,5.3,16.5,76.0,40.15,183.0,245.0,22.5,35.75,2.25,10.8,475.0,80.0,37.75,8.9,15.0,19.65,9.75,5.5,6.0,4.75,323.0,12.2,540.0,5.45,1.05,9.85,37.0,110.0,3.35,97.0,24.5,25.0,77.0,18.35,227.0,25.0,38.5,29.0,2.7,6.4,22.75,27.0,3.45,13.0,32.0,150.0,3.45,197.62,,,159.78,4.9,1.1,121.5,,18.65,,3.95,10.7,1.8,,,,,,,,,,,,,,
2017-10-12,9.7,13.0,179.0,807.0,100.0,14.4,5.2,12.7,17.6,5.3,16.5,76.0,39.4,182.0,250.0,22.5,35.5,2.2,10.9,477.0,80.0,37.5,8.7,14.45,19.7,9.8,5.5,6.0,4.7,323.0,12.5,540.0,5.4,1.05,9.85,36.2,109.0,3.2,97.0,24.5,26.5,79.5,17.8,225.5,24.75,37.25,29.0,2.7,6.4,22.75,25.0,3.45,13.0,31.75,158.0,3.5,196.82,,,159.1,4.85,1.1,121.0,,18.7,,3.95,10.6,1.7,,,,,,,,,,,,,,
2017-10-13,9.5,13.0,179.0,807.0,100.0,14.1,5.4,12.8,19.35,5.35,16.5,76.0,39.55,179.0,241.0,24.0,36.0,2.2,10.8,478.0,80.0,37.0,8.7,14.5,19.7,9.75,5.5,6.0,4.6,323.0,12.5,540.0,5.35,1.05,10.0,36.45,110.0,3.2,97.0,24.5,26.25,79.5,17.95,226.0,24.75,36.25,29.0,2.6,6.4,23.5,26.5,3.4,13.0,31.5,158.0,3.75,195.48,,,159.25,4.85,1.1,122.25,,19.0,,3.95,10.35,1.75,,,,,,,,,,,,,,
2017-10-16,9.45,13.0,179.0,800.0,100.0,14.15,5.4,12.45,20.0,5.3,16.5,76.0,39.95,180.0,241.0,24.0,36.0,2.2,10.75,476.0,80.0,37.0,8.7,14.8,19.65,9.7,5.5,6.0,4.7,323.0,12.5,540.0,5.3,1.0,10.0,36.0,108.0,3.2,97.0,24.5,26.0,79.0,17.95,226.0,24.75,36.25,29.0,2.45,6.5,22.75,26.25,3.15,12.55,30.0,158.0,4.0,195.45,,,158.52,4.85,1.1,125.0,,18.9,,3.9,10.4,1.7,,,,,,,,,,,,,,
2017-10-17,9.05,13.0,175.0,800.0,103.0,14.15,5.45,12.45,20.0,5.25,16.3,76.0,39.9,179.0,240.0,24.0,36.0,2.2,10.8,476.0,80.0,37.0,8.75,14.9,19.7,9.45,5.5,6.0,4.65,323.0,12.45,540.0,5.25,1.05,10.0,37.45,109.0,3.0,97.0,24.5,25.5,79.0,17.95,226.75,24.5,36.0,29.0,2.5,6.25,23.25,26.0,3.4,12.15,29.0,158.0,3.6,194.09,,,157.44,4.6,1.1,125.0,,18.9,,3.6,10.25,1.65,,,,,,,,,,,,,,
2017-10-18,9.15,13.0,175.0,790.0,101.0,13.95,5.5,12.95,20.0,5.25,16.3,76.0,39.7,179.0,242.0,24.0,36.25,2.2,10.8,477.0,80.0,36.5,8.65,14.6,19.75,9.45,5.5,6.0,4.7,325.0,12.4,540.0,5.25,1.05,9.9,37.45,109.0,3.2,97.0,24.5,27.25,78.0,17.65,225.25,24.25,36.0,29.0,2.7,6.5,22.0,26.5,3.4,12.45,29.0,160.0,3.6,193.32,,,156.66,4.7,1.1,124.0,,19.25,,3.9,10.35,1.6,,,,,,,,,,,,,,
2017-10-19,9.0,13.25,175.0,750.0,101.0,13.75,5.45,12.85,20.0,5.0,16.1,76.0,38.8,179.0,240.0,24.0,36.25,2.2,10.55,481.0,80.0,36.5,8.0,14.6,19.8,9.5,5.5,6.0,4.8,325.0,12.2,540.0,5.05,1.05,9.7,37.05,109.0,3.0,97.0,24.5,26.0,79.0,17.5,216.25,24.0,36.0,27.0,2.7,6.6,22.0,26.5,3.2,13.0,29.0,162.0,3.6,190.99,,,154.93,4.75,1.1,124.0,,18.6,,3.75,10.35,1.6,,,,,,,,,,,,,,
2017-10-23,9.0,13.9,180.0,752.0,101.0,13.2,5.4,12.9,22.0,5.0,15.85,76.0,38.6,175.0,244.0,24.0,36.25,2.2,10.85,490.0,75.0,36.75,8.2,14.5,19.9,9.6,5.5,6.0,4.85,325.0,12.2,540.0,5.1,1.05,9.6,36.95,107.0,3.0,97.0,24.5,25.0,78.0,17.5,223.25,24.25,36.0,27.0,2.5,6.6,20.75,27.5,3.2,13.0,30.25,162.0,3.3,191.71,,,156.07,4.75,1.1,124.0,,18.55,,3.75,10.45,1.5,,,,,,,,,,,,,,
2017-10-24,9.0,14.9,176.0,770.0,101.0,13.5,5.4,12.95,22.0,5.05,15.9,76.0,39.5,175.0,247.0,24.0,36.5,2.2,10.7,494.0,80.0,38.25,8.35,14.85,19.95,9.9,5.5,6.0,4.9,330.0,12.15,540.0,5.45,1.05,9.7,36.95,109.0,3.2,97.0,24.5,26.0,79.0,17.5,216.0,24.75,36.0,27.0,2.7,6.3,20.75,28.0,3.2,12.0,31.25,166.0,3.3,194.84,,,158.11,4.75,1.1,124.0,,18.8,,3.8,10.4,1.5,,,,,,,,,,,,,,
2017-10-27,9.15,14.9,176.0,755.0,101.0,13.95,5.5,13.0,22.0,5.5,16.1,76.0,39.8,178.0,245.0,24.0,36.25,2.25,11.1,494.0,80.0,38.5,8.7,14.8,19.95,10.05,5.5,6.0,5.05,330.0,12.0,540.0,5.65,1.1,9.1,38.1,110.0,3.25,97.0,24.5,26.0,79.0,18.0,215.0,25.25,35.0,27.0,2.85,6.3,20.75,28.0,3.4,12.05,31.25,172.0,3.25,197.1,,,159.87,4.75,1.1,124.0,,19.1,,3.8,10.35,1.65,,,,,,,,,,,,,,
2017-10-30,9.4,14.95,176.0,755.0,102.0,14.5,5.55,13.0,22.0,5.6,16.0,80.0,39.95,178.0,245.0,24.0,36.5,2.25,11.1,445.0,80.0,38.25,8.7,14.95,20.0,10.5,5.5,6.0,5.35,330.0,12.15,540.0,5.65,1.1,9.0,38.05,113.0,3.1,97.0,24.5,26.0,77.0,18.0,217.75,25.25,35.0,27.0,2.7,6.65,21.5,28.0,3.55,13.25,31.0,160.0,3.25,198.25,,,160.11,4.9,1.15,124.0,,18.95,,3.7,10.35,1.8,,,,,,,,,,,,,,
2017-10-31,9.95,14.95,176.0,800.0,102.0,14.5,5.65,13.0,22.0,5.9,15.95,80.0,39.25,179.0,244.0,24.0,38.0,2.25,11.35,445.0,80.0,38.0,8.75,14.8,20.0,10.9,5.5,6.0,5.7,330.0,12.15,540.0,5.8,1.1,9.8,37.5,114.0,3.25,97.0,24.5,26.75,79.5,18.05,220.0,25.5,36.0,27.0,2.9,6.2,21.0,28.0,3.6,14.5,31.0,160.0,3.25,200.13,,,161.99,4.85,1.15,124.0,,19.0,,3.4,10.25,1.9,,,,,,,,,,,,,,
2017-11-01,9.95,15.0,177.0,800.0,102.0,14.8,5.7,13.0,24.0,5.75,16.0,80.0,40.05,180.0,244.0,24.0,40.75,2.3,11.9,445.0,74.0,39.25,8.85,14.8,20.2,10.9,5.5,6.0,5.9,330.0,12.2,540.0,5.8,1.1,10.2,37.85,114.0,3.25,97.0,23.75,26.75,80.0,17.95,222.0,25.75,35.0,29.0,2.9,6.1,21.0,29.5,3.55,14.55,30.0,165.0,3.25,203.35,,,163.96,4.85,1.2,124.0,,19.0,,3.4,10.3,2.1,,,,,,,,,,,,,,
2017-11-02,10.05,14.95,179.0,800.0,102.0,14.65,5.75,13.0,23.0,5.75,16.3,80.0,41.25,181.0,245.0,24.0,40.75,2.2,11.95,445.0,74.0,41.0,8.95,14.95,21.4,10.75,5.5,6.0,6.0,324.0,12.1,540.0,5.8,1.1,10.2,38.05,116.0,3.3,97.0,24.5,26.0,80.5,18.0,224.5,25.25,37.0,29.0,2.75,6.65,22.25,29.5,3.3,14.55,30.0,165.0,3.25,205.1,,,163.48,5.0,1.15,124.0,,19.0,,3.7,10.3,2.25,,,,,,,,,,,,,,
2017-11-03,10.15,14.55,179.0,800.0,100.0,14.75,5.6,13.0,23.0,5.65,16.7,77.0,40.9,184.0,245.0,24.0,40.25,2.4,12.1,458.0,79.0,41.5,9.0,14.95,20.5,10.8,5.5,6.0,6.15,324.0,12.0,540.0,5.8,1.15,10.0,38.45,118.0,3.2,97.0,24.5,26.75,80.5,19.0,225.0,25.5,37.0,29.0,2.9,6.6,23.75,29.75,3.55,14.1,31.5,165.0,3.25,206.43,,,171.15,5.0,1.1,124.0,,19.7,,3.7,10.2,2.45,,,,,,,,,,,,,,
2017-11-06,10.15,14.7,178.0,800.0,100.0,14.7,5.75,13.0,23.0,5.6,16.5,77.0,42.15,185.0,244.0,24.0,40.0,2.4,12.25,487.0,79.0,41.25,8.95,15.0,20.55,10.8,5.5,6.0,5.9,324.0,11.9,540.0,5.95,1.15,10.0,38.1,117.0,3.4,97.0,24.0,26.75,82.0,19.0,226.5,25.0,33.5,29.0,3.0,6.15,24.0,30.25,3.4,14.1,31.0,165.0,3.25,205.35,,,163.09,5.0,1.15,124.0,,19.6,,3.65,10.3,2.6,,,,,,,,,,,,,,
2017-11-07,10.15,14.75,177.0,800.0,100.0,14.7,5.7,12.95,23.0,5.55,16.4,77.0,42.25,186.0,244.0,24.0,40.0,2.4,12.0,487.0,78.0,40.75,8.9,15.05,20.5,10.7,5.5,6.0,5.75,324.0,11.9,540.0,5.8,1.1,10.0,38.1,117.0,3.2,97.0,24.0,27.75,81.5,18.6,226.75,24.5,35.0,29.75,2.95,6.35,24.25,28.25,3.55,14.1,30.5,165.0,3.25,203.91,,,161.34,5.0,1.15,120.0,,19.4,,3.6,10.05,2.6,,,,,,,,,,,,,,
2017-11-08,10.1,14.45,180.0,800.0,110.0,14.0,5.7,13.0,23.0,5.7,16.35,77.0,43.15,187.0,244.0,24.0,40.25,2.35,12.0,487.0,79.0,40.75,8.7,15.0,20.2,10.75,5.5,6.0,5.9,345.0,11.8,540.0,5.95,1.1,9.95,38.45,117.0,3.2,97.0,24.0,26.0,81.5,18.1,228.0,24.75,35.5,29.0,2.9,6.35,24.25,28.0,3.5,13.55,31.5,164.0,3.25,203.9,,,161.99,4.95,1.1,120.0,,19.55,,3.7,10.0,2.6,,,,,,,,,,,,,,
2017-11-09,10.0,14.35,179.0,800.0,103.0,14.25,5.8,13.0,23.0,5.7,16.35,77.0,42.6,188.0,245.0,24.0,40.0,2.25,12.05,471.0,74.0,41.0,8.45,15.25,20.05,10.8,5.0,6.0,5.8,345.0,11.95,540.0,5.6,1.1,10.4,38.15,116.0,3.1,97.0,26.25,26.0,80.0,18.2,227.0,24.75,37.5,28.75,2.9,6.35,24.25,28.0,3.55,13.5,31.5,167.0,3.25,203.66,,,161.76,4.9,1.15,120.0,,19.6,,3.65,10.0,2.75,,,,,,,,,,,,,,
2017-11-10,9.95,14.3,179.0,800.0,103.0,14.2,5.8,13.15,25.25,5.6,16.25,77.0,42.6,189.0,244.0,24.0,40.0,2.35,12.4,494.0,71.0,40.5,8.45,14.95,20.0,10.8,5.0,6.0,5.65,345.0,12.0,540.0,5.95,1.1,10.9,38.0,116.0,3.1,97.0,24.0,26.5,80.0,18.2,227.25,24.5,37.5,28.75,3.0,6.3,24.25,28.0,3.5,13.5,31.25,166.0,3.25,202.46,,,160.97,4.85,1.1,120.0,,19.7,,3.7,9.5,2.65,,,,,,,,,,,,,,
2017-11-13,9.95,14.05,180.0,800.0,103.0,14.4,5.8,13.1,25.25,5.5,16.2,79.0,42.25,189.0,240.0,24.0,39.5,2.25,12.2,494.0,70.0,39.75,8.4,14.95,20.0,10.75,5.0,6.0,5.55,345.0,12.0,540.0,5.95,1.1,10.05,38.0,115.0,3.05,97.0,24.0,26.25,78.5,19.85,226.75,24.5,37.5,26.75,2.8,6.45,24.25,28.0,3.35,13.5,30.5,166.0,3.25,201.03,,,160.34,4.9,1.1,120.0,,19.65,,3.6,10.3,2.6,,,,,,,,,,,,,,
2017-11-14,9.95,13.7,180.0,800.0,103.0,14.45,5.7,13.05,25.25,5.35,16.0,76.0,42.05,191.0,241.0,24.0,39.0,2.35,12.2,495.0,70.0,39.5,8.35,14.95,19.85,10.75,5.0,6.0,5.3,344.0,11.95,540.0,5.95,1.1,9.8,37.9,115.0,3.1,95.0,24.0,26.0,79.5,18.5,227.0,24.5,37.5,27.0,3.0,6.3,24.0,26.0,3.35,13.5,30.0,165.0,3.25,200.07,,,160.01,4.95,1.1,120.0,,19.55,,3.7,10.0,2.75,,,,,,,,,,,,,,
2017-11-15,9.95,13.5,181.0,800.0,108.0,14.5,5.7,13.05,25.25,5.35,16.1,76.0,42.6,191.0,240.0,24.0,39.75,2.35,12.2,494.0,70.0,40.5,8.35,14.9,19.95,10.55,5.0,6.0,5.3,344.0,12.0,540.0,5.95,1.1,9.75,37.7,116.0,3.0,95.0,24.0,25.5,79.5,18.75,220.5,25.0,37.5,27.0,2.95,6.3,22.5,26.5,3.45,13.5,31.5,165.0,3.25,201.7,,,161.64,4.95,1.15,120.0,,19.55,,3.7,10.0,2.85,,,,,,,,,,,,,,
2017-11-16,9.9,13.6,180.0,800.0,108.0,14.5,5.7,13.4,25.25,5.5,16.0,76.0,42.0,190.0,240.0,24.0,40.25,2.35,12.15,494.0,70.0,40.75,8.55,14.9,19.7,10.75,5.0,6.0,5.3,344.0,12.0,540.0,5.85,1.1,9.55,36.55,114.0,3.0,95.0,24.0,25.5,79.5,18.9,220.0,25.25,37.5,27.0,2.85,6.55,24.25,26.5,3.5,13.75,31.75,162.0,3.25,202.63,,,162.5,4.95,1.15,120.0,,19.5,,3.65,10.2,2.85,,,,,,,,,,,,,,
2017-11-17,9.8,13.25,182.0,798.0,108.0,14.45,5.7,13.95,23.0,5.55,16.0,76.0,42.15,187.0,237.0,25.0,40.75,2.4,12.2,494.0,71.0,41.0,8.6,14.9,19.9,10.75,5.0,6.0,5.3,344.0,12.5,540.0,5.9,1.15,10.05,36.45,113.0,3.3,94.5,25.0,25.0,80.0,18.55,218.0,25.5,37.0,27.0,2.9,6.55,24.25,27.75,3.6,13.75,31.75,163.0,3.25,202.99,,,163.13,4.9,1.15,120.0,,19.6,,3.65,10.6,3.05,,,,,,,,,,,,,,
2017-11-20,9.8,13.45,182.0,798.0,107.0,14.55,5.65,14.0,23.0,6.0,16.2,76.0,42.0,190.0,237.0,25.5,42.0,2.25,12.5,494.0,71.0,42.25,8.75,14.95,20.45,10.75,5.0,6.0,5.3,344.0,12.85,540.0,5.85,1.15,9.75,36.55,114.0,3.5,94.5,25.0,26.75,79.5,18.25,219.75,25.75,37.0,27.0,2.95,6.95,25.25,28.0,3.6,14.0,32.0,166.0,3.25,205.44,,,164.82,4.9,1.2,120.0,,20.15,,3.7,10.65,3.4,,,,,,,,,,,,,,
2017-11-21,9.95,13.95,180.0,780.0,107.0,15.0,5.75,14.0,23.0,5.9,16.95,76.0,42.25,190.0,238.0,25.0,42.5,2.4,12.7,455.0,71.0,43.25,8.85,14.95,20.4,10.75,5.0,6.0,5.3,344.0,13.0,500.0,5.45,1.15,10.1,37.1,116.0,3.3,94.5,25.0,27.0,79.5,18.25,220.0,26.75,37.0,27.0,2.9,6.8,25.75,28.0,3.65,14.0,32.75,166.0,3.25,209.55,,,168.27,4.9,1.1,124.0,,20.05,,3.7,10.55,3.5,,,,,,,,,,,,,,
2017-11-22,9.95,13.5,180.0,780.0,107.0,14.8,5.7,14.15,23.0,6.0,16.9,77.0,42.15,193.0,238.0,25.0,43.25,2.35,12.6,467.0,76.0,43.75,8.9,14.95,20.5,10.65,5.0,6.0,5.3,344.0,13.3,500.0,5.75,1.15,10.2,36.8,116.0,3.3,94.5,25.0,26.5,79.5,19.75,220.0,28.0,37.0,27.25,3.05,6.8,26.5,28.0,3.6,14.0,33.0,165.0,3.5,211.58,,,172.17,4.85,1.15,126.0,,20.0,,3.65,11.25,3.45,,,,,,,,,,,,,,
2017-11-23,9.95,13.85,180.0,780.0,107.0,14.95,5.8,14.1,23.0,5.95,16.5,76.0,42.35,190.0,241.0,25.0,43.0,2.35,12.85,490.0,76.0,43.25,9.0,15.1,20.5,10.65,5.0,6.0,5.3,350.0,13.9,500.0,5.7,1.15,10.5,36.65,115.0,3.35,94.5,27.5,26.5,79.5,19.4,219.25,26.5,33.75,27.0,3.0,6.55,25.75,28.0,3.6,12.7,32.75,168.0,3.8,209.46,,,167.7,4.9,1.2,126.0,,20.0,,3.65,11.2,3.5,,,,,,,,,,,,,,
2017-11-24,9.9,13.8,183.0,800.0,107.0,15.0,5.65,13.95,23.0,5.9,16.2,76.0,43.1,190.0,239.0,25.0,43.0,2.4,12.7,490.0,76.0,42.75,9.05,14.95,20.35,10.55,5.0,6.0,5.3,350.0,13.65,500.0,5.75,1.15,10.5,36.8,115.0,3.35,94.5,27.5,26.5,81.5,18.5,219.5,26.75,33.5,27.75,3.0,6.5,26.0,26.5,3.55,12.7,32.5,166.0,4.0,208.65,,,168.43,4.9,1.25,126.0,,20.0,,3.65,11.2,3.5,,,,,,,,,,,,,,
2017-11-27,9.95,13.95,185.0,800.0,108.0,15.0,5.75,13.9,23.0,5.95,16.15,76.0,43.1,190.0,241.0,25.0,43.0,2.4,12.45,494.0,76.0,42.0,9.05,14.95,21.5,10.75,5.0,6.0,5.3,350.0,13.9,500.0,5.95,1.15,10.5,39.35,115.0,3.45,94.5,30.25,26.0,81.5,17.45,219.75,27.5,33.5,27.0,2.95,6.85,25.0,28.0,3.7,12.7,32.5,166.0,3.8,209.51,,,170.8,4.9,1.3,128.0,,20.4,,3.65,11.25,3.2,,,,,,,,,,,,,,
2017-11-29,9.9,13.9,185.0,800.0,108.0,15.0,5.95,13.85,23.0,6.0,16.2,79.5,43.85,190.0,239.0,25.0,43.0,2.4,11.9,457.0,76.0,41.75,8.9,14.95,20.85,10.7,5.0,6.0,10.35,350.0,13.65,500.0,5.85,1.15,10.25,39.0,115.0,3.3,94.5,30.25,26.25,82.0,18.0,219.0,27.5,33.5,28.0,2.7,6.85,25.25,28.0,3.8,12.75,32.5,168.0,3.7,211.51,,,172.73,4.9,1.3,128.0,,20.8,,3.5,11.05,3.25,,,,,,,,,,,,,,
2017-11-30,9.85,13.8,182.0,800.0,108.0,15.05,5.75,13.1,23.0,5.9,16.3,79.5,43.55,194.0,240.0,25.0,42.75,2.35,11.4,458.0,76.0,41.25,8.75,14.95,20.5,10.7,5.0,6.0,11.35,350.0,13.9,500.0,5.9,1.1,10.3,37.05,115.0,3.15,94.5,30.25,24.5,82.0,18.0,219.0,27.5,36.25,30.0,2.7,6.85,25.75,28.0,4.0,12.75,32.5,165.0,3.7,211.35,,,172.92,4.85,1.35,128.0,,20.95,,3.5,11.05,3.35,,,,,,,,,,,,,,
2017-12-01,9.85,13.55,184.0,800.0,108.0,15.15,5.75,13.0,23.0,5.9,16.3,78.0,43.95,194.0,241.0,25.0,42.25,2.25,11.45,470.0,76.0,40.75,8.75,14.95,20.35,9.95,5.0,6.0,12.45,350.0,13.8,500.0,5.9,1.1,10.1,37.35,115.0,3.2,94.5,33.0,26.25,82.0,19.0,215.0,27.5,36.75,30.0,2.75,6.8,25.5,29.0,4.0,12.7,33.0,166.0,3.75,210.97,,,173.08,4.9,1.4,123.0,,21.0,,3.65,10.75,3.15,,,,,,,,,,,,,,
2017-12-04,9.9,13.55,180.0,800.0,108.0,15.15,5.7,13.0,23.0,5.6,16.15,78.0,43.95,194.0,240.0,25.0,42.25,2.3,11.4,470.0,76.0,41.0,8.75,14.85,20.55,10.1,5.0,6.0,13.65,350.0,13.75,500.0,5.95,1.15,10.0,36.95,116.0,3.1,94.5,33.0,25.75,84.5,18.5,219.0,27.5,35.0,28.75,2.85,6.8,25.0,29.0,4.1,12.7,33.0,166.0,3.75,211.52,,,173.61,4.85,1.55,123.0,,21.0,,3.6,10.85,3.15,,,,,,,,,,,,,,
2017-12-05,9.9,13.55,180.0,796.0,108.0,14.95,5.8,13.0,23.0,5.65,16.0,76.0,44.0,190.0,241.0,25.0,41.75,2.4,11.45,479.0,76.0,41.25,8.65,14.95,20.85,9.95,5.0,6.0,15.0,350.0,13.8,500.0,5.7,1.15,10.1,36.8,115.0,3.1,94.5,33.0,25.5,82.0,18.75,219.0,27.25,35.0,30.0,2.8,6.2,26.25,30.0,4.3,12.6,33.0,166.0,3.75,211.56,,,173.3,4.7,1.45,122.75,,21.0,,3.3,10.8,3.1,,,,,,,,,,,,,,
2017-12-06,9.85,13.05,180.0,799.0,108.0,14.9,5.7,12.95,23.0,5.55,16.0,75.0,44.2,190.0,244.0,27.5,40.75,2.3,11.4,470.0,76.0,42.0,8.5,14.95,20.25,9.9,5.0,6.0,16.5,350.0,13.5,500.0,5.35,1.15,10.05,36.75,115.0,3.1,94.5,33.25,25.75,82.0,18.3,212.75,27.25,35.0,30.0,2.8,6.2,24.75,30.0,4.05,12.6,33.0,166.0,3.75,212.24,,,173.63,5.0,1.35,122.75,,21.25,,3.3,10.8,3.0,,,,,,,,,,,,,,
2017-12-07,9.9,12.95,178.0,796.0,108.0,14.85,5.7,12.8,23.0,5.55,16.0,76.0,44.15,190.0,243.0,27.5,40.5,2.3,11.35,470.0,76.0,42.25,8.55,14.9,20.15,9.7,5.0,6.0,17.4,350.0,13.3,500.0,5.6,1.15,10.15,36.2,118.0,3.1,94.5,33.25,26.25,82.0,18.15,211.0,27.75,33.25,30.0,2.8,6.2,24.25,30.0,3.7,12.6,33.0,166.0,3.75,213.07,,,175.08,4.95,1.25,122.0,,21.45,,3.5,10.75,2.85,,,,,,,,,,,,,,
2017-12-08,9.8,12.5,178.0,796.0,108.0,14.85,5.7,12.95,23.0,5.55,16.0,76.0,44.15,192.0,243.0,27.25,41.0,2.3,11.25,469.0,72.0,42.25,8.5,14.5,20.35,9.55,5.0,6.0,17.45,350.0,12.4,500.0,5.55,1.1,9.75,36.0,119.0,3.1,94.5,33.25,25.75,82.0,19.6,211.0,27.75,33.25,30.0,2.75,6.2,24.25,30.5,3.4,13.8,32.75,166.0,3.75,212.72,,,175.27,5.0,1.25,122.0,,21.5,,3.75,10.5,2.7,,,,,,,,,,,,,,
2017-12-11,9.9,12.0,180.0,797.0,108.0,14.55,5.75,12.95,23.0,5.5,16.0,76.0,44.25,190.0,249.0,27.25,40.75,2.35,11.15,470.0,72.0,42.0,8.55,14.7,20.15,9.45,5.0,6.0,17.6,350.0,12.2,500.0,5.1,1.1,10.2,35.75,116.0,3.1,94.0,33.25,25.75,82.0,18.5,210.25,27.75,36.0,30.0,2.75,6.8,24.25,30.25,3.5,12.6,32.75,165.0,3.75,213.62,,,176.0,4.95,1.25,122.0,,22.05,,3.5,10.75,2.8,,,,,,,,,,,,,,
2017-12-13,9.85,11.5,178.0,797.0,107.0,14.1,5.7,12.6,23.0,5.6,16.0,76.0,44.45,191.0,243.0,27.25,40.25,2.3,10.95,470.0,71.5,42.0,8.55,14.25,20.0,9.45,5.0,6.0,17.75,327.0,12.1,500.0,5.5,1.1,9.9,35.65,118.0,3.0,94.0,33.25,27.0,82.0,17.95,210.0,27.5,35.0,28.75,2.7,6.25,24.75,30.0,3.5,13.8,30.0,160.0,3.75,211.73,,,176.5,4.9,1.3,122.0,,21.4,,3.35,10.55,2.85,,,,,,,,,,,,,,
2017-12-14,9.85,11.6,180.0,796.0,107.0,14.0,5.8,12.5,21.0,5.75,16.0,76.0,44.2,190.0,244.0,25.0,40.25,2.35,10.6,470.0,71.0,42.25,8.65,14.25,20.0,9.45,5.0,6.0,17.85,327.0,12.1,500.0,5.5,1.1,9.45,35.75,118.0,3.15,97.0,33.25,26.0,82.5,17.65,203.0,27.0,37.5,28.75,2.9,6.8,25.25,30.0,3.8,13.5,30.5,160.0,3.75,211.41,,,172.88,4.9,1.3,124.25,,21.3,,3.5,10.95,2.85,,,,,,,,,,,,,,
2017-12-15,9.8,11.8,178.0,799.0,107.0,14.0,5.7,12.5,21.0,5.8,16.0,76.0,44.25,191.0,244.0,25.0,40.25,2.35,10.75,470.0,70.5,42.0,8.7,14.05,20.0,9.4,5.0,6.0,18.0,327.0,12.9,500.0,5.4,1.1,9.6,35.6,117.0,3.15,97.0,33.25,27.0,82.0,17.4,206.0,26.5,33.75,28.75,2.9,6.65,25.25,30.0,4.15,13.5,30.0,160.0,3.75,211.01,,,172.15,4.9,1.35,120.0,,20.25,,3.65,10.7,3.1,,,,,,,,,,,,,,
2017-12-18,9.8,11.95,179.0,775.0,107.0,14.0,5.7,11.7,21.0,5.55,16.0,76.0,44.1,191.0,245.0,25.25,40.0,2.45,10.95,470.0,70.0,41.5,8.65,14.0,19.95,9.3,5.0,6.0,18.45,327.0,12.9,500.0,5.1,1.1,9.6,35.35,114.0,3.2,97.0,30.0,28.0,82.5,17.35,206.0,26.25,33.75,28.75,2.7,6.8,25.0,30.25,4.5,12.6,30.0,160.0,3.75,209.57,,,170.59,4.8,1.35,125.0,,20.05,,3.65,10.4,3.1,,,,,,,,,,,,,,
2017-12-19,9.75,12.0,180.0,790.0,107.0,13.7,5.7,12.7,21.0,5.6,16.0,76.0,44.45,192.0,243.0,25.0,39.75,2.4,10.95,494.0,70.0,42.25,8.65,14.0,20.0,9.25,5.0,6.0,18.2,327.0,12.9,500.0,5.4,1.1,9.8,34.65,115.0,3.0,97.0,27.0,28.5,82.0,17.4,207.0,26.0,36.5,27.25,2.7,6.65,24.25,32.5,4.55,12.6,29.5,160.0,3.75,209.34,,,170.16,4.8,1.3,127.0,,20.0,,3.65,10.15,3.1,,,,,,,,,,,,,,
2017-12-20,9.7,12.05,180.0,795.0,107.0,13.3,5.8,12.7,21.0,5.6,16.2,76.0,44.8,192.0,242.0,25.0,40.25,2.4,10.9,470.0,70.0,42.5,8.55,14.0,19.55,9.25,5.0,6.0,18.0,329.0,12.9,500.0,5.45,1.15,9.55,34.05,117.0,3.2,97.0,27.0,28.25,82.0,17.3,206.0,26.0,36.5,27.0,2.7,6.0,24.25,32.5,4.6,12.6,27.25,160.0,3.75,209.69,,,169.99,4.8,1.35,127.0,,19.45,,3.3,10.3,3.2,,,,,,,,,,,,,,
2017-12-21,9.75,12.05,178.0,795.0,107.0,13.4,5.65,12.0,21.0,5.7,16.0,76.0,44.65,193.0,243.0,25.25,40.25,2.4,10.85,470.0,70.0,42.75,8.6,13.7,19.6,9.2,5.0,6.0,18.05,329.0,12.5,500.0,5.45,1.15,9.5,33.85,117.0,3.3,97.0,24.75,27.75,82.0,17.45,207.0,26.5,34.0,27.0,2.65,6.45,23.5,34.5,4.5,12.8,28.0,158.0,3.75,210.44,,,171.36,4.8,1.35,127.0,,19.95,,3.3,10.95,3.25,,,,,,,,,,,,,,
2017-12-22,9.75,12.1,180.0,780.0,107.0,13.75,5.7,12.55,21.0,5.8,15.9,76.0,44.5,193.0,244.0,25.25,40.25,2.35,10.75,495.0,70.0,42.75,8.65,13.95,19.7,9.25,5.0,6.0,17.9,329.0,12.5,500.0,5.5,1.1,9.4,34.0,117.0,3.5,97.0,27.0,29.25,82.0,17.4,207.0,26.25,37.0,27.75,2.9,6.5,23.25,32.25,4.5,12.8,29.75,160.0,3.75,210.82,,,171.62,4.75,1.35,127.0,,20.8,,3.3,10.65,3.3,,,,,,,,,,,,,,
2017-12-27,9.7,12.55,180.0,780.0,107.0,13.9,5.6,12.95,21.0,5.65,15.8,76.0,44.65,192.0,231.0,25.25,39.0,2.4,10.65,495.0,70.0,42.75,8.65,14.0,19.75,9.25,5.0,6.0,18.25,329.0,12.5,500.0,5.45,1.1,9.1,33.8,116.0,3.5,97.0,27.0,29.25,81.0,19.0,207.5,26.25,37.0,27.75,2.9,6.05,23.0,32.25,4.55,13.4,29.75,160.0,3.75,207.63,,,170.0,4.85,1.3,127.0,,19.55,,3.3,10.65,3.55,,,,,,,,,,,,,,
2017-12-28,9.65,12.55,180.0,780.0,107.0,13.3,5.7,12.8,21.0,5.55,15.95,76.0,44.4,192.0,233.0,25.25,38.75,2.5,10.55,495.0,70.0,42.75,8.6,14.05,19.55,9.15,5.0,6.0,17.7,329.0,12.5,500.0,5.3,1.1,9.45,33.75,116.0,3.55,97.0,27.0,31.25,81.0,19.0,207.75,26.25,37.0,27.75,2.9,6.05,24.0,32.25,4.5,12.45,29.75,160.0,3.75,207.21,,,169.64,4.7,1.35,127.0,,19.15,,3.4,10.3,3.5,,,,,,,,,,,,,,
2017-12-29,9.6,13.0,180.0,760.0,107.0,13.35,5.45,12.1,21.0,5.6,15.95,80.0,43.9,192.0,238.0,22.75,39.75,2.4,10.4,499.0,65.5,42.75,8.55,14.0,18.1,9.1,5.0,6.0,17.15,329.0,12.2,500.0,5.35,1.1,9.35,33.95,116.0,3.5,97.0,27.0,29.5,81.0,19.0,208.0,26.75,37.0,27.75,2.8,6.0,23.5,32.5,4.6,13.4,29.0,159.0,3.75,209.04,,,171.2,4.55,1.35,127.0,,19.7,,3.5,10.7,3.35,,,,,,,,,,,,,,
2020-01-02,13.35,5.55,80.0,478.0,58.0,9.18,2.55,8.18,26.0,2.81,16.35,62.5,29.6,111.0,196.0,10.1,54.25,1.09,6.34,350.0,80.0,54.25,5.8,,3.03,3.03,5.0,6.0,2.09,340.0,10.45,450.0,6.82,,4.12,36.85,39.75,2.01,12.5,14.5,16.15,109.25,17.9,200.0,31.3,27.55,18.0,3.45,2.5,28.1,17.55,0.29,8.28,34.0,139.0,6.84,221.55,229.61,,165.98,2.3,0.55,54.0,,12.55,,0.45,9.62,0.7,28.0,,,,,,,,,,,,,
2020-01-03,13.35,5.55,80.0,472.0,62.0,9.42,2.53,8.22,26.0,3.0,16.55,62.5,29.6,110.0,197.5,10.5,55.0,1.11,6.56,350.0,80.0,55.0,5.84,,3.05,3.25,5.0,6.0,2.18,340.0,10.5,450.0,6.9,,4.12,37.3,39.75,2.01,12.5,14.5,17.15,103.75,18.45,204.25,31.55,27.55,18.0,3.4,2.5,28.5,17.55,0.29,8.22,33.8,138.25,6.84,223.86,231.87,,167.37,2.3,0.56,55.75,,12.6,,0.45,9.62,0.7,28.0,,,,,,,,,,,,,
2020-01-06,13.45,5.55,80.0,470.0,62.0,9.94,2.53,8.3,24.0,3.0,16.55,62.5,29.6,110.25,197.25,10.4,54.5,1.09,6.5,350.0,80.0,53.75,5.8,,3.26,3.15,5.0,6.0,2.1,340.0,10.5,450.0,6.78,,4.12,37.3,39.35,2.01,12.5,14.5,16.25,108.0,18.25,204.75,31.5,25.2,18.0,3.4,2.5,28.55,17.55,0.28,8.0,33.8,139.0,6.84,222.8,230.46,,167.0,2.3,0.59,56.0,,12.5,,0.45,9.68,0.7,28.0,,,,,,,,,,,,,
2020-01-07,13.3,5.55,79.25,500.0,62.0,9.56,2.59,8.0,24.0,3.0,16.5,62.5,29.7,112.0,197.75,10.4,54.0,1.05,6.48,353.75,80.0,52.75,5.78,,3.04,3.02,5.0,6.0,1.94,340.0,10.4,450.0,6.64,,4.12,36.55,39.15,2.01,12.5,14.5,17.35,107.25,18.5,202.75,31.55,25.2,17.55,3.36,2.5,28.55,17.0,0.27,8.02,32.0,134.5,6.84,221.18,229.3,,166.65,2.3,0.59,56.25,,12.05,,0.45,9.18,0.7,28.0,,,,,,,,,,,,,
2020-01-08,13.2,5.55,79.75,500.0,62.0,9.18,2.59,8.02,24.0,3.0,16.45,62.5,29.65,112.25,198.0,10.4,54.0,1.05,6.12,355.0,80.0,53.25,5.74,,3.05,3.0,5.0,6.0,1.97,340.0,10.5,450.0,6.7,,4.12,36.25,39.45,2.01,12.5,14.5,16.55,107.25,18.65,200.25,31.85,25.2,18.0,3.35,2.5,28.55,17.0,0.26,8.02,32.0,130.0,6.84,221.52,230.43,,167.33,2.3,0.61,55.75,,12.2,,0.45,9.24,0.7,28.0,,,,,,,,,,,,,
2020-01-09,13.25,5.55,79.0,502.0,62.0,9.48,2.52,8.0,26.0,3.03,16.4,62.5,29.6,118.75,205.0,10.4,54.0,1.03,6.0,359.75,75.0,54.75,5.74,,3.01,3.01,5.0,6.0,2.1,360.0,10.75,450.0,6.7,,4.12,36.25,38.6,2.01,12.5,14.5,17.1,107.75,18.6,204.75,32.8,25.2,17.05,3.33,2.5,27.85,17.55,0.26,8.2,32.0,130.0,6.16,224.85,235.35,,170.95,2.27,0.58,57.5,,11.5,,0.45,9.22,0.72,28.0,,,,,,,,,,,,,
2020-01-10,13.3,5.55,76.25,505.0,63.0,9.52,2.5,8.5,24.0,3.01,16.5,68.0,29.25,120.25,205.0,10.4,54.75,1.12,5.7,360.0,75.0,55.0,5.8,,2.98,3.0,5.0,6.0,2.17,360.0,10.45,450.0,6.78,,4.12,36.5,38.7,2.01,12.5,14.5,17.3,107.75,18.8,206.0,32.8,25.2,17.05,3.0,2.5,28.4,17.0,0.25,8.2,32.0,133.75,6.16,225.68,236.22,,171.36,2.1,0.55,58.0,,11.55,,0.45,9.2,0.7,28.0,,,,,,,,,,,,,
2020-01-13,13.5,5.55,76.25,502.0,63.0,9.68,2.53,8.52,24.0,3.0,16.45,64.75,29.05,120.0,205.75,10.4,54.25,1.12,5.66,360.0,75.0,54.75,5.7,,3.02,3.0,5.0,6.0,2.19,360.0,10.35,450.0,6.6,,4.12,36.3,35.75,2.01,12.5,14.5,17.35,113.25,18.9,208.0,32.7,25.2,18.0,2.85,2.42,28.8,17.3,0.26,8.0,32.0,133.75,6.16,224.96,235.39,,171.08,1.93,0.57,58.0,,11.55,,0.45,9.12,0.7,28.0,,,,,,,,,,,,,
2020-01-14,13.5,5.55,76.25,502.0,63.0,9.6,2.53,8.5,24.0,2.98,16.05,64.75,29.2,117.0,205.0,10.4,53.0,1.12,5.76,360.0,75.0,53.75,5.68,,3.0,3.0,5.0,6.0,2.05,360.0,10.2,450.0,6.48,,4.12,36.5,35.95,2.03,12.5,13.2,17.65,110.0,18.6,208.0,32.75,25.2,17.05,2.82,2.5,29.0,18.45,0.27,8.18,32.0,134.0,6.28,223.08,233.52,,170.31,2.11,0.59,57.75,,11.55,,0.45,9.3,0.7,28.0,,,,,,,,,,,,,
2020-01-15,13.6,5.55,76.0,482.25,63.0,9.4,2.51,8.5,24.0,2.99,15.9,64.75,29.0,117.25,205.0,10.4,52.0,1.13,5.98,360.0,75.0,51.5,5.64,,3.08,2.98,5.0,6.0,2.24,360.0,10.35,450.0,6.4,,4.12,36.7,37.8,2.03,12.5,13.2,17.7,105.25,19.2,205.5,32.0,27.0,16.9,2.92,2.44,28.9,17.95,0.26,8.0,32.95,134.0,6.28,220.12,229.08,,167.38,1.93,0.6,57.75,,11.6,,0.45,9.34,0.74,28.0,,,,,,,,,,,,,
2020-01-16,13.45,5.55,79.0,485.0,63.0,9.24,2.51,8.5,24.0,2.93,15.9,64.75,28.8,117.0,205.5,10.4,51.75,1.08,5.84,360.25,75.0,51.75,5.66,,3.04,2.98,5.0,6.0,2.27,340.25,10.0,450.0,6.4,,4.12,36.5,37.8,2.03,12.5,13.2,18.45,108.5,18.95,203.25,32.0,27.0,17.6,2.75,2.29,29.0,16.2,0.27,8.0,32.5,134.0,6.28,219.83,228.98,,167.21,2.0,0.59,58.25,,11.6,,0.45,9.42,0.74,25.2,,,,,,,,,,,,,
2020-01-17,13.5,5.55,77.0,485.0,63.0,9.2,2.51,9.08,26.0,2.88,16.0,65.5,28.85,117.0,210.0,10.4,51.25,1.1,6.12,360.0,78.5,51.75,5.78,,3.0,2.96,5.0,6.0,2.39,340.25,10.4,440.0,6.4,,4.12,36.25,35.8,2.03,12.5,13.2,17.85,112.75,19.35,204.5,31.5,26.3,17.5,2.66,2.4,29.0,16.2,0.25,8.0,34.65,134.0,6.28,219.7,227.8,,166.23,2.0,0.55,58.25,,11.6,,0.45,9.8,0.7,25.2,,,,,,,,,,,,,
2020-01-20,13.4,5.55,74.0,499.75,63.0,9.14,2.63,8.6,26.0,2.94,15.85,65.5,29.0,118.0,210.0,10.4,51.75,1.08,6.16,360.0,78.5,52.0,5.64,,3.03,2.99,5.0,6.0,2.32,310.0,10.4,440.0,6.32,,4.12,36.45,36.85,2.03,12.5,13.2,17.8,114.5,18.95,207.0,31.55,26.3,17.5,2.7,2.4,29.0,17.8,0.27,8.0,31.95,134.0,6.0,219.98,228.39,,166.34,2.2,0.51,58.0,,11.55,,0.45,9.8,0.7,22.7,,,,,,,,,,,,,
2020-01-21,13.5,5.55,72.25,499.75,63.0,9.4,2.51,8.5,26.0,3.0,15.85,66.0,29.0,117.0,210.0,10.4,51.0,1.1,5.94,360.0,78.5,51.75,5.6,,3.0,2.9,5.0,6.0,2.36,310.0,10.65,440.0,6.42,,4.12,36.5,36.6,2.02,12.5,13.2,18.0,110.0,18.6,205.25,31.55,26.3,17.55,2.76,2.4,29.0,18.2,0.26,8.0,31.95,133.25,6.0,219.33,227.64,,165.96,2.07,0.53,58.0,,11.8,,0.45,9.78,0.7,22.7,,,,,,,,,,,,,
2020-01-22,13.2,5.55,71.0,491.0,63.0,9.4,2.51,8.64,24.0,2.95,15.8,66.0,29.0,117.0,210.75,10.4,51.0,1.12,5.78,360.0,80.0,51.5,5.6,,2.99,2.96,5.0,6.0,2.31,310.0,10.4,440.0,6.34,,4.12,36.4,35.1,2.02,12.5,13.0,18.0,103.75,18.95,204.75,31.5,27.0,17.05,2.6,2.4,28.55,17.8,0.28,8.0,31.95,132.0,6.26,218.66,227.18,,165.32,1.93,0.53,57.25,,11.9,,0.45,9.58,0.7,22.7,,,,,,,,,,,,,
2020-01-23,13.1,5.55,69.25,489.25,63.0,9.36,2.5,9.0,24.0,2.95,15.8,66.0,29.0,116.25,212.75,10.4,51.25,1.1,5.74,360.0,80.0,51.5,5.58,,3.0,2.92,5.0,6.0,2.39,310.0,10.3,440.0,6.24,,4.12,36.4,35.0,2.2,12.5,13.0,18.0,106.0,18.65,203.5,31.55,27.0,17.5,2.65,2.31,28.15,17.85,0.27,8.0,31.85,130.75,6.26,219.04,227.58,,165.53,1.9,0.55,57.0,,11.85,,0.45,8.98,0.7,22.7,,,,,,,,,,,,,
2020-01-24,13.1,5.55,70.5,490.0,63.0,9.24,2.5,9.0,24.0,2.92,15.6,66.0,29.0,116.75,215.0,10.05,51.5,1.07,5.7,360.0,81.5,51.75,5.58,,3.0,2.94,5.0,6.0,2.4,310.0,10.35,440.0,6.18,,4.12,36.5,35.0,2.24,12.5,13.0,18.0,100.75,18.65,205.0,31.3,27.0,17.3,2.56,2.31,28.15,18.1,0.28,8.0,31.0,133.0,6.26,219.15,227.37,,164.98,1.9,0.52,57.5,,11.5,,0.45,9.06,0.7,22.7,,,,,,,,,,,,,
2020-01-27,13.05,5.55,70.25,490.0,63.0,9.32,2.37,8.38,24.0,2.86,15.55,66.0,28.9,115.0,215.5,10.05,51.0,1.14,5.72,360.0,77.5,52.0,5.6,,3.0,2.91,5.0,6.0,2.38,310.0,10.0,440.0,6.12,,4.12,36.3,35.1,2.2,12.5,13.0,18.0,101.25,18.6,205.0,30.7,26.95,18.0,2.7,2.31,28.2,17.65,0.27,8.2,31.0,132.25,6.26,217.98,225.36,,163.26,2.0,0.5,57.25,,11.35,,0.45,8.98,0.7,22.7,,,,,,,,,,,,,
2020-01-28,13.0,5.55,70.5,490.0,63.0,9.28,2.37,9.0,26.0,2.92,15.4,66.0,28.7,115.0,214.75,10.05,50.75,1.21,5.72,360.0,77.5,52.0,5.6,,3.0,2.83,5.0,6.0,2.46,310.0,10.35,440.0,6.1,,4.12,36.3,34.6,2.2,12.5,13.0,17.8,106.75,18.65,207.25,29.95,26.95,18.0,2.7,2.5,27.8,17.6,0.28,8.0,31.0,133.0,6.26,216.28,222.83,,161.32,2.0,0.47,57.0,,11.75,,0.45,9.06,0.76,22.7,,,,,,,,,,,,,
2020-01-29,13.0,5.55,70.0,490.0,63.0,9.2,2.13,9.0,24.0,2.9,15.4,65.0,28.4,113.5,212.0,10.05,50.5,1.16,5.76,360.0,77.5,52.25,5.58,,3.02,2.79,5.0,6.0,2.48,340.0,10.35,440.0,6.08,,4.12,36.3,35.1,2.2,12.5,13.0,17.8,105.25,16.85,205.0,30.05,26.95,17.55,2.57,2.52,28.0,17.6,0.28,8.0,31.3,133.0,6.26,215.87,222.56,,161.21,2.01,0.5,56.5,,11.1,,0.45,9.06,0.76,22.65,,,,,,,,,,,,,
2020-01-30,13.0,5.55,66.5,485.75,63.0,8.96,2.19,9.2,24.0,2.82,15.2,65.0,28.65,112.0,215.0,11.0,50.0,1.12,5.72,360.0,77.5,52.0,5.6,,3.01,2.85,5.0,6.0,2.5,320.0,10.4,440.0,5.98,,4.12,36.15,36.05,2.2,12.5,13.0,18.4,109.25,17.75,200.25,30.6,26.95,17.55,2.57,2.42,27.8,18.0,0.29,8.0,32.0,131.0,5.72,216.49,223.86,,162.33,1.9,0.45,55.25,,11.05,,0.45,9.68,0.76,22.65,,,,,,,,,,,,,
2020-01-31,13.05,5.55,72.5,490.0,63.0,8.76,2.16,8.68,24.0,2.87,15.25,65.0,28.25,112.0,214.25,11.0,50.0,1.13,5.6,360.0,77.5,52.25,5.58,,3.0,2.8,5.0,6.0,2.5,320.0,10.3,440.0,5.62,,4.12,36.1,34.9,2.24,12.5,13.0,18.4,114.0,17.75,198.0,30.45,26.95,17.55,2.58,2.24,26.6,18.0,0.29,7.9,32.0,130.25,5.7,216.18,223.46,,162.09,1.73,0.47,55.0,,11.0,,0.45,9.0,0.76,22.65,,,,,,,,,,,,,
2020-02-03,13.2,5.55,72.5,500.0,63.0,9.0,2.28,8.98,22.0,2.86,15.15,65.0,28.2,113.75,212.75,10.75,50.25,1.14,5.66,360.0,77.5,52.0,5.58,,2.96,2.78,5.0,6.0,2.44,320.0,10.3,440.0,5.76,,4.12,36.2,34.65,2.21,12.5,13.0,17.5,114.0,17.75,200.0,30.8,26.95,17.7,2.7,2.22,27.0,17.25,0.27,8.0,33.0,130.0,5.7,216.45,224.39,,163.08,1.74,0.45,54.5,,11.05,,0.45,8.76,0.76,22.65,,,,,,,,,,,,,
2020-02-04,13.15,5.55,68.25,495.0,60.0,9.0,2.22,9.0,24.0,2.81,15.35,65.0,28.5,111.25,214.5,10.75,50.75,1.1,5.68,353.25,77.5,51.5,5.58,,3.0,2.71,5.0,6.0,2.42,320.0,10.3,440.0,5.94,,4.12,36.05,34.8,2.2,12.5,13.0,17.45,113.75,18.85,201.0,30.95,26.95,17.7,2.56,2.22,27.5,17.25,0.27,7.6,33.0,129.5,5.82,217.15,224.97,,163.45,1.83,0.45,55.0,,10.95,,0.45,8.76,0.76,22.65,,,,,,,,,,,,,
2020-02-05,13.2,5.55,68.25,495.0,60.0,8.9,2.15,9.0,24.0,2.8,15.0,65.0,28.5,112.0,217.5,10.75,52.75,1.12,5.7,352.0,80.0,52.25,5.58,,2.99,2.73,5.0,6.0,2.48,320.0,10.2,440.0,5.9,,4.12,36.1,35.0,2.2,12.5,13.0,17.3,114.0,17.35,201.0,31.55,26.35,17.7,2.56,2.22,27.5,18.6,0.26,7.42,33.0,130.0,5.3,219.84,228.76,,165.67,1.85,0.45,55.0,,11.4,,0.45,8.76,0.7,22.4,,,,,,,,,,,,,
2020-02-06,13.35,5.55,69.0,488.5,60.0,8.84,2.11,9.0,24.0,2.8,15.0,62.0,28.65,115.0,219.75,10.7,53.5,1.04,5.74,352.0,81.25,52.25,5.58,,2.98,2.63,5.0,6.0,2.33,320.0,10.3,440.0,5.78,,4.12,36.4,35.05,2.2,12.5,13.0,17.25,114.0,17.35,204.5,32.8,25.0,16.25,2.7,2.22,28.85,18.6,0.25,7.5,33.0,130.0,5.3,222.73,233.38,,169.35,1.78,0.45,55.0,,11.05,,0.45,9.5,0.7,22.4,,,,,,,,,,,,,
2020-02-07,13.35,5.55,69.0,480.0,60.0,8.66,2.13,8.5,22.0,2.62,14.85,62.0,28.5,114.5,221.75,10.8,52.0,1.07,5.76,352.0,81.0,51.25,5.5,,2.99,2.74,5.0,6.0,2.32,320.0,9.5,440.0,6.0,,4.12,36.4,35.1,2.2,12.5,13.0,16.5,105.25,17.1,206.0,32.9,25.0,17.7,2.68,2.22,26.1,18.55,0.25,7.2,30.1,130.0,5.3,221.33,231.96,,168.65,1.95,0.47,55.5,,11.4,,0.45,9.58,0.7,22.4,,,,,,,,,,,,,
2020-02-10,13.35,5.55,67.5,479.5,60.0,8.52,2.11,9.2,22.0,2.62,14.95,62.0,28.4,114.5,220.5,10.8,51.5,1.1,5.76,352.0,81.0,51.0,5.6,,2.97,2.73,5.0,6.0,2.32,320.0,9.52,440.0,5.78,,4.12,36.05,35.25,2.2,12.5,13.0,17.2,105.25,17.5,205.25,32.65,26.0,17.1,2.64,2.4,26.0,17.05,0.27,7.2,30.1,130.0,5.3,220.38,230.62,,167.71,1.95,0.47,55.25,,11.15,,0.45,9.54,0.7,22.4,,,,,,,,,,,,,
2020-02-12,13.3,5.55,66.75,479.5,60.0,8.9,2.09,9.18,22.0,2.67,15.0,62.0,28.4,111.0,219.75,10.9,50.5,1.01,5.6,351.5,81.0,51.0,5.52,,3.0,2.76,5.0,6.0,2.44,320.0,9.7,440.0,5.74,,4.12,36.05,35.35,2.2,12.5,13.0,16.05,105.25,17.5,202.5,32.5,26.0,17.05,2.5,2.4,26.05,17.05,0.25,7.5,30.1,130.0,5.82,219.36,229.24,,166.96,1.91,0.47,54.5,,11.4,,0.45,9.24,0.7,22.4,,,,,,,,,,,,,
2020-02-13,13.3,5.55,65.0,480.0,65.0,9.0,2.05,9.18,22.0,2.66,15.15,62.0,28.45,110.0,219.25,11.0,50.0,0.97,5.78,360.0,80.5,50.5,5.48,,3.0,2.75,5.0,6.0,2.43,320.0,9.52,440.0,5.74,,4.12,36.0,34.4,2.2,12.5,13.0,16.5,105.25,17.5,203.5,31.5,26.4,17.05,2.61,2.4,25.7,17.05,0.25,7.5,30.1,130.0,5.82,217.35,225.54,,164.16,2.09,0.48,55.0,,10.9,,0.45,9.24,0.69,22.4,,,,,,,,,,,,,
2020-02-14,13.2,5.55,64.25,480.0,64.0,8.7,2.13,8.66,22.0,2.57,15.0,62.0,28.25,108.25,218.75,11.0,49.95,1.01,5.76,355.75,82.0,50.5,5.5,,2.99,2.77,5.0,6.0,2.41,320.0,9.52,440.0,5.74,,4.12,35.85,35.0,2.2,12.5,13.0,16.1,105.25,16.5,200.0,31.0,26.4,18.0,2.61,2.38,26.0,17.1,0.27,7.5,31.0,130.0,5.62,216.13,223.71,,162.37,1.89,0.47,53.25,,10.95,,0.45,9.0,0.7,22.4,,,,,,,,,,,,,
2020-02-17,13.3,5.55,63.75,480.0,64.75,8.62,2.03,9.18,22.0,2.6,15.0,62.0,27.2,110.5,215.0,11.0,49.95,1.06,5.46,356.75,83.0,50.25,5.5,,2.97,2.84,5.0,6.0,2.36,320.0,10.0,440.0,5.78,,4.12,35.8,34.0,2.2,12.5,13.0,17.55,110.0,16.6,204.5,30.9,26.15,17.85,2.6,2.15,26.0,17.1,0.29,7.5,31.0,129.75,5.98,214.98,222.83,,162.11,1.9,0.46,53.25,,10.9,,0.45,8.78,0.7,22.4,,,,,,,,,,,,,
2020-02-18,13.25,5.55,63.0,480.0,64.75,8.88,2.03,9.18,22.0,2.66,14.9,60.0,27.05,108.0,212.0,11.0,50.0,1.0,5.24,355.0,83.0,50.5,5.48,,2.99,2.71,5.0,6.0,2.45,320.0,9.2,440.0,5.72,,4.12,36.0,33.25,2.4,12.5,14.25,17.3,108.0,16.25,202.75,30.5,26.15,18.7,2.6,2.15,27.0,17.2,0.29,7.68,31.0,129.25,6.0,213.8,221.31,,160.87,1.75,0.47,54.5,,11.0,,0.45,9.24,0.7,22.4,,,,,,,,,,,,,
2020-02-19,13.15,5.55,63.0,499.5,64.75,8.56,2.0,9.16,22.0,2.66,14.9,60.0,27.05,113.0,210.0,11.0,50.25,1.01,5.16,353.75,83.0,50.75,5.48,,2.97,2.74,5.0,6.0,2.31,320.0,9.98,440.0,5.52,,4.12,35.85,30.4,2.4,12.5,14.25,17.25,106.0,16.5,201.75,29.95,26.15,18.45,2.6,2.16,26.05,17.1,0.28,7.68,33.9,123.0,6.0,212.65,219.96,,159.35,1.58,0.45,53.5,,10.8,,0.45,9.24,0.7,22.4,,,,,,,,,,,,,
2020-02-20,13.15,5.55,62.0,482.75,64.75,8.48,2.05,8.88,22.0,2.68,14.85,65.0,27.05,113.0,207.0,11.0,49.95,1.04,5.34,353.75,83.0,50.5,5.44,,2.99,2.72,5.0,6.0,2.29,320.0,9.0,440.0,5.16,,4.12,35.8,33.0,2.4,12.5,14.25,16.5,105.25,16.8,201.5,29.95,26.15,18.45,2.57,2.14,25.5,17.1,0.28,7.96,33.85,125.0,6.0,211.85,219.25,,158.87,1.6,0.46,53.0,,10.75,,0.45,8.88,0.7,22.4,,,,,,,,,,,,,
2020-02-21,12.95,5.55,62.5,490.0,64.75,8.08,2.0,9.12,24.0,2.68,14.85,62.0,27.2,112.0,205.75,11.0,49.5,1.03,5.3,352.5,83.0,50.0,5.5,,2.98,2.7,5.0,6.0,2.23,320.0,9.5,440.0,5.6,,4.12,35.8,30.25,2.4,12.5,14.25,16.45,106.0,16.5,201.75,29.9,25.85,16.65,2.56,2.3,26.65,18.45,0.3,7.2,33.85,125.0,6.0,210.68,218.13,,158.38,1.46,0.45,54.5,,10.95,,0.45,8.92,0.7,22.4,,,,,,,,,,,,,
2020-02-24,13.15,5.55,64.0,490.0,64.75,8.14,1.95,8.8,24.0,2.69,14.85,62.0,27.0,109.25,206.0,9.9,49.45,0.98,4.87,353.0,83.0,49.75,5.46,,3.0,2.62,5.0,6.0,2.28,318.0,9.5,440.0,5.6,,4.12,35.8,30.1,2.58,12.5,14.25,16.5,105.25,17.0,204.0,29.9,26.0,16.7,2.56,2.3,27.0,18.45,0.29,7.2,31.0,123.75,6.0,210.56,217.82,,158.39,1.59,0.43,54.5,,10.95,,0.45,8.92,0.7,22.4,,,,,,,,,,,,,
2020-02-25,13.0,5.55,59.0,490.0,64.75,7.44,1.94,8.8,24.0,2.65,14.9,62.0,25.95,112.0,203.25,9.9,48.6,1.01,4.79,353.0,83.0,49.0,5.46,,2.78,2.66,5.0,6.0,2.17,318.0,9.08,440.0,5.58,,4.12,35.65,29.75,2.56,12.5,14.25,16.3,106.0,17.0,199.75,29.75,25.35,16.7,2.8,2.3,27.0,17.1,0.28,7.2,31.0,123.0,6.0,208.26,215.82,,157.01,1.7,0.45,54.5,,10.7,,0.45,8.46,0.7,22.4,,,,,,,,,,,,,
2020-02-26,13.0,5.55,62.0,490.0,64.0,7.38,1.91,8.52,24.0,2.69,14.8,62.0,25.65,108.25,201.5,10.0,48.15,1.07,4.64,350.0,78.0,48.55,5.44,,2.92,2.52,5.0,6.0,2.06,318.0,9.02,440.0,5.42,,4.12,35.1,29.65,2.5,12.5,14.25,16.3,103.0,16.5,202.5,28.2,23.55,16.7,2.56,2.3,25.9,17.0,0.28,7.2,31.0,122.75,6.0,204.76,210.08,,152.42,1.87,0.44,54.5,,10.7,,0.45,8.74,0.7,22.4,,,,,,,,,,,,,
2020-02-27,13.1,5.55,59.0,488.0,63.5,7.3,1.83,9.02,24.0,2.7,14.55,62.0,25.5,107.0,200.0,10.0,48.0,1.03,4.96,340.0,78.0,46.65,5.38,,2.91,2.49,5.0,6.0,2.16,320.0,9.0,440.0,5.14,,4.12,35.0,29.05,2.5,12.5,14.25,17.0,112.0,16.3,202.0,28.1,21.5,17.0,2.56,2.3,26.9,17.0,0.28,7.58,31.0,122.75,6.0,202.74,207.85,,151.49,1.7,0.46,51.0,,10.7,,0.45,8.5,0.7,22.4,,,,,,,,,,,,,
2020-02-28,12.95,5.55,56.0,488.0,63.0,7.34,1.8,8.5,26.0,2.63,13.55,60.0,24.6,100.0,194.25,10.0,45.25,1.03,4.55,338.0,78.0,44.95,5.44,,2.8,2.34,5.0,6.0,2.19,319.0,9.12,440.0,5.28,,4.12,33.1,27.5,2.5,12.5,14.25,16.25,112.0,16.4,200.5,27.9,21.5,17.0,2.56,2.3,26.0,17.0,0.29,7.58,31.0,123.25,6.5,195.93,201.96,,148.6,1.61,0.43,50.0,,10.1,,0.45,8.44,0.7,22.4,,,,,,,,,,,,,
2020-03-02,12.95,5.55,56.0,485.0,63.0,7.22,1.95,8.52,26.0,2.46,13.95,60.0,25.3,102.0,195.0,10.0,47.05,0.95,4.53,338.0,78.0,46.65,5.48,,2.85,2.3,5.0,6.0,2.15,319.0,9.0,440.0,5.14,,4.12,31.7,29.5,2.35,12.5,14.25,16.95,112.0,16.5,213.25,28.1,19.5,18.0,2.53,2.3,26.2,17.0,0.28,7.42,31.0,122.75,6.5,198.73,205.33,,150.19,1.73,0.43,48.05,,10.5,,0.45,8.04,0.7,22.4,,,,,,,,,,,,,
2020-03-03,13.0,5.55,57.5,485.0,63.0,7.42,2.05,9.0,26.0,2.44,14.0,64.0,25.55,101.5,198.0,10.0,47.85,0.94,4.64,340.0,78.0,47.7,5.5,,2.8,2.27,5.0,6.0,2.17,319.0,9.16,440.0,5.36,,4.12,32.65,29.85,2.35,12.5,14.25,17.4,118.5,16.25,205.25,28.85,19.5,18.0,2.5,2.3,26.45,17.0,0.29,7.1,31.0,120.25,6.5,202.01,209.37,,153.1,1.68,0.44,51.0,,10.6,,0.45,8.08,0.66,22.4,,,,,,,,,,,,,
2020-03-04,13.1,5.55,55.0,484.0,63.0,7.48,1.91,8.66,26.0,2.49,14.8,58.0,25.2,100.75,201.25,10.0,49.1,0.94,4.98,335.75,78.0,49.5,5.54,,2.84,2.26,5.0,6.0,2.25,319.0,8.52,440.0,5.22,,4.12,32.7,29.95,2.35,12.5,14.25,16.75,115.0,16.65,202.25,29.1,21.15,17.05,2.5,2.3,25.05,17.0,0.29,7.08,31.0,120.25,6.0,206.06,213.13,,154.66,1.56,0.41,50.75,,10.65,,0.45,8.0,0.66,22.4,,,,,,,,,,,,,
2020-03-05,13.3,5.55,57.25,481.0,63.0,7.8,1.79,8.6,26.0,2.47,14.8,58.0,25.0,101.0,202.0,10.0,49.9,0.96,4.7,335.5,78.0,50.5,5.54,,2.65,2.3,5.0,6.0,2.18,319.0,8.18,440.0,5.22,,4.12,34.85,30.0,2.35,12.5,14.25,16.15,115.0,17.0,202.0,29.55,21.5,15.8,2.75,2.1,26.0,15.5,0.29,7.0,31.0,120.0,6.0,208.85,216.22,,156.6,1.43,0.44,52.0,,10.6,,0.45,8.0,0.66,22.4,,,,,,,,,,,,,
2020-03-06,13.3,5.55,57.0,481.0,63.0,7.38,1.9,8.6,23.4,2.55,14.8,58.0,25.0,102.0,207.75,10.0,49.05,0.96,4.74,335.5,78.0,50.25,5.5,,2.66,2.29,5.0,6.0,2.06,319.0,7.52,440.0,5.24,,4.12,34.25,29.45,2.35,12.5,14.25,15.8,110.0,16.75,200.25,29.5,21.5,17.0,2.75,2.1,26.5,15.5,0.3,7.08,32.5,120.0,6.5,208.76,215.92,,156.17,1.32,0.44,52.0,,10.75,,0.45,7.84,0.66,22.4,,,,,,,,,,,,,
2020-03-09,13.1,5.55,57.0,476.0,63.0,7.3,1.83,8.52,23.4,2.45,14.15,58.0,25.05,100.25,195.25,10.0,46.2,1.0,4.71,340.0,78.0,46.7,5.44,,2.63,2.26,5.0,6.0,1.93,319.0,7.52,440.0,5.24,,4.12,33.8,29.25,2.5,12.5,14.25,16.0,116.75,16.0,200.75,27.35,23.15,17.05,2.75,2.1,25.65,14.05,0.29,6.82,32.5,120.0,5.98,198.23,202.98,,147.98,1.43,0.4,50.75,,10.6,,0.45,7.84,0.66,22.4,,,,,,,,,,,,,
2020-03-10,12.8,5.55,55.0,466.0,63.0,7.24,1.9,8.28,23.4,2.43,14.1,58.0,24.35,100.25,195.5,10.0,47.1,0.98,4.54,335.0,78.0,47.8,5.4,,2.56,2.2,5.0,6.0,1.92,319.0,6.88,440.0,5.2,,4.12,33.05,28.05,2.38,12.5,14.25,15.75,106.5,16.0,200.0,27.75,23.15,17.0,2.65,2.1,25.7,13.5,0.3,6.4,30.0,119.75,5.98,198.9,205.1,,148.67,1.44,0.43,50.75,,10.45,,0.45,8.0,0.66,22.4,,,,,,,,,,,,,
2020-03-11,12.8,5.55,51.5,466.0,63.0,7.26,1.89,8.0,24.0,2.4,14.6,58.0,24.4,101.0,198.5,10.95,47.1,0.96,4.57,335.0,75.0,48.65,5.3,,2.72,2.13,5.0,6.0,1.88,319.0,6.88,440.0,5.04,,4.12,33.15,28.2,2.4,12.5,14.25,15.7,102.0,16.45,197.5,27.85,21.0,17.0,2.75,2.0,26.0,13.6,0.3,6.6,30.0,119.0,6.0,200.72,206.72,,149.17,1.42,0.4,50.0,,10.6,,0.45,8.02,0.66,22.4,,,,,,,,,,,,,
2020-03-12,12.45,5.55,51.5,439.25,63.0,7.24,1.9,7.9,24.0,2.42,14.25,58.0,23.15,99.0,192.25,10.95,45.1,0.93,4.45,335.0,75.0,45.85,5.22,,2.49,2.11,5.0,6.0,1.83,319.75,7.02,440.0,5.0,,4.12,32.2,28.15,2.3,12.5,14.25,15.3,102.0,15.5,195.0,25.75,22.5,15.5,2.75,2.0,25.2,13.6,0.28,6.6,31.9,119.0,6.0,191.83,195.51,,141.46,1.37,0.38,50.0,,10.0,,0.45,8.4,0.6,22.4,,,,,,,,,,,,,
2020-03-13,11.6,5.55,50.0,401.5,63.0,6.8,1.71,7.92,24.0,2.33,13.25,58.0,23.0,93.75,185.0,11.0,41.9,0.9,4.12,302.5,75.0,42.65,4.84,,2.43,1.98,5.0,6.0,1.69,319.75,7.64,440.0,4.74,,4.12,29.95,27.15,2.2,12.5,14.25,16.5,95.5,15.3,190.0,24.35,22.0,13.95,2.75,2.0,22.95,13.5,0.27,6.6,30.3,112.0,5.98,180.55,184.1,,133.66,1.37,0.38,46.3,,9.9,,0.45,8.8,0.6,22.4,,,,,,,,,,,,,
2020-03-16,11.35,5.55,50.0,400.0,63.0,6.82,1.71,7.98,24.0,2.33,12.8,58.0,22.0,93.25,180.5,11.0,39.85,0.93,4.12,303.0,71.5,40.25,4.8,,2.24,1.99,5.0,6.0,1.57,319.75,7.5,440.0,4.73,,4.12,28.9,26.5,2.0,12.5,14.25,15.3,90.5,14.2,184.25,24.45,22.0,15.3,2.75,1.8,22.95,13.4,0.28,6.6,29.0,112.0,5.98,175.37,179.82,,131.84,1.37,0.38,46.4,,9.14,,0.45,8.06,0.6,22.4,,,,,,,,,,,,,
2020-03-17,11.4,5.55,50.0,398.25,63.0,6.52,1.77,7.92,24.0,2.28,12.75,58.0,22.5,93.25,175.25,11.0,39.25,0.95,4.02,303.0,65.0,41.7,4.79,,2.29,1.92,5.0,6.0,1.54,319.75,7.52,440.0,4.49,,4.12,28.15,25.55,2.0,12.5,14.25,16.1,96.5,14.6,189.0,25.1,22.0,15.3,2.75,1.98,22.8,13.4,0.3,6.78,29.0,109.75,5.98,175.62,181.71,,133.55,1.32,0.37,46.0,,9.18,,0.45,7.98,0.6,22.4,,,,,,,,,,,,,
2020-03-18,11.1,5.55,50.0,395.0,63.0,6.66,1.76,7.54,24.0,2.31,12.65,58.0,22.75,92.25,172.25,11.0,39.0,0.9,4.21,303.0,65.0,41.55,4.62,,2.29,1.88,5.0,6.0,1.67,320.0,8.0,440.0,4.6,,4.12,28.05,25.2,2.0,12.5,14.25,16.1,98.0,14.5,187.0,25.35,22.0,15.3,2.73,2.0,24.3,13.4,0.28,6.78,29.0,109.0,5.98,174.52,181.49,,133.79,1.22,0.36,46.05,,9.28,,0.45,8.4,0.6,22.4,,,,,,,,,,,,,
2020-03-19,11.0,5.55,49.9,390.0,57.5,6.58,1.88,7.52,24.0,2.28,12.55,58.0,22.35,90.0,160.5,11.0,39.05,0.85,4.0,303.0,62.75,40.6,4.51,,2.33,1.9,5.0,6.0,1.6,320.0,8.18,440.0,4.44,,4.12,28.0,24.3,2.0,12.5,14.25,16.5,93.0,14.4,193.5,25.4,22.0,13.85,2.55,2.0,24.0,14.0,0.26,6.78,29.0,102.75,5.98,171.5,179.28,,132.86,1.29,0.38,46.0,,9.9,,0.45,7.92,0.6,22.4,,,,,,,,,,,,,
2020-03-20,11.0,5.55,45.9,385.5,57.5,6.76,1.87,7.84,24.0,2.3,12.75,58.0,21.75,90.0,159.25,11.0,38.95,0.84,4.18,296.0,65.0,40.55,4.59,,2.32,1.85,5.0,6.0,1.63,320.0,8.2,475.0,4.42,,4.12,28.25,24.6,2.0,12.5,14.25,16.3,99.0,14.5,193.25,25.4,22.0,15.0,2.48,2.0,24.15,14.1,0.26,6.78,29.0,94.25,5.82,171.54,179.17,,132.93,1.23,0.38,46.2,,9.8,,0.45,7.92,0.65,22.4,,,,,,,,,,,,,
2020-03-23,10.2,5.55,46.0,380.0,63.0,6.56,1.71,7.72,24.0,2.16,12.6,59.0,20.25,84.5,155.75,11.0,35.7,0.9,4.18,275.0,62.0,37.45,4.42,,2.22,1.81,5.0,6.0,1.62,320.0,8.2,475.0,4.36,,4.12,27.65,25.05,2.0,12.5,14.25,16.5,99.0,14.55,188.0,24.6,21.0,15.0,2.52,2.0,23.95,12.85,0.27,6.76,29.0,94.75,5.82,163.74,170.76,,128.21,1.16,0.37,46.1,,9.34,,0.45,8.0,0.65,22.4,,,,,,,,,,,,,
2020-03-24,9.74,5.55,49.15,378.0,63.0,6.12,1.64,7.72,24.0,2.07,12.1,59.0,22.25,78.25,147.0,11.0,32.55,0.89,4.25,250.0,62.0,33.9,4.14,,2.19,1.69,5.0,6.0,1.48,300.0,8.12,475.0,4.35,,4.12,25.1,24.45,2.1,12.5,14.25,16.5,95.0,14.55,179.25,24.45,22.3,15.0,2.52,2.0,23.95,12.85,0.25,6.78,29.0,93.0,5.82,155.59,163.28,,124.54,1.07,0.35,45.95,,9.32,,0.45,7.92,0.6,22.4,,,,,,,,,,,,,
2020-03-25,9.44,5.55,49.75,378.0,62.0,6.0,1.65,7.72,24.0,2.04,11.85,59.0,23.1,78.5,139.75,11.0,32.85,0.83,4.14,250.0,65.0,35.05,4.15,,2.2,1.78,5.0,6.0,1.42,300.0,7.9,475.0,4.57,,4.12,25.2,23.95,2.0,12.25,14.25,16.5,94.25,13.6,175.5,24.5,22.0,14.9,2.52,1.84,24.0,13.1,0.25,6.78,29.0,92.0,5.82,154.94,163.44,,124.3,1.02,0.35,46.15,,9.02,,0.45,8.18,0.6,22.4,,,,,,,,,,,,,
2020-03-26,9.9,5.55,50.0,364.5,62.0,6.28,1.64,7.52,24.0,2.12,11.8,59.0,23.2,78.5,135.75,11.0,33.15,0.82,4.0,250.0,65.0,35.05,4.46,,2.24,1.77,5.0,6.0,1.41,300.0,8.44,475.0,4.55,,4.12,26.0,23.55,2.0,12.25,14.25,16.5,93.75,14.3,175.0,24.65,22.0,15.1,2.29,2.0,24.05,12.0,0.26,6.78,29.0,93.5,5.82,155.96,164.17,,125.09,0.99,0.34,49.8,,9.04,,0.45,7.9,0.6,22.4,,,,,,,,,,,,,
2020-03-27,9.82,5.55,50.0,360.0,62.0,6.48,1.64,8.2,24.0,2.29,12.1,59.0,22.65,81.75,135.25,11.0,33.2,0.9,4.16,250.0,65.0,35.0,4.89,,2.23,1.77,5.0,6.0,1.4,300.0,8.44,475.0,4.94,,4.12,26.4,24.25,2.0,12.25,14.25,15.5,92.0,15.1,178.25,25.35,22.0,13.85,2.29,2.0,24.05,12.0,0.27,6.5,29.0,94.75,5.82,157.91,166.78,,127.3,1.01,0.33,49.8,,9.06,,0.45,8.02,0.6,22.4,,,,,,,,,,,,,
2020-03-30,10.15,5.55,45.4,360.0,62.0,6.5,1.7,8.58,24.0,2.19,12.85,58.0,23.2,80.0,139.0,11.0,34.0,0.84,4.18,250.0,65.0,35.0,4.71,,2.39,1.75,5.0,6.0,1.3,300.0,8.44,475.0,5.14,,4.12,28.05,24.6,2.0,12.25,14.25,15.5,92.0,16.0,178.75,26.0,22.0,13.9,2.29,1.85,22.9,11.5,0.29,6.06,29.0,96.75,5.82,162.01,170.37,,129.72,1.06,0.31,49.8,,8.84,,0.45,8.0,0.6,22.4,,,,,,,,,,,,,
2020-03-31,10.1,5.55,48.0,360.0,62.0,6.5,1.6,8.98,24.0,2.2,12.85,58.0,22.55,88.0,149.5,11.0,33.95,0.84,4.18,266.75,65.0,35.0,4.94,,2.36,1.77,5.0,6.0,1.39,300.0,8.44,475.0,5.3,,4.12,28.4,24.3,2.1,12.25,14.25,16.5,92.0,15.95,178.0,26.45,22.0,15.0,2.29,2.0,22.9,11.5,0.3,6.18,29.0,104.0,5.5,164.58,173.37,,131.92,1.11,0.33,50.75,,9.3,,0.45,8.2,0.6,22.4,,,,,,,,,,,,,
2020-04-01,9.98,5.55,48.0,378.25,62.0,6.52,1.48,8.5,24.0,2.3,12.95,58.0,23.05,86.75,149.25,11.0,33.9,0.84,4.19,275.0,65.0,34.9,4.93,,2.53,1.78,5.0,6.0,1.34,300.0,8.76,475.0,5.26,,4.12,28.35,24.55,2.31,12.25,14.25,16.5,95.0,15.15,176.0,26.9,22.0,15.0,2.29,2.0,24.95,12.6,0.3,6.2,29.0,100.0,5.5,165.35,174.54,,133.25,1.05,0.34,50.25,,9.02,,0.45,8.2,0.6,22.4,,,,,,,,,,,,,
2020-04-02,10.0,5.55,48.0,378.25,61.75,6.56,1.52,8.5,24.0,2.3,12.85,58.0,23.0,85.5,149.0,11.0,33.85,0.85,4.19,275.0,65.0,34.25,4.99,,2.77,1.8,5.0,6.0,1.4,300.0,8.48,475.0,5.24,,4.12,28.5,24.0,2.31,12.25,14.25,16.5,95.0,15.15,180.75,28.25,22.0,15.0,2.32,1.8,24.95,13.15,0.29,6.2,29.0,106.25,5.5,166.98,177.89,,136.68,1.05,0.35,48.5,,9.0,,0.45,8.16,0.6,22.4,,,,,,,,,,,,,
2020-04-03,9.9,5.55,51.0,365.0,62.75,6.96,1.65,8.5,22.4,2.29,12.9,58.0,23.15,87.75,155.25,11.0,34.0,0.78,4.2,275.0,65.0,34.6,4.87,,2.78,1.86,5.0,6.0,1.41,300.0,8.48,475.0,4.96,,4.12,28.3,24.55,2.5,12.25,14.25,16.5,96.0,15.8,185.0,28.75,22.0,15.0,2.25,1.8,24.9,14.45,0.3,6.2,29.0,109.0,5.5,168.85,180.48,,138.68,1.15,0.37,50.0,,8.96,,0.45,8.2,0.6,22.4,,,,,,,,,,,,,
2020-04-06,9.92,5.55,53.0,360.0,62.75,7.38,1.7,8.98,22.4,2.27,12.4,58.0,23.35,87.75,156.0,10.0,34.2,0.85,4.18,280.25,65.0,34.8,4.9,,2.72,1.93,5.0,6.0,1.36,301.0,8.46,475.0,4.85,,4.12,27.9,25.25,2.5,12.25,14.25,16.5,95.75,15.9,184.75,27.55,22.0,15.0,2.25,1.8,24.9,15.7,0.3,6.2,29.0,105.75,5.5,166.85,177.12,,135.52,1.15,0.38,48.95,,8.94,,0.45,8.02,0.6,22.4,,,,,,,,,,,,,
2020-04-07,9.9,5.55,48.15,360.0,63.25,7.12,1.7,9.0,22.4,2.28,12.35,58.0,23.25,85.75,146.5,11.0,33.65,0.89,4.4,282.25,71.0,34.5,4.85,,2.67,1.93,5.0,6.0,1.32,301.0,8.46,475.0,4.65,,4.12,27.95,25.0,2.5,12.25,14.25,16.3,95.75,16.0,184.25,26.8,22.0,16.4,2.25,1.8,22.9,15.7,0.3,6.82,29.0,106.0,5.5,163.51,173.1,,132.72,1.15,0.4,50.0,,9.0,,0.45,8.2,0.6,22.4,,,,,,,,,,,,,
2020-04-08,9.9,5.55,48.15,360.0,60.0,7.1,1.71,9.0,22.4,2.11,12.5,58.0,23.25,85.25,146.5,11.0,33.1,0.85,4.2,282.25,71.0,34.5,4.83,,2.54,1.9,5.0,6.0,1.27,301.0,8.46,475.0,4.89,,4.12,27.95,25.0,2.5,12.25,14.25,16.5,95.0,16.0,184.5,26.2,22.0,16.4,2.25,1.86,22.65,15.0,0.29,6.88,26.1,106.0,5.5,162.26,170.95,,130.96,1.08,0.39,50.25,,8.98,,0.45,8.2,0.6,22.4,,,,,,,,,,,,,
2020-04-09,9.86,5.55,48.15,360.0,60.0,7.0,1.71,9.0,22.4,2.26,12.45,53.0,22.95,85.5,145.0,10.0,32.8,0.85,4.2,274.75,71.0,34.5,4.9,,2.66,1.94,5.0,6.0,1.25,301.0,8.46,475.0,4.75,,4.12,27.95,24.5,2.5,12.25,14.25,16.5,93.75,16.0,182.25,26.35,19.8,15.0,2.25,1.92,22.0,15.0,0.28,6.88,26.1,106.0,5.5,162.1,171.04,,131.07,1.05,0.41,51.0,,9.0,,0.45,8.2,0.56,22.4,,,,,,,,,,,,,
2020-04-14,10.35,5.55,48.15,360.0,60.0,7.24,1.7,9.04,22.4,2.14,12.5,53.0,22.75,80.25,152.75,10.0,33.05,0.82,4.2,277.25,71.0,35.1,4.9,,2.65,1.94,5.0,6.0,1.16,301.0,8.4,475.0,4.62,,4.12,27.6,24.3,2.5,12.25,14.25,16.0,93.75,16.0,182.75,27.05,19.8,15.0,2.21,1.91,23.9,15.0,0.3,7.0,26.4,111.0,5.5,165.3,174.48,,133.59,1.14,0.43,51.25,,9.1,,0.45,8.14,0.56,22.4,,,,,,,,,,,,,
2020-04-15,10.2,5.55,48.0,360.0,60.0,6.78,1.74,9.04,22.0,2.13,13.3,53.0,23.0,86.0,150.0,10.0,33.55,0.89,4.17,277.0,71.0,35.0,4.85,,2.57,2.01,5.0,6.0,1.14,301.0,7.6,475.0,4.66,,4.12,27.9,24.3,2.3,12.25,14.25,16.4,95.0,16.0,197.75,27.45,19.8,13.9,2.21,1.87,23.9,15.8,0.28,7.0,26.4,114.75,5.5,166.62,176.28,,135.24,1.03,0.41,51.5,,9.18,,0.45,8.14,0.55,22.4,,,,,,,,,,,,,
2020-04-16,10.25,5.55,48.0,384.25,66.0,6.66,1.78,9.0,22.0,2.13,12.45,53.0,22.85,85.0,148.25,10.0,33.3,0.88,4.0,277.5,71.0,35.05,4.95,,2.41,2.09,5.0,6.0,1.13,301.0,8.34,475.0,4.67,,4.12,28.0,24.3,2.3,12.25,14.25,16.1,95.0,16.0,186.5,27.4,19.8,15.0,2.2,1.8,23.9,15.0,0.29,6.88,29.0,115.0,5.48,165.12,175.32,,134.64,1.13,0.42,52.75,,8.84,,0.45,8.22,0.55,22.4,,,,,,,,,,,,,
2020-04-17,10.25,5.55,48.0,364.75,66.0,6.7,1.78,9.08,22.0,2.16,12.4,53.0,23.0,85.0,148.0,10.0,32.95,0.81,4.15,281.5,71.0,34.6,4.9,,2.53,2.22,5.0,6.0,1.07,301.0,8.36,475.0,4.66,,4.12,28.15,24.25,2.3,12.25,14.25,16.1,95.0,16.0,186.5,28.0,19.8,15.0,2.0,1.65,23.9,15.0,0.3,6.9,29.0,115.0,5.48,165.61,176.55,,135.93,1.03,0.41,52.75,,9.3,,0.45,8.34,0.55,22.4,,,,,,,,,,,,,
2020-04-20,10.05,5.55,48.0,365.0,72.0,6.9,1.8,9.0,22.0,2.3,12.3,53.0,23.0,86.0,147.75,10.0,33.5,0.86,4.12,280.25,71.0,35.95,4.9,,2.57,2.19,5.0,6.0,1.08,301.0,8.36,475.0,4.67,,4.12,28.5,24.05,2.3,12.25,14.25,16.5,95.0,16.0,194.5,28.5,19.8,15.0,2.0,1.7,23.9,15.0,0.3,6.98,29.0,115.0,5.48,167.27,179.32,,137.84,0.96,0.41,52.75,,9.08,,0.45,8.5,0.6,22.4,,,,,,,,,,,,,
2020-04-21,10.25,5.55,48.0,360.0,70.25,6.64,1.81,9.0,23.5,2.3,12.25,53.0,23.4,86.0,148.75,10.0,34.85,0.8,4.0,280.0,71.0,37.0,4.9,,2.7,2.19,5.0,6.0,1.04,301.0,8.5,475.0,4.88,,4.12,29.05,23.6,2.3,12.25,14.25,16.5,97.0,16.05,195.0,28.4,19.8,15.0,2.2,1.61,23.65,15.0,0.3,6.9,29.0,115.0,5.48,169.34,181.08,,138.25,0.96,0.41,52.0,,9.3,,0.45,8.9,0.6,22.4,,,,,,,,,,,,,
2020-04-22,10.35,5.55,48.5,351.25,65.25,6.9,1.8,9.0,23.5,2.25,12.25,53.0,23.15,87.25,148.0,10.0,35.75,0.8,4.02,280.0,71.0,36.75,4.9,,2.52,2.17,5.0,6.0,0.98,310.0,8.5,475.0,4.53,,4.12,28.75,23.4,2.3,12.25,14.25,16.5,90.5,17.0,196.0,27.95,19.8,15.0,2.2,1.61,23.75,15.4,0.28,6.88,29.0,115.0,5.8,168.74,180.09,,137.07,0.9,0.41,52.75,,9.0,,0.45,8.84,0.6,22.4,,,,,,,,,,,,,
2020-04-23,10.7,5.55,48.0,350.75,65.25,6.62,1.8,8.9,23.5,2.17,12.4,53.0,23.3,86.0,149.0,10.0,34.95,0.86,4.0,280.0,71.0,36.65,4.94,,2.49,2.13,5.0,6.0,0.96,310.0,8.5,475.0,4.9,,4.12,28.75,23.45,2.3,12.25,14.25,17.0,94.5,16.0,194.75,28.2,20.0,15.0,2.11,1.7,23.85,15.0,0.3,6.88,29.0,112.75,5.8,169.33,180.45,,137.56,0.97,0.42,50.0,,8.84,,0.45,8.84,0.6,22.4,,,,,,,,,,,,,
2020-04-24,10.6,5.55,48.0,338.5,69.0,6.7,1.86,8.9,23.5,2.17,12.35,53.0,23.4,85.5,152.0,10.0,34.6,0.87,4.05,271.25,66.5,36.6,4.9,,2.6,2.14,5.0,6.0,0.93,310.0,8.2,475.0,4.9,,4.12,28.75,23.55,2.3,12.25,14.25,17.0,95.0,16.05,193.25,27.55,20.0,15.0,2.11,1.68,23.65,15.0,0.3,6.88,29.0,112.25,5.8,168.56,178.59,,135.78,0.97,0.39,51.25,,8.98,,0.45,8.02,0.6,22.4,,,,,,,,,,,,,
2020-04-27,10.55,5.55,48.0,339.75,69.0,6.54,1.81,8.5,23.5,2.22,12.2,53.0,23.5,86.25,153.0,10.0,34.65,0.86,4.0,279.5,66.5,36.95,4.9,,2.5,2.15,5.0,6.0,0.88,310.0,8.5,475.0,4.79,,4.12,28.1,23.65,2.3,12.25,14.25,15.9,95.0,16.0,193.5,27.55,20.0,15.0,2.07,1.68,23.85,15.0,0.27,7.08,29.0,115.0,5.8,168.41,178.82,,135.82,0.99,0.38,51.5,,9.12,,0.45,8.0,0.6,22.4,,,,,,,,,,,,,
2020-04-28,10.6,5.55,46.8,332.5,69.0,6.54,1.84,9.04,23.5,2.26,12.45,53.0,22.9,84.0,153.75,10.0,35.85,0.85,3.92,279.0,66.5,35.8,4.89,,2.52,2.14,5.0,6.0,0.86,310.0,8.5,475.0,4.8,,4.12,27.9,23.25,2.29,12.25,14.25,15.5,91.0,15.75,187.75,27.7,20.0,15.0,2.27,1.7,23.5,15.0,0.27,6.9,28.0,113.0,5.8,168.92,179.2,,135.96,1.05,0.38,51.25,,9.58,,0.45,8.78,0.6,22.0,,,,,,,,,,,,,
2020-04-29,10.55,5.55,46.8,329.5,71.0,6.6,1.74,9.04,23.5,2.27,12.45,53.0,23.9,85.0,161.25,10.0,36.8,0.84,4.02,271.0,66.5,36.3,4.86,,2.5,2.13,5.0,6.0,0.91,341.0,8.4,475.0,4.94,,4.12,28.0,21.4,2.29,12.25,14.25,15.5,92.5,16.95,189.5,29.0,20.0,15.0,2.33,1.7,23.7,15.0,0.27,6.9,28.0,115.0,5.8,172.98,184.95,,140.21,0.95,0.4,51.0,,9.34,,0.45,8.74,0.6,22.0,,,,,,,,,,,,,
2020-04-30,10.6,5.55,45.1,320.0,71.0,6.84,1.85,9.26,23.5,2.26,12.6,53.0,25.15,83.0,172.75,10.0,37.65,0.8,3.89,263.0,66.5,37.0,4.55,,2.52,2.01,5.0,6.0,0.89,341.0,8.34,427.5,5.02,,4.12,28.5,21.35,2.32,12.25,14.25,16.1,92.5,16.0,187.5,28.5,20.0,15.0,2.37,1.7,24.1,14.5,0.27,6.9,29.2,115.0,6.0,175.41,185.85,,139.69,0.91,0.38,51.25,,9.26,,0.45,8.96,0.6,22.0,,,,,,,,,,,,,
2020-05-04,10.6,5.55,47.4,325.0,71.0,6.74,1.8,8.66,23.5,2.22,12.65,53.0,26.2,82.75,175.25,10.0,38.65,0.8,3.96,263.0,70.0,38.4,4.79,,2.48,2.0,5.0,6.0,0.96,341.0,7.52,427.5,5.0,,4.12,30.95,21.4,2.29,12.25,14.25,16.1,92.5,15.35,187.5,29.5,20.0,15.0,2.3,1.8,26.0,14.9,0.26,6.88,29.2,115.0,6.0,180.37,191.37,,143.42,0.9,0.38,51.25,,9.04,,0.45,8.74,0.6,22.0,,,,,,,,,,,,,
2020-05-05,10.85,5.55,46.1,315.25,71.0,6.88,1.85,8.88,23.5,2.3,12.7,53.0,26.8,83.0,180.0,10.0,39.85,0.84,4.0,264.75,70.0,38.75,4.62,,2.48,1.99,5.0,6.0,1.04,341.0,7.52,427.5,5.04,,4.12,32.7,21.4,2.11,12.25,14.25,16.5,101.5,16.65,185.0,29.95,20.0,15.0,2.3,1.7,24.3,15.0,0.28,7.24,28.4,115.0,6.0,183.81,194.79,,145.69,0.84,0.39,51.5,,9.5,,0.45,8.66,0.6,22.0,,,,,,,,,,,,,
2020-05-06,11.15,5.55,47.7,315.0,71.0,6.9,1.74,9.0,21.6,2.32,13.15,53.0,26.8,83.75,175.25,10.0,42.0,0.77,3.99,266.0,70.0,41.95,4.8,,2.45,2.0,5.0,6.0,1.13,341.0,7.56,427.5,5.08,,4.12,32.75,21.5,2.0,12.25,14.25,16.0,91.5,17.2,186.25,30.45,20.0,15.5,2.21,1.69,25.05,14.85,0.28,7.16,29.0,115.0,5.7,188.25,200.1,,148.22,0.81,0.38,52.25,,9.4,,0.45,8.6,0.6,22.0,,,,,,,,,,,,,
2020-05-07,10.95,5.55,47.7,315.0,71.0,6.76,1.74,9.0,21.6,2.29,12.95,53.0,26.65,83.0,178.5,10.0,39.75,0.75,4.0,265.25,70.0,39.25,4.82,,2.42,1.98,5.0,6.0,1.21,341.0,8.0,427.5,5.06,,4.12,32.75,21.5,2.0,12.25,14.2,16.5,88.0,17.35,183.5,28.9,20.0,15.05,2.13,1.7,25.35,14.55,0.3,7.0,28.15,115.0,5.7,182.98,192.21,,142.8,0.8,0.39,50.5,,9.36,,0.45,8.0,0.6,22.0,,,,,,,,,,,,,
2020-05-08,11.0,5.55,47.7,315.0,71.0,6.88,1.9,8.96,21.6,2.31,13.05,53.0,26.35,83.0,170.5,9.0,39.15,0.81,4.01,268.0,70.0,39.05,4.9,,2.43,1.99,5.0,6.0,1.27,341.0,8.16,400.0,5.04,,4.12,31.7,21.15,2.0,12.25,14.25,16.5,88.0,17.5,184.25,28.35,18.0,16.0,2.11,1.7,25.65,15.2,0.31,7.26,28.1,115.0,5.7,180.17,189.08,,140.87,0.82,0.4,51.0,,9.04,,0.45,8.0,0.59,22.0,,,,,,,,,,,,,
2020-05-11,10.85,5.55,47.7,316.5,64.0,6.98,1.9,8.96,21.6,2.29,13.2,51.0,26.45,83.0,170.0,9.0,38.6,0.75,3.99,266.5,70.0,39.05,4.92,,2.49,1.99,5.0,6.0,1.39,341.0,8.3,400.0,4.95,,4.12,32.7,20.6,2.0,12.25,14.25,16.5,88.0,17.5,181.75,28.3,18.0,16.0,2.2,1.7,25.65,15.2,0.31,7.06,28.1,115.0,5.8,180.16,188.77,,140.65,0.78,0.41,50.5,,9.76,,0.45,8.18,0.59,22.0,,,,,,,,,,,,,
2020-05-12,10.65,5.55,47.9,315.0,64.0,6.88,1.8,8.96,21.6,2.27,13.0,51.0,26.15,83.0,170.0,9.0,37.6,0.8,3.99,266.5,72.0,38.95,4.93,,2.47,1.99,5.0,6.0,1.52,341.0,8.2,400.0,4.88,,4.12,32.25,20.2,2.0,12.25,14.25,16.35,88.0,17.5,181.0,28.0,18.0,16.0,2.2,1.7,25.0,15.2,0.31,6.94,28.1,115.0,5.56,178.25,186.77,,139.42,0.84,0.4,51.75,,8.9,,0.45,8.2,0.56,22.0,,,,,,,,,,,,,
2020-05-13,10.7,5.55,45.05,315.0,64.0,6.56,1.74,9.02,21.6,2.24,13.0,51.0,26.15,80.5,165.75,9.0,35.9,0.82,3.97,260.0,72.0,38.0,4.93,,2.34,1.97,5.0,6.0,1.67,341.0,7.54,400.0,5.0,,4.12,28.8,19.1,2.0,12.25,14.25,16.2,88.25,17.5,178.5,27.8,18.15,15.0,2.4,1.7,25.0,14.25,0.33,6.96,28.1,115.0,5.56,175.25,183.58,,137.37,0.81,0.41,50.0,,8.62,,0.45,7.58,0.6,22.0,,,,,,,,,,,,,
2020-05-14,10.5,5.55,44.95,315.0,64.0,6.36,1.74,9.02,21.6,2.12,12.9,49.5,24.9,78.25,165.0,9.0,33.7,0.82,4.0,250.25,79.0,35.9,4.95,,2.33,1.93,5.0,6.0,1.83,341.0,7.5,400.0,4.61,,4.12,28.3,18.5,2.0,12.25,14.25,14.85,88.0,17.45,176.75,27.1,18.0,15.4,2.41,1.7,24.9,14.25,0.34,7.36,28.1,118.0,5.56,170.47,177.91,,134.19,0.82,0.41,49.9,,8.74,,0.45,7.94,0.6,22.0,,,,,,,,,,,,,
2020-05-15,10.5,5.55,44.3,315.0,64.0,6.02,1.81,9.18,21.6,2.17,12.9,49.5,24.95,77.0,165.0,8.24,33.7,0.89,3.99,249.5,79.0,35.65,4.89,,2.35,1.96,5.0,6.0,2.01,341.0,7.5,400.0,4.58,,4.12,27.2,19.5,1.98,12.25,14.25,14.85,88.0,17.5,176.0,27.65,19.8,15.4,2.55,1.55,24.55,14.25,0.32,6.78,28.1,115.0,5.56,170.63,179.05,,135.33,0.85,0.41,49.3,,8.8,,0.45,7.5,0.54,22.0,,,,,,,,,,,,,
2020-05-18,10.5,5.55,44.55,315.0,64.0,6.26,1.8,9.1,23.5,2.21,12.95,49.5,25.0,77.0,165.0,8.24,35.5,0.92,3.91,249.5,79.0,36.05,4.9,,2.37,1.96,5.0,6.0,2.18,341.0,7.5,400.0,4.55,,4.12,26.55,19.15,1.98,12.25,14.25,16.0,88.0,17.5,174.5,28.9,20.0,15.4,2.55,1.69,24.4,14.25,0.33,7.3,30.0,118.0,5.56,173.55,184.05,,139.28,0.83,0.44,49.7,,8.7,,0.45,7.4,0.49,22.0,,,,,,,,,,,,,
2020-05-19,10.5,5.55,44.55,320.0,64.0,6.4,1.77,9.18,23.5,2.29,13.0,45.0,25.0,75.25,164.5,8.24,37.0,0.94,3.97,249.5,79.0,37.6,4.89,,2.4,1.95,5.0,6.0,2.38,341.0,8.02,400.0,4.97,,4.12,27.1,19.0,1.98,12.25,14.25,16.05,85.25,17.0,172.25,29.2,20.0,15.4,2.7,1.64,25.0,14.25,0.3,6.86,30.0,117.75,5.56,176.13,187.03,,140.68,0.86,0.43,49.9,,8.38,,0.45,7.04,0.49,20.65,,,,,,,,,,,,,
2020-05-20,10.45,5.55,44.25,317.75,64.0,6.8,1.89,9.2,23.5,2.29,13.0,45.0,24.7,74.0,163.0,8.24,36.8,0.96,3.97,249.5,79.0,37.05,4.82,,2.39,1.94,5.0,6.0,2.61,360.0,8.0,400.0,5.0,,4.12,27.55,19.0,2.0,12.25,14.25,16.0,84.0,16.65,173.0,29.0,20.0,16.0,2.8,1.62,25.0,14.25,0.31,7.4,30.0,117.75,5.64,175.1,185.62,,139.94,0.88,0.43,49.9,,8.14,,0.45,6.62,0.53,18.6,,,,,,,,,,,,,
2020-05-21,10.3,5.55,44.25,317.5,58.0,6.72,1.89,9.16,23.5,2.3,12.7,45.0,24.0,71.5,161.25,8.24,35.95,0.96,3.96,249.5,79.0,36.0,4.72,,2.4,1.91,5.0,6.0,2.87,355.0,8.3,400.0,5.0,,4.12,27.5,19.0,2.0,12.25,14.25,16.0,85.75,17.05,173.75,28.8,20.0,16.5,2.83,1.69,23.05,12.9,0.31,7.04,30.0,120.0,5.64,172.43,183.0,,138.66,0.82,0.43,49.9,,8.5,,0.45,6.02,0.55,18.0,,,,,,,,,,,,,
2020-05-22,10.35,5.55,45.0,320.0,58.25,6.62,1.87,9.16,23.5,2.34,12.55,45.0,24.6,74.0,162.75,8.24,36.15,0.96,4.05,250.0,79.0,36.3,4.78,,2.35,1.88,5.0,6.0,3.15,320.5,8.3,385.0,4.99,,4.12,27.15,18.85,2.0,12.25,14.25,16.5,85.75,17.35,173.25,29.35,20.0,16.05,2.94,1.69,23.0,12.9,0.31,7.44,30.0,119.0,5.64,173.66,185.19,,140.39,0.88,0.44,49.4,,8.02,,0.45,6.6,0.6,18.0,,,,,,,,,,,,,
2020-05-26,10.5,5.55,45.0,320.5,58.25,6.62,1.9,9.16,23.5,2.36,12.3,45.0,23.95,72.0,164.75,8.24,34.2,0.99,4.0,250.25,79.0,35.75,4.84,,2.33,1.87,5.0,6.0,3.46,320.5,8.32,385.0,4.9,,4.12,27.05,18.75,2.17,12.25,14.25,16.65,85.5,17.35,170.75,29.0,20.0,16.05,2.97,1.63,23.9,12.5,0.3,7.46,27.0,120.0,5.64,171.64,182.5,,138.94,0.96,0.46,49.4,,8.08,,0.45,6.92,0.59,18.0,,,,,,,,,,,,,
2020-05-27,10.35,5.55,43.55,320.0,58.25,6.64,1.81,9.1,23.5,2.43,12.25,45.0,23.3,71.75,163.0,8.24,35.85,0.99,3.88,250.0,79.0,35.65,4.89,,2.39,1.82,5.0,6.0,2.7,320.5,8.36,385.0,4.89,,4.12,26.5,18.9,2.17,12.25,14.25,16.65,84.5,17.15,170.0,28.65,19.0,16.0,2.97,1.58,23.75,12.9,0.3,7.48,27.4,120.0,5.64,171.25,182.04,,137.81,1.05,0.47,49.0,,8.04,,0.45,6.6,0.59,18.0,,,,,,,,,,,,,
2020-05-28,10.75,5.55,44.0,320.0,58.25,6.62,1.8,9.02,23.5,2.45,12.35,49.5,23.4,71.5,164.0,8.24,35.8,1.0,3.97,250.0,79.0,36.2,4.88,,2.39,1.77,5.0,6.0,2.44,320.5,8.2,385.0,4.81,,4.12,27.0,18.7,2.38,12.25,14.25,16.7,84.5,17.15,168.5,28.05,19.0,16.0,2.94,1.55,24.0,12.9,0.3,7.28,27.4,120.0,5.64,171.72,181.12,,136.51,1.1,0.5,49.45,,7.7,,0.45,6.34,0.59,18.0,,,,,,,,,,,,,
2020-05-29,10.8,5.55,44.0,319.5,58.25,6.6,1.74,9.0,21.15,2.45,12.35,49.5,23.05,71.25,162.0,8.24,35.25,1.0,3.99,250.0,79.0,35.45,4.83,,2.37,1.75,5.0,6.0,2.21,320.5,8.2,385.0,4.83,,4.12,27.0,18.6,2.3,12.25,14.25,16.75,85.0,17.25,166.0,28.55,19.0,16.0,2.92,1.53,24.0,12.9,0.3,7.2,27.4,120.0,5.64,171.16,181.35,,137.13,1.17,0.5,47.35,,7.9,,0.45,6.3,0.59,18.0,,,,,,,,,,,,,
2020-06-02,10.8,5.55,44.0,320.0,58.25,6.6,1.79,9.0,21.15,2.4,12.35,49.5,24.0,71.25,163.75,8.24,35.05,1.1,3.92,252.5,79.0,35.35,4.85,,2.35,1.74,5.0,6.0,1.99,321.0,8.3,385.0,4.9,,4.12,26.9,18.85,2.3,12.25,14.25,15.65,84.0,16.5,166.75,28.75,19.0,16.0,2.7,1.52,24.1,13.2,0.33,7.9,27.4,124.0,5.8,171.72,181.91,,137.6,1.26,0.47,46.0,,7.3,,0.45,6.08,0.6,18.0,,,,,,,,,,,,,
2020-06-03,10.8,5.55,44.0,320.0,58.25,6.74,1.8,9.0,20.0,2.38,12.4,49.5,22.65,70.0,165.25,8.24,34.75,1.2,3.74,252.5,79.0,34.95,4.8,,2.3,1.88,5.0,6.0,1.99,321.0,8.36,385.0,4.57,,4.12,26.65,18.5,2.38,12.25,14.25,15.5,84.0,17.1,163.5,29.1,20.25,16.0,2.7,1.52,25.2,13.05,0.3,7.5,27.4,120.5,5.8,171.58,182.42,,138.26,1.28,0.47,46.0,,7.8,,0.45,6.0,0.6,18.0,,,,,,,,,,,,,
2020-06-04,10.1,5.55,42.0,319.0,58.0,6.7,1.89,9.0,20.65,2.48,12.7,49.05,23.7,69.5,166.0,8.24,34.25,1.12,3.86,251.5,72.0,34.9,4.78,,2.21,1.94,5.0,6.0,2.12,321.0,8.14,385.0,4.83,,4.12,27.05,17.5,2.3,12.25,14.25,15.5,84.0,16.85,173.75,29.6,20.8,16.0,2.75,1.66,24.05,13.05,0.31,7.5,27.4,120.0,5.8,172.0,183.47,,139.59,1.33,0.45,46.0,,7.4,,0.45,6.22,0.59,18.0,,,,,,,,,,,,,
2020-06-05,10.05,5.55,41.95,320.0,58.0,6.5,1.85,8.74,20.65,2.4,12.65,49.05,23.35,69.75,167.0,8.24,33.15,1.16,3.91,252.0,72.0,34.9,4.87,,2.29,2.05,5.0,6.0,2.33,330.0,8.2,385.0,4.76,,4.12,27.8,16.45,2.3,12.25,14.25,16.9,78.5,16.95,173.0,29.5,20.8,16.0,2.91,1.63,24.4,13.05,0.32,7.58,27.4,120.0,5.58,171.66,182.73,,139.18,1.46,0.47,46.0,,7.36,,0.45,6.04,0.59,19.0,,,,,,,,,,,,,
2020-06-08,9.98,5.55,41.05,320.0,58.0,6.84,1.83,8.86,20.65,2.4,12.55,49.05,24.0,69.5,166.75,9.0,34.6,1.15,3.91,250.0,79.0,35.2,4.9,,2.3,2.19,5.0,6.0,2.55,330.0,8.2,385.0,4.84,,4.12,27.95,16.6,2.3,12.25,14.25,16.5,78.5,17.0,170.0,29.9,20.8,15.0,2.9,1.6,24.6,14.3,0.31,7.92,30.0,120.0,5.58,173.44,185.11,,140.74,1.53,0.45,47.0,,7.56,,0.45,6.02,0.58,18.0,,,,,,,,,,,,,
2020-06-09,9.94,5.55,38.25,319.75,58.0,7.4,1.75,9.0,22.7,2.36,12.4,49.05,25.85,70.0,166.0,9.0,34.75,1.15,3.81,250.0,79.0,35.15,4.85,,2.21,2.4,5.0,6.0,2.8,330.0,7.66,385.0,4.61,,4.12,27.35,15.35,2.3,12.25,14.25,16.95,77.75,17.0,169.75,29.65,20.8,15.0,2.94,1.6,24.75,14.15,0.31,7.96,30.0,120.0,5.58,172.87,184.35,,140.08,1.68,0.45,46.8,,7.88,,0.45,6.0,0.6,18.0,,,,,,,,,,,,,
2020-06-10,9.92,5.55,38.25,320.0,57.75,8.1,1.75,9.0,22.7,2.3,12.3,49.05,25.9,69.25,166.0,9.0,34.8,1.05,3.88,250.5,79.0,35.0,4.9,,2.21,2.3,5.0,6.0,2.85,330.0,7.66,385.0,4.62,,4.12,26.8,15.8,2.17,12.25,14.25,16.5,83.0,17.0,169.75,29.95,20.8,15.0,2.97,1.7,24.45,14.0,0.31,7.96,29.9,120.0,5.58,172.85,184.91,,141.04,1.84,0.46,46.8,,7.66,,0.45,6.0,0.6,18.75,,,,,,,,,,,,,
2020-06-11,9.9,5.55,38.25,320.0,57.75,8.84,1.72,9.0,22.7,2.36,12.25,49.05,25.95,68.25,169.0,9.0,34.85,1.0,3.9,255.0,79.0,35.0,4.89,,2.22,2.2,5.0,6.0,2.86,330.0,7.98,385.0,4.65,,4.12,27.05,15.8,2.05,12.25,14.25,16.95,83.5,17.0,166.75,30.45,22.0,14.95,3.24,1.63,24.95,15.0,0.3,8.08,28.8,120.0,5.58,174.07,186.7,,142.78,1.99,0.44,49.0,,7.88,,0.45,6.0,0.59,19.05,,,,,,,,,,,,,
2020-06-12,9.92,5.55,38.2,320.0,57.75,9.72,1.88,9.0,20.65,2.3,12.25,48.0,25.5,70.0,168.5,9.0,34.85,1.01,3.91,255.0,79.0,35.0,4.9,,2.2,2.29,5.0,6.0,2.86,330.0,8.0,385.0,4.6,,4.12,27.05,16.15,2.08,12.25,14.25,16.5,77.0,17.0,170.0,30.45,22.8,14.95,3.2,1.62,25.0,15.05,0.3,8.14,28.8,121.0,5.5,173.96,186.72,,142.88,1.83,0.46,50.0,,7.82,,0.45,6.0,0.6,19.1,,,,,,,,,,,,,
2020-06-15,9.9,5.55,38.2,320.0,57.75,10.65,1.9,9.0,20.65,2.3,12.25,48.0,26.9,68.25,168.5,9.0,34.85,1.09,4.01,255.0,79.0,35.5,4.91,,2.3,2.37,5.0,6.0,2.64,330.0,8.0,385.0,4.73,,4.12,27.0,15.9,2.08,12.25,14.25,16.5,83.5,16.9,169.0,30.45,20.8,14.95,3.05,1.69,25.0,14.75,0.3,8.26,28.8,121.0,5.5,174.81,187.23,,143.25,1.68,0.44,50.0,,7.88,,0.45,6.0,0.59,19.1,,,,,,,,,,,,,
2020-06-16,9.86,5.55,38.0,320.0,57.75,9.62,1.89,9.0,20.65,2.31,12.3,48.7,27.35,74.0,170.0,9.9,34.95,1.08,3.99,250.5,79.0,35.95,4.94,,2.31,2.18,5.0,6.0,2.79,321.75,8.0,385.0,4.97,,4.12,27.5,15.8,2.28,12.25,14.25,15.9,81.25,17.0,168.5,30.95,21.6,14.4,3.25,1.62,24.95,15.5,0.3,8.4,29.45,132.0,5.1,176.37,189.67,,144.74,1.54,0.45,50.0,,7.86,,0.45,6.0,0.6,19.1,,,,,,,,,,,,,
2020-06-17,9.88,5.55,37.3,320.0,57.75,8.7,1.88,9.0,22.7,2.35,12.75,48.7,27.05,69.0,171.75,9.9,35.25,1.02,3.93,250.0,79.0,36.0,4.9,,2.3,2.01,5.0,6.0,2.85,321.75,8.0,385.0,4.82,,4.12,28.0,15.7,2.45,12.25,14.25,16.15,81.25,17.05,168.0,30.95,21.6,14.0,3.4,1.63,25.15,16.15,0.31,8.32,29.45,121.0,5.1,177.47,190.09,,144.9,1.49,0.49,51.25,,7.8,,0.45,6.0,0.6,19.1,,,,,,,,,,,,,
2020-06-18,9.86,5.55,33.8,320.0,57.75,7.96,1.87,9.16,22.7,2.25,12.55,48.95,25.55,68.0,174.75,9.9,35.8,1.01,4.0,250.0,79.0,36.05,4.9,,2.26,1.97,5.0,6.0,2.84,332.0,8.0,385.0,5.06,,4.12,27.5,15.25,2.45,12.25,14.25,16.0,82.75,17.0,168.0,30.95,22.0,13.55,3.4,1.68,25.0,16.0,0.31,8.52,29.45,121.0,5.1,177.34,190.37,,144.92,1.53,0.46,52.5,,7.86,,0.45,5.64,0.6,19.6,,,,,,,,,,,,,
2020-06-19,9.86,5.55,34.2,315.75,57.75,8.46,1.89,9.0,22.7,2.25,12.5,48.95,26.3,68.0,175.0,9.9,35.85,1.1,4.0,250.0,79.0,36.15,4.9,,2.2,1.84,5.0,6.0,2.76,332.0,7.9,385.0,4.77,,4.12,27.5,15.5,2.44,12.25,14.0,16.25,82.0,16.95,167.5,30.9,22.0,13.55,3.2,1.6,25.0,15.5,0.31,8.54,28.75,121.0,5.6,177.4,190.35,,144.58,1.53,0.45,48.25,,7.86,,0.45,5.52,0.6,19.6,,,,,,,,,,,,,
2020-06-22,9.94,5.55,31.0,315.0,57.75,8.14,1.96,9.0,22.7,2.3,12.5,48.95,26.0,70.0,175.0,9.9,35.65,1.08,4.06,250.0,79.0,36.1,5.02,,2.25,1.89,5.0,6.0,2.74,340.0,7.52,385.0,4.5,,4.12,27.0,15.35,2.45,12.25,14.0,16.5,79.75,16.85,166.25,30.2,22.0,13.55,3.28,1.53,24.95,16.0,0.3,8.56,28.75,121.0,6.0,176.39,188.38,,142.54,1.56,0.46,48.25,,7.84,,0.45,5.7,0.6,19.6,,,,,,,,,,,,,
2020-06-23,10.0,5.55,28.95,315.0,57.75,8.04,1.96,9.0,22.7,2.3,12.45,48.0,25.7,70.75,175.0,10.0,34.95,1.05,4.09,250.0,79.0,36.5,5.1,,2.22,2.04,5.0,6.0,2.6,340.0,7.22,385.0,4.62,,4.12,27.85,15.65,2.46,12.25,14.0,17.65,80.0,16.8,166.25,29.45,20.8,13.65,3.28,1.51,25.05,16.0,0.31,7.78,28.75,121.0,6.0,175.63,186.5,,140.47,1.45,0.45,49.0,,7.54,,0.45,5.62,0.6,19.6,,,,,,,,,,,,,
2020-06-24,10.0,5.55,30.75,310.25,57.75,8.0,1.97,8.76,22.7,2.29,12.45,48.0,25.8,70.5,174.75,9.9,34.9,1.04,4.35,249.5,79.0,36.7,5.32,,2.1,2.0,5.0,6.0,2.49,340.0,7.22,385.0,4.78,,4.12,27.9,15.55,2.46,12.25,14.0,17.3,80.0,16.3,167.0,28.65,21.0,13.65,3.52,1.53,26.6,16.0,0.31,7.58,29.45,130.0,5.8,175.02,184.5,,138.46,1.42,0.44,49.25,,7.74,,0.45,5.5,0.62,19.6,,,,,,,,,,,,,
2020-06-25,10.1,5.55,29.3,310.0,57.75,7.9,1.99,8.76,22.7,2.3,12.65,48.95,25.8,72.25,173.0,9.9,34.95,1.06,4.49,249.0,79.0,36.8,5.38,,2.1,1.99,5.0,6.0,2.48,340.0,7.22,385.0,4.52,,4.12,27.25,15.35,2.28,12.25,12.6,17.3,84.0,16.45,165.75,28.3,21.0,13.65,3.3,1.5,25.1,16.0,0.3,7.0,29.0,130.0,6.0,174.63,183.66,,137.56,1.43,0.44,50.0,,7.78,,0.45,5.9,0.62,19.45,,,,,,,,,,,,,
2020-06-26,10.1,5.55,27.25,320.0,57.5,7.8,2.18,9.08,22.7,2.3,12.5,48.95,25.75,70.0,170.0,9.92,35.05,1.02,4.53,250.0,83.0,36.4,5.32,,2.22,2.0,5.0,6.0,2.72,325.0,7.22,385.0,4.85,,4.12,27.05,15.45,2.3,12.25,12.6,17.75,82.0,16.1,167.0,28.5,21.65,13.65,3.3,1.5,27.15,16.0,0.3,7.0,29.0,131.5,6.0,173.9,183.57,,137.75,1.42,0.41,50.0,,7.76,,0.45,5.9,0.62,18.0,,,,,,,,,,,,,
2020-06-29,10.1,5.55,28.0,320.0,57.5,7.8,2.2,8.84,22.7,2.29,12.35,48.95,25.9,70.0,170.25,9.92,35.1,1.04,4.5,247.0,83.0,36.4,5.32,,2.22,1.98,5.0,6.0,2.99,325.0,7.5,385.0,4.94,,4.12,26.9,15.4,2.3,12.25,12.6,17.55,83.25,16.5,166.5,28.9,21.65,13.5,3.41,1.52,24.6,14.4,0.3,7.0,29.1,130.0,6.0,174.26,184.53,,138.79,1.5,0.43,48.95,,7.8,,0.45,5.9,0.6,18.0,,,,,,,,,,,,,
2020-06-30,10.0,5.55,28.0,317.75,57.5,7.62,2.08,8.56,22.7,2.29,12.15,48.95,25.55,70.75,162.5,9.9,34.7,1.09,4.41,242.0,83.0,36.35,5.32,,2.14,1.92,5.0,6.0,3.28,325.0,8.02,385.0,4.9,,4.12,26.55,15.4,2.3,12.25,12.6,17.8,84.25,16.5,169.75,28.65,22.0,13.5,3.5,1.54,24.4,14.4,0.31,7.14,29.8,130.0,6.0,171.78,182.66,,137.68,1.57,0.41,50.0,,7.74,,0.45,5.9,0.6,18.0,,,,,,,,,,,,,
2020-07-01,10.0,5.55,27.15,317.0,57.5,7.64,2.03,9.2,22.75,2.3,12.15,48.95,25.0,71.5,162.25,9.9,34.35,1.06,4.51,242.0,83.0,35.95,5.3,,2.2,1.94,5.0,6.0,3.6,325.0,8.78,385.0,4.91,,4.12,26.55,14.85,2.3,12.25,12.6,17.8,84.25,16.5,169.0,28.7,22.0,13.65,3.16,1.49,23.55,14.15,0.31,7.18,29.8,130.0,6.0,170.97,182.25,1947.64,137.73,1.48,0.44,50.0,1500.0,8.0,3215.67,0.45,5.92,0.6,18.0,1805.0,1666.04,1347.55,,,,,,,,,,
2020-07-02,10.0,5.55,27.9,310.5,57.5,7.68,2.04,9.16,22.75,2.25,12.0,48.0,25.05,70.0,162.5,9.0,33.0,1.0,4.43,239.0,83.0,35.0,5.28,,2.17,1.91,5.0,6.0,3.83,325.0,8.04,385.0,4.94,,4.12,26.5,14.95,2.3,12.25,12.6,17.8,80.25,17.25,169.25,29.0,22.0,13.65,3.41,1.48,24.65,13.0,0.32,7.0,29.85,130.0,6.0,168.84,181.3,1945.64,137.77,1.41,0.43,49.35,1500.0,7.8,3196.17,0.45,6.02,0.62,18.0,1805.0,1642.52,1325.41,,,,,,,,,,
2020-07-03,10.05,5.55,28.0,310.0,57.5,7.6,2.09,9.12,25.0,2.26,12.2,48.25,25.1,70.0,162.5,9.0,32.85,1.05,4.54,250.0,83.0,35.05,5.3,,2.22,1.92,5.0,6.0,3.83,325.0,8.04,385.0,4.89,,4.12,26.5,14.9,2.3,12.25,13.85,17.65,80.25,16.6,169.25,29.65,22.2,13.65,3.41,1.48,23.5,13.0,0.32,7.12,29.85,130.25,5.98,169.8,183.11,1945.97,139.57,1.39,0.46,49.35,1500.0,7.64,3219.26,0.45,6.08,0.62,17.7,1805.0,1651.18,1334.27,,,,,,,,,,
2020-07-06,9.98,5.55,28.0,316.0,54.0,7.46,2.08,9.12,25.0,2.25,12.3,48.25,24.15,72.75,157.25,9.0,32.9,1.05,4.59,249.75,83.0,34.65,5.38,,2.2,1.98,5.0,6.0,3.83,325.0,8.7,385.0,4.78,,4.12,26.45,14.55,2.3,12.25,13.85,17.65,80.5,17.5,169.25,29.1,21.65,13.65,3.47,1.6,25.05,11.75,0.32,7.0,29.85,130.0,5.96,167.94,181.19,1949.12,137.99,1.5,0.47,51.0,1500.0,7.86,3193.3,0.45,6.4,0.62,17.7,1805.0,1634.25,1319.97,,,,,,,,,,
2020-07-07,9.94,5.55,27.05,310.0,54.0,7.36,2.0,9.12,23.1,2.23,12.4,48.25,24.9,70.0,156.5,9.0,32.85,1.05,4.74,250.0,83.0,34.6,5.3,,2.2,1.94,5.0,6.0,3.83,325.0,7.86,385.0,4.51,,4.12,26.45,14.35,2.45,12.25,13.85,17.1,79.5,22.1,167.0,28.1,21.65,13.65,3.8,1.61,24.5,12.5,0.32,7.1,29.85,130.25,5.66,166.69,178.26,1954.93,135.14,1.53,0.47,49.7,1500.0,7.88,3154.18,0.45,6.32,0.62,17.3,1805.0,1618.24,1305.2,,,,,,,,,,
2020-07-08,9.72,5.55,27.05,310.5,54.0,7.16,1.89,9.0,23.0,2.18,12.05,48.25,23.15,70.0,159.25,9.0,32.75,1.03,4.59,244.25,83.0,34.2,5.34,,2.15,1.94,5.0,6.0,3.83,325.0,7.86,385.0,4.51,,4.12,26.5,13.6,2.41,12.25,13.85,16.0,79.5,20.05,166.75,28.0,21.5,13.65,3.67,1.61,25.0,12.5,0.33,7.06,29.85,130.25,5.1,165.62,177.3,1921.99,134.4,1.55,0.46,49.1,1500.0,7.7,3134.37,0.45,6.14,0.62,16.7,1835.0,1611.01,1296.33,,,,,,,,,,
2020-07-09,9.42,5.55,27.15,310.0,55.0,7.1,1.95,9.0,23.0,2.18,11.95,48.25,23.05,70.0,158.25,9.9,31.5,1.01,4.5,229.0,83.0,34.0,5.34,,2.12,1.94,5.0,6.0,3.83,325.0,8.0,385.0,4.51,,4.12,26.5,13.7,2.46,12.25,13.85,16.1,79.0,20.1,165.75,27.5,21.95,13.1,3.73,1.76,24.5,12.6,0.34,7.0,29.85,128.25,4.6,163.05,174.85,1907.82,132.51,1.51,0.44,51.0,1500.0,7.56,3094.19,0.45,6.12,0.62,16.7,1835.0,1585.96,1276.78,,,,,,,,,,
2020-07-10,9.5,5.55,27.25,310.0,55.0,7.0,1.97,9.0,22.7,2.25,11.85,48.25,24.35,70.0,158.0,9.9,31.85,0.99,4.5,229.0,83.0,34.05,5.32,,2.0,1.94,5.0,6.0,3.83,325.0,7.86,385.0,4.9,,4.12,26.4,13.55,2.46,12.25,13.85,16.1,79.0,20.05,161.5,27.5,21.95,13.5,3.73,1.93,23.1,12.6,0.35,7.0,29.85,128.25,4.24,163.51,174.81,1901.28,132.38,1.41,0.45,49.0,1500.0,7.42,3092.01,0.45,6.02,0.57,16.7,1835.0,1590.54,1278.67,,,,,,,,,,
2020-07-13,9.2,5.55,26.7,309.5,55.0,7.0,1.99,9.0,22.7,2.21,11.75,48.25,24.15,68.75,157.75,9.9,33.05,0.99,4.42,229.0,83.0,34.05,5.34,,2.18,1.95,5.0,6.0,3.83,328.0,7.86,385.0,4.8,,4.12,26.45,13.1,2.46,12.25,13.85,16.1,79.0,20.05,164.0,27.5,24.1,12.9,3.78,2.04,23.05,12.6,0.37,7.0,28.05,128.25,4.3,164.38,175.47,1900.81,132.63,1.48,0.44,50.25,1500.0,7.2,3102.5,0.45,6.0,0.58,16.7,1835.0,1598.27,1284.88,,,,,,,,,,
2020-07-14,9.22,5.55,26.0,310.0,55.0,7.06,2.1,9.0,22.7,2.22,11.9,47.95,23.1,68.75,156.5,9.9,34.0,1.02,4.4,240.0,83.0,34.75,5.34,,2.31,1.94,5.0,6.0,3.83,328.0,7.86,385.0,4.91,,4.12,26.05,13.35,2.46,12.25,13.85,16.25,79.0,20.0,161.25,26.95,24.9,12.9,3.89,2.24,24.0,13.85,0.38,7.0,28.05,130.0,4.17,165.12,174.78,1893.65,131.54,1.52,0.46,50.25,1500.0,6.6,3097.15,0.45,5.96,0.6,16.7,1835.0,1604.81,1287.14,,,,,,,,,,
2020-07-15,9.18,5.55,26.5,310.0,55.0,7.48,2.29,9.0,22.7,2.38,11.9,47.95,23.9,69.0,156.5,9.9,34.4,1.04,4.01,237.75,83.0,35.4,5.36,,2.42,1.92,5.0,6.0,3.83,328.0,7.86,385.0,4.75,,4.12,25.95,13.0,2.46,12.25,13.85,16.2,78.0,19.95,161.75,26.95,24.9,14.0,4.26,2.45,24.5,12.55,0.37,7.18,28.05,128.25,4.15,166.29,175.6,1913.57,131.9,1.44,0.48,50.0,1500.0,7.0,3109.51,0.45,5.94,0.6,16.7,1835.0,1614.85,1295.79,,,,,,,,,,
2020-07-16,9.12,5.55,26.15,310.0,55.0,7.5,2.28,9.0,22.8,2.43,12.0,47.95,23.45,69.0,156.75,9.9,34.2,1.0,4.0,237.75,83.0,35.1,5.6,,2.31,1.92,5.0,6.0,3.83,328.0,7.86,385.0,4.88,,4.12,25.85,12.95,2.44,12.25,13.85,16.3,79.0,20.0,160.0,27.0,24.9,14.0,4.21,2.52,24.5,12.55,0.35,7.0,28.05,128.25,4.13,166.0,175.43,1906.43,131.98,1.35,0.48,50.0,1500.0,6.88,3107.19,0.45,5.82,0.6,16.7,1835.0,1611.42,1290.63,,,,,,,,,,
2020-07-17,9.18,5.55,26.2,310.0,54.0,7.5,2.29,9.0,22.5,2.35,11.85,46.9,23.05,69.0,160.0,9.9,34.0,1.03,4.0,250.0,88.5,35.25,5.94,,2.4,1.92,5.0,6.0,3.83,328.0,7.9,385.0,4.75,,4.12,25.2,12.65,2.5,12.25,13.85,16.3,78.5,19.7,160.0,27.0,24.9,14.0,4.26,2.35,24.0,13.4,0.36,7.56,28.05,137.0,4.13,166.43,175.72,1909.36,132.25,1.43,0.48,49.85,1500.0,6.88,3107.31,0.45,5.8,0.6,16.7,1835.0,1613.71,1293.67,,,,,,,,,,
2020-07-20,9.18,5.55,26.9,310.0,54.0,7.42,2.36,9.0,22.5,2.35,11.8,46.9,23.2,69.0,160.25,10.0,33.85,1.07,3.99,240.0,90.0,35.05,5.9,,2.41,1.91,5.0,6.0,3.83,360.0,7.9,385.0,4.75,,4.12,26.1,12.1,2.5,12.25,13.85,17.4,78.5,19.6,159.75,27.0,24.9,13.9,4.1,2.34,24.0,13.1,0.35,7.58,28.05,143.25,4.01,166.34,175.56,1909.63,132.22,1.45,0.48,49.25,1500.0,7.0,3105.8,0.45,5.56,0.6,16.7,1835.0,1612.12,1289.4,,,,,,,,,,
2020-07-21,9.02,5.55,26.5,310.0,54.0,7.4,2.3,8.94,22.5,2.26,11.65,46.9,23.6,69.75,161.0,10.0,33.0,0.99,3.95,240.0,90.0,34.8,5.9,,2.45,1.92,5.0,6.0,3.83,360.0,8.0,385.0,4.52,,4.12,25.7,12.35,2.5,12.25,13.85,17.4,78.5,19.8,159.5,26.7,22.45,13.0,3.85,2.32,24.0,13.5,0.36,7.6,28.05,147.5,3.86,164.68,173.91,1906.25,130.79,1.5,0.46,48.5,1500.0,6.92,3076.64,0.45,5.76,0.6,16.7,1860.0,1597.17,1275.07,,,,,,,,,,
2020-07-22,9.02,5.55,26.1,310.0,54.0,7.16,2.29,8.9,22.5,2.39,11.75,46.9,24.0,68.0,161.0,10.0,31.75,1.01,3.96,240.0,90.0,34.25,5.9,,2.4,1.89,5.0,6.0,3.83,360.0,7.9,385.0,4.9,,4.12,25.55,11.85,2.25,12.25,13.85,17.85,79.0,19.6,158.5,26.85,24.0,14.0,3.85,2.3,24.1,13.45,0.35,7.62,28.0,145.5,3.8,163.15,173.21,1886.45,131.03,1.45,0.45,49.95,1500.0,6.84,3064.48,0.45,5.8,0.58,16.7,1860.0,1581.81,1257.56,,,,,,,,,,
2020-07-23,9.0,5.55,25.35,311.0,54.0,7.0,2.21,8.86,22.5,2.41,11.45,46.75,23.9,67.75,160.25,10.0,31.85,1.04,3.96,240.0,90.0,34.3,5.96,,2.4,1.92,5.0,6.0,3.83,360.0,7.9,385.0,4.59,,4.12,25.15,11.7,2.24,12.25,13.85,17.4,79.0,19.65,155.5,27.5,23.0,14.0,3.7,2.23,23.65,13.55,0.36,7.8,28.0,145.0,3.78,163.54,174.52,1880.84,132.44,1.49,0.45,48.0,1500.0,6.98,3072.52,0.45,5.62,0.6,18.0,1860.0,1586.55,1264.84,,,,,,,,,,
2020-07-24,9.06,5.55,26.0,317.25,54.0,7.06,2.1,8.28,22.5,2.44,11.15,47.0,23.85,69.25,167.75,10.2,32.5,1.07,3.76,240.0,90.0,34.35,5.96,,2.4,1.89,5.0,6.0,3.83,395.75,8.02,385.0,4.89,,4.12,25.5,11.05,2.24,12.25,13.85,17.15,79.0,19.55,155.0,28.1,23.0,14.0,3.87,2.03,23.15,13.7,0.36,7.74,30.0,145.0,3.8,165.89,177.47,1886.84,134.59,1.47,0.47,49.0,1500.0,6.9,3121.55,0.45,5.54,0.55,16.7,1860.0,1613.83,1288.37,,,,,,,,,,
2020-07-27,9.02,5.55,26.0,316.75,54.0,6.8,2.2,8.48,22.5,2.48,10.8,47.0,23.5,67.5,163.0,10.2,32.5,1.07,3.77,240.0,89.0,34.85,6.0,,2.4,1.88,5.0,6.0,3.83,395.75,7.94,385.0,4.89,,4.12,25.6,10.7,2.24,12.25,13.85,17.4,80.0,19.35,154.0,29.35,23.0,14.0,3.49,1.92,23.9,13.7,0.37,7.84,30.0,144.75,3.8,166.71,180.12,1874.33,137.37,1.41,0.44,46.3,1500.0,6.88,3142.23,0.45,5.52,0.6,16.7,1980.0,1621.67,1295.23,,,,,,,,,,
2020-07-28,9.36,5.55,27.9,316.75,54.0,6.52,2.21,8.5,22.5,2.53,10.8,47.0,23.55,67.75,163.0,10.5,32.6,1.07,3.75,240.0,89.0,34.9,5.96,,2.38,1.93,5.0,6.0,3.83,395.75,7.9,385.0,4.9,,4.12,25.45,10.65,2.24,12.25,13.85,16.8,83.0,19.65,155.5,28.3,22.0,13.0,3.48,1.83,22.9,13.5,0.36,7.98,30.0,144.0,3.9,165.9,177.41,1879.34,134.8,1.41,0.48,44.5,1500.0,6.8,3111.87,0.45,5.7,0.6,17.25,1980.0,1614.4,1289.42,,,,,,,,,,
2020-07-29,9.34,5.55,26.35,323.5,54.0,6.68,2.21,8.4,22.5,2.52,10.7,47.0,23.4,65.75,160.75,10.5,32.65,1.08,3.85,235.0,89.75,34.95,5.94,,2.3,1.96,5.0,6.0,3.83,395.75,8.06,385.0,4.5,,4.12,25.0,10.3,2.24,12.25,13.85,17.1,81.0,11.05,155.0,28.3,22.0,13.2,3.48,1.69,23.55,13.65,0.35,7.38,30.0,144.0,3.9,165.3,177.37,1811.29,134.48,1.43,0.48,48.95,1500.0,6.7,3101.28,0.45,5.82,0.6,18.0,1980.0,1608.31,1285.75,,,,,,,,,,
2020-07-30,9.02,5.55,25.5,328.0,54.0,6.78,2.36,7.9,22.5,2.45,10.5,47.0,23.1,65.75,154.75,10.5,32.55,1.07,3.88,240.0,89.75,34.4,5.94,,2.37,1.97,5.0,6.0,3.83,395.75,8.12,385.0,4.84,,4.12,24.15,10.55,2.24,12.25,13.85,17.1,83.25,11.3,153.75,28.15,23.0,13.5,3.48,1.83,23.6,13.65,0.35,7.2,30.0,144.25,3.9,162.79,175.26,1804.1,133.23,1.49,0.48,46.2,1500.0,6.8,3059.56,0.45,6.0,0.6,16.85,1980.0,1586.85,1268.01,,,,,,,,,,
2020-08-03,8.98,5.55,26.25,316.75,54.0,6.88,2.23,8.5,22.5,2.49,10.55,47.0,22.2,65.0,156.0,10.5,32.4,1.05,4.04,235.0,89.75,34.3,6.04,,2.36,2.0,5.0,6.0,3.83,395.75,8.12,385.0,4.86,,4.12,23.95,10.7,2.24,12.25,13.85,16.8,79.25,11.05,154.75,26.85,23.0,13.0,3.48,1.94,22.95,13.65,0.35,7.2,30.0,143.0,3.9,161.18,171.42,1797.67,129.61,1.49,0.48,45.0,1500.0,6.8,3002.59,0.45,5.92,0.65,16.85,1980.0,1581.97,1262.94,,,,,,,,,,
2020-08-04,9.02,5.55,28.0,328.0,54.0,7.1,2.24,8.24,22.5,2.28,10.5,47.0,22.15,69.0,152.0,10.5,31.95,1.0,3.88,235.0,82.5,34.05,5.96,,2.28,1.92,5.0,6.0,3.83,395.75,8.12,385.0,4.68,,4.12,23.7,10.1,2.24,12.25,13.85,16.8,79.0,11.15,155.0,26.4,24.0,13.95,3.48,2.12,22.7,13.65,0.35,7.18,30.0,143.0,3.9,158.98,169.47,1794.6,128.16,1.53,0.48,45.0,1500.0,6.72,2973.63,0.45,5.98,0.65,16.85,1985.0,1566.18,1249.98,,,,,,,,,,
2020-08-05,9.0,5.55,25.55,320.25,54.0,7.22,2.23,8.14,22.5,2.2,10.3,47.0,22.0,64.75,155.0,10.5,31.35,0.99,3.65,223.75,79.5,33.8,5.82,,2.2,1.91,5.0,6.0,3.83,395.75,8.12,385.0,4.74,,4.12,23.5,10.0,2.24,12.25,13.85,16.9,79.0,10.55,151.75,26.15,24.0,13.95,3.48,1.94,23.0,13.5,0.35,7.02,30.0,142.0,3.8,157.76,168.01,1762.28,127.01,1.5,0.48,46.75,1500.0,6.74,2955.77,0.45,5.94,0.6,16.85,2040.0,1554.0,1238.89,,,,,,,,,,
2020-08-06,8.64,5.55,25.25,317.75,54.0,7.48,2.03,8.14,22.5,2.21,10.45,46.5,22.2,69.0,155.0,10.5,29.95,1.01,3.82,220.0,79.5,33.4,5.88,,2.29,1.91,5.0,6.0,3.83,375.0,7.96,385.0,4.68,,4.12,23.65,9.24,2.35,12.25,13.85,16.9,73.75,10.15,147.25,27.4,24.0,13.95,3.48,1.94,22.85,13.5,0.34,7.0,30.0,142.0,3.8,157.41,170.22,1759.28,129.59,1.38,0.49,46.25,1500.0,6.78,2968.11,0.45,5.54,0.6,16.85,2100.0,1549.92,1235.06,,,,,,,,,,
2020-08-07,8.62,5.55,24.9,322.5,54.0,6.96,2.1,8.02,22.5,2.17,10.3,46.5,23.1,69.0,155.0,10.5,31.5,1.08,3.72,215.0,79.5,32.95,5.78,,2.38,1.92,5.0,6.0,3.83,375.0,7.9,385.0,4.64,,4.12,23.2,9.04,2.29,12.25,13.85,17.0,74.5,9.92,151.75,27.7,25.0,13.9,3.48,1.9,22.85,14.5,0.32,7.0,30.0,143.0,3.8,158.62,171.72,1758.08,130.58,1.44,0.47,46.25,1500.0,6.74,2990.66,0.45,5.54,0.6,16.65,2100.0,1564.95,1247.61,,,,,,,,,,
2020-08-10,9.0,5.55,26.65,325.5,56.0,6.84,1.93,8.06,22.5,2.12,10.35,46.5,23.0,69.0,153.0,10.5,31.2,1.08,3.93,215.0,79.5,32.95,5.84,,2.37,1.9,5.0,6.0,3.83,375.0,7.9,385.0,4.61,,4.12,23.3,9.06,2.4,12.25,13.85,16.95,74.0,9.06,160.0,27.5,25.0,13.9,3.25,1.92,22.8,14.4,0.3,6.6,30.0,142.25,3.8,158.24,171.23,1761.43,130.21,1.44,0.47,46.0,1500.0,6.74,2983.73,0.45,5.44,0.6,16.65,2100.0,1559.13,1241.82,,,,,,,,,,
2020-08-11,8.62,5.55,25.35,329.0,58.0,6.82,1.85,8.02,22.5,2.09,10.45,42.5,22.95,67.5,150.0,10.5,29.9,1.09,3.68,215.0,79.5,32.7,5.84,,2.37,1.9,5.0,6.0,3.83,397.0,7.22,385.0,4.74,,4.12,23.25,9.3,2.41,12.25,13.85,16.95,75.0,8.22,150.75,27.5,23.0,13.9,2.95,1.92,23.1,13.1,0.32,6.88,30.0,142.25,3.8,155.94,169.31,1733.14,129.24,1.44,0.46,45.0,1500.0,6.6,2946.26,0.45,5.98,0.6,16.65,2050.0,1537.12,1222.03,,,,,,,,,,
2020-08-12,9.06,5.55,27.55,329.0,57.75,6.82,1.71,8.0,22.5,2.08,10.65,42.5,23.1,67.5,152.0,10.5,29.35,1.0,3.84,215.0,80.25,32.55,5.78,,2.36,1.9,5.0,6.0,3.83,397.0,7.22,385.0,4.55,,4.12,23.45,10.1,2.45,12.25,13.85,17.0,75.0,8.0,150.5,27.95,21.9,14.0,3.24,1.91,23.1,14.4,0.32,7.56,32.5,144.0,3.85,156.73,170.68,1751.39,130.76,1.45,0.47,45.65,1500.0,6.58,2972.9,0.45,5.66,0.58,16.6,1970.0,1544.07,1225.86,,,,,,,,,,
2020-08-13,9.06,5.55,26.25,325.25,57.75,6.86,1.64,8.02,21.0,2.0,10.6,46.5,21.8,67.25,154.0,10.5,28.1,1.07,3.81,220.5,80.0,30.55,5.76,,2.32,1.89,5.0,6.0,3.83,391.0,7.3,385.0,4.72,,4.12,23.15,10.95,2.45,12.25,13.85,17.0,73.5,8.02,151.75,27.85,22.5,13.5,3.29,1.8,23.0,14.4,0.31,7.36,32.7,144.0,3.9,153.28,168.19,1738.58,129.7,1.39,0.44,45.65,1500.0,6.7,2935.01,0.45,5.44,0.6,16.5,1970.0,1511.03,1201.29,,,,,,,,,,
2020-08-14,9.06,5.55,26.05,328.0,57.75,7.16,1.63,8.16,21.05,2.0,10.85,46.5,22.6,67.25,154.0,10.35,28.75,0.99,4.0,220.5,80.0,30.55,5.64,,2.21,1.87,5.0,6.0,3.83,391.0,7.22,385.0,4.9,,4.12,22.8,11.7,2.45,12.25,13.85,17.0,73.5,7.7,151.0,27.7,22.5,13.5,3.5,1.8,22.9,14.25,0.29,7.4,32.7,144.0,3.8,153.88,168.17,1743.58,129.46,1.43,0.45,44.65,1500.0,6.78,2939.83,0.45,5.42,0.56,16.0,1970.0,1518.41,1206.6,,,,,,,,,,
2020-08-17,9.2,5.55,26.0,329.0,57.75,7.2,1.62,8.16,23.1,2.04,10.5,46.5,23.0,65.0,154.0,10.35,30.25,0.98,4.0,221.25,80.0,31.0,5.54,,2.15,1.88,5.0,6.0,3.83,385.25,7.22,385.0,4.54,,4.12,22.05,11.7,2.45,12.25,13.85,17.0,74.5,7.32,149.25,28.4,20.3,13.7,3.5,1.8,22.9,14.3,0.29,6.9,32.7,143.75,4.17,156.11,170.81,1738.43,131.4,1.39,0.41,44.15,1500.0,6.78,2977.93,0.45,5.74,0.6,16.0,2010.0,1542.79,1226.54,,,,,,,,,,
2020-08-18,9.34,5.55,25.05,325.25,57.75,7.0,1.7,8.16,23.1,1.98,10.5,46.5,22.1,65.0,154.0,10.0,30.8,1.01,4.0,221.25,81.5,31.3,5.4,,2.34,1.89,5.0,6.0,3.83,385.25,7.22,385.0,4.53,,4.12,22.0,11.5,2.45,12.25,13.85,18.65,74.5,7.02,151.0,28.0,22.3,13.7,3.5,1.81,23.0,14.4,0.29,7.5,32.7,144.0,4.1,156.39,170.2,1729.46,130.51,1.33,0.44,43.95,1500.0,6.58,2971.57,0.45,5.54,0.6,15.05,2010.0,1545.38,1226.9,,,,,,,,,,
2020-08-19,9.54,5.55,25.0,325.0,57.75,6.74,1.79,8.02,23.1,2.0,10.55,46.5,21.7,65.0,155.0,10.0,31.7,1.0,3.76,221.25,85.25,31.8,5.4,,2.33,1.9,5.0,6.0,3.83,385.25,7.8,385.0,4.38,,4.12,22.0,11.5,2.45,12.25,13.85,18.65,74.5,7.02,149.5,28.0,22.5,13.55,3.25,1.81,23.0,15.0,0.31,7.1,32.7,132.25,4.1,158.06,171.24,1732.34,130.85,1.25,0.46,44.0,1500.0,6.74,2991.56,0.45,5.54,0.66,15.05,2010.0,1561.9,1239.44,,,,,,,,,,
2020-08-20,9.64,5.55,23.1,325.0,57.75,7.1,1.86,8.0,23.1,1.99,10.5,46.5,21.5,66.0,154.25,10.0,32.7,0.98,3.93,221.25,85.0,33.5,5.56,,2.17,1.9,5.0,6.0,3.83,385.25,7.8,385.0,4.42,,4.12,22.0,11.6,2.45,12.25,13.85,19.0,74.5,6.96,149.75,28.05,22.5,13.55,3.57,1.8,23.0,14.55,0.32,6.9,32.7,132.25,4.17,160.78,173.17,1734.72,131.56,1.32,0.43,43.15,1500.0,6.76,3017.65,0.45,5.44,0.6,15.0,2010.0,1587.71,1265.17,,,,,,,,,,
2020-08-21,9.78,5.55,22.95,319.75,57.0,7.04,1.83,8.2,23.1,2.1,10.5,46.45,21.55,66.0,151.0,11.0,32.95,0.98,4.07,228.25,85.0,33.65,5.52,,2.15,1.9,5.0,6.0,3.83,391.0,7.8,385.0,4.51,,4.12,20.2,11.5,2.45,12.25,13.85,18.55,74.5,7.0,150.0,28.2,22.5,13.55,3.5,1.8,23.0,14.85,0.33,7.08,32.7,128.25,4.17,160.37,173.17,1723.96,131.75,1.36,0.41,43.0,1500.0,6.74,3013.33,0.45,5.42,0.66,15.0,2010.0,1584.91,1263.53,,,,,,,,,,
2020-08-24,9.9,5.55,22.1,319.75,57.5,7.08,1.85,8.18,23.1,2.01,10.65,46.45,21.5,67.5,150.0,11.0,33.65,0.96,4.08,219.75,85.0,34.45,5.58,,2.34,1.89,5.0,6.0,3.83,391.0,8.1,385.0,4.51,,4.12,21.9,11.7,2.53,12.25,13.85,19.0,74.0,6.96,151.5,28.2,22.5,13.55,3.5,1.8,22.95,14.85,0.35,6.8,32.7,128.0,4.18,162.67,174.89,1748.4,132.52,1.31,0.41,45.0,1500.0,7.04,3044.29,0.45,5.5,0.66,16.0,2010.0,1603.6,1277.83,,,,,,,,,,
2020-08-25,9.8,5.55,21.05,318.75,57.5,7.1,1.85,8.02,23.1,2.0,10.9,46.45,21.5,67.25,151.25,10.5,34.05,0.99,3.94,219.75,85.0,34.6,5.6,,2.15,1.88,5.0,6.0,3.83,391.0,8.5,385.0,4.79,,4.12,22.0,12.0,2.53,12.25,13.85,19.65,75.0,6.94,150.0,28.65,22.5,12.2,3.5,1.7,22.8,14.9,0.33,6.62,33.0,123.5,4.18,164.0,176.54,1743.08,133.89,1.3,0.42,44.95,1500.0,7.0,3071.26,0.45,5.44,0.6,16.5,1945.0,1618.39,1289.62,,,,,,,,,,
2020-08-26,9.9,5.55,21.3,319.75,57.5,7.18,1.93,8.04,23.1,2.0,11.25,45.0,21.5,67.25,152.0,10.5,34.8,0.99,3.9,219.75,85.0,35.05,5.64,,2.15,1.9,5.0,6.0,3.83,391.0,8.5,385.0,4.77,,4.12,23.0,12.55,2.45,12.25,13.85,19.65,75.0,6.78,150.0,29.0,22.5,12.1,3.5,1.75,22.95,14.8,0.34,6.62,33.0,123.0,4.18,166.54,178.61,1760.64,135.24,1.37,0.43,43.0,1500.0,6.98,3106.01,0.45,5.36,0.66,15.0,1945.0,1640.87,1304.52,,,,,,,,,,
2020-08-27,9.82,5.55,21.05,320.25,57.5,7.26,1.86,8.06,23.15,2.0,11.5,45.0,21.45,67.25,154.25,10.5,36.45,0.99,3.99,219.75,85.0,36.05,5.66,,2.19,1.9,5.0,6.0,3.83,391.0,7.7,385.0,4.77,,4.12,23.4,12.8,2.45,12.25,13.85,19.85,73.5,6.52,150.0,29.45,22.5,12.1,3.85,1.7,22.85,14.55,0.33,7.04,33.0,124.0,4.5,170.39,182.16,1771.18,137.26,1.35,0.44,44.95,1500.0,7.0,3163.48,0.45,5.36,0.62,15.0,1995.0,1677.25,1334.67,,,,,,,,,,
2020-08-28,9.54,5.55,20.6,322.75,57.5,7.18,1.86,7.98,23.15,1.99,11.5,45.0,21.45,65.75,158.25,10.5,36.45,1.0,4.01,219.75,85.0,36.4,5.92,,2.28,1.9,5.0,6.0,3.83,391.0,7.7,385.0,4.73,,4.12,23.45,13.75,2.3,12.25,13.85,19.95,78.0,6.52,150.25,29.85,22.5,12.1,3.99,1.7,23.0,14.9,0.3,7.1,33.0,124.0,4.5,171.93,183.83,1793.76,138.74,1.43,0.42,43.35,1500.0,7.44,3186.97,0.45,5.14,0.59,14.75,1995.0,1692.75,1347.63,,,,,,,,,,
2020-08-31,9.98,5.55,20.0,323.0,57.5,7.18,1.79,8.06,23.15,2.0,11.9,44.65,21.5,68.0,161.0,10.5,36.65,0.97,4.04,230.0,85.0,37.0,5.82,,2.22,1.91,5.0,6.0,3.83,391.0,7.7,385.0,4.51,,4.12,23.45,13.4,2.4,12.25,13.85,20.0,74.75,6.14,154.5,29.9,22.5,12.1,4.04,1.7,23.0,14.9,0.3,7.1,33.0,120.75,4.5,173.85,185.62,1794.85,139.68,1.41,0.43,46.0,1500.0,7.62,3223.79,0.45,5.5,0.55,15.0,1995.0,1711.17,1361.66,,,,,,,,,,
2020-09-01,9.96,5.55,20.05,323.0,56.0,7.04,1.87,8.0,23.15,1.99,11.85,44.65,21.5,65.25,166.25,10.5,37.0,0.99,4.0,230.0,85.0,37.95,5.74,,2.18,1.9,5.0,6.0,3.83,391.0,7.7,385.0,4.52,,4.12,23.5,13.8,2.4,12.25,13.85,20.0,78.0,6.42,163.75,29.9,22.5,12.75,4.0,1.7,22.95,14.9,0.29,7.1,33.0,120.0,4.5,175.8,186.9,1809.74,140.26,1.42,0.42,43.0,1500.0,7.8,3244.04,0.45,5.52,0.6,15.0,1995.0,1732.44,1377.32,,,,,,,,,,
2020-09-02,9.92,5.55,19.9,330.0,56.0,7.04,1.9,8.02,23.15,1.98,11.9,44.5,21.5,65.0,169.0,11.5,37.1,0.99,3.99,229.75,78.0,38.55,5.7,,2.22,1.9,5.0,6.0,3.83,391.0,7.72,385.0,4.57,,4.12,23.4,14.15,2.4,12.25,13.85,20.0,80.0,7.0,168.5,30.0,22.5,12.4,4.0,1.7,21.1,14.9,0.27,7.1,33.0,120.0,4.66,177.01,188.21,1835.3,141.0,1.4,0.42,43.05,1500.0,8.28,3264.82,0.45,5.62,0.63,15.0,1995.0,1747.1,1388.97,,,,,,,,,,
2020-09-03,9.62,5.55,20.0,331.5,56.0,7.44,1.77,7.98,23.15,1.98,11.9,44.5,21.5,65.0,173.0,11.5,37.05,0.98,4.0,220.0,78.0,38.15,5.66,,2.17,1.9,5.0,6.0,3.83,391.0,7.72,385.0,4.74,,4.12,23.3,15.55,2.3,12.25,13.85,20.0,80.0,7.7,169.25,30.05,22.5,12.2,3.6,1.55,23.0,14.9,0.26,7.0,30.0,120.0,4.7,176.93,188.35,1852.39,141.25,1.4,0.39,43.0,1500.0,8.1,3268.68,0.45,5.56,0.64,16.45,1995.0,1748.47,1387.49,,,,,,,,,,
2020-09-04,9.7,5.55,20.0,328.5,56.0,7.58,1.72,8.0,23.35,2.1,11.6,44.5,21.4,64.75,170.5,12.5,35.65,0.97,3.81,220.5,78.0,36.75,5.66,,2.1,1.9,5.0,6.0,3.83,391.0,8.0,385.0,4.53,,4.12,23.2,16.95,2.3,12.25,14.0,20.0,85.5,8.42,162.25,29.6,22.5,12.75,3.5,1.55,23.0,15.5,0.28,6.74,30.0,120.0,4.7,173.01,184.75,1855.04,139.27,1.33,0.41,44.0,1500.0,8.0,3224.43,0.45,5.08,0.64,16.45,1995.0,1712.22,1361.24,,,,,,,,,,
2020-09-07,9.66,5.55,20.05,328.5,58.5,7.02,1.79,8.18,23.25,2.03,11.6,44.5,21.35,64.75,173.75,12.5,35.0,1.0,3.86,215.5,78.0,36.0,5.68,,2.16,1.9,5.0,6.0,3.83,391.0,8.0,385.0,4.55,,4.12,23.0,18.15,2.4,12.25,14.0,19.6,78.5,8.48,169.0,29.05,22.5,12.75,3.5,1.6,22.75,15.5,0.3,7.02,30.0,125.0,4.55,171.48,182.88,1849.64,137.58,1.4,0.41,44.0,1500.0,8.06,3186.43,0.45,5.54,0.64,16.45,1995.0,1692.75,1344.51,,,,,,,,,,
2020-09-08,9.84,5.55,20.15,331.0,61.0,6.92,1.72,8.38,22.55,2.01,11.5,43.0,21.25,65.0,164.0,12.5,35.0,0.96,4.0,220.0,78.0,36.05,5.64,,2.14,1.88,5.0,6.0,3.83,391.0,8.02,385.0,4.52,,4.12,23.0,18.7,2.4,12.25,14.0,19.35,78.5,8.54,168.75,29.0,20.25,12.45,3.53,1.56,22.7,15.5,0.31,6.5,30.0,123.0,4.25,169.99,181.84,1850.63,136.93,1.33,0.39,44.25,1500.0,8.5,3166.04,0.45,5.2,0.64,16.45,1995.0,1676.62,1331.71,,,,,,,,,,
2020-09-09,9.6,5.55,20.25,330.0,55.25,7.32,1.78,8.38,22.55,2.01,11.65,44.45,21.0,65.0,168.0,12.5,36.0,0.97,4.0,220.0,78.0,36.05,5.58,,2.22,1.85,5.0,6.0,3.83,391.0,8.28,385.0,4.52,,4.12,22.55,19.2,2.4,12.25,14.85,19.35,75.75,8.42,168.75,29.05,20.25,12.45,3.55,1.6,22.95,15.5,0.31,7.0,30.0,123.0,4.25,171.39,182.87,1853.32,137.41,1.27,0.38,44.6,1500.0,8.28,3184.54,0.45,5.26,0.64,15.05,1995.0,1690.81,1342.36,,,,,,,,,,
2020-09-10,9.6,5.55,20.0,329.5,55.25,7.5,1.76,8.38,22.55,2.04,11.45,44.1,20.75,65.0,169.5,12.5,36.9,0.97,4.03,220.0,82.0,36.75,5.54,,2.23,1.9,5.0,6.0,3.83,391.0,8.0,385.0,4.55,,4.12,22.55,19.15,2.4,12.25,14.85,19.5,81.25,8.24,169.0,29.95,20.0,12.45,3.55,1.66,23.65,15.5,0.3,7.0,30.0,120.25,4.25,174.0,186.44,1871.84,140.28,1.31,0.4,44.8,1500.0,8.82,3241.81,0.45,5.32,0.61,15.05,1995.0,1721.23,1366.51,,,,,,,,,,
2020-09-11,9.74,5.55,20.0,329.5,55.25,7.98,1.83,8.38,23.45,2.14,11.5,44.0,21.0,65.0,168.25,12.5,37.0,0.99,4.05,220.0,75.0,37.9,5.5,,2.26,1.88,5.0,6.0,3.83,391.0,8.0,385.0,4.72,,4.12,22.55,19.2,2.3,12.25,14.85,19.15,81.0,7.82,165.75,30.05,20.0,12.45,3.76,1.6,23.7,15.5,0.3,7.0,30.0,119.75,4.25,175.38,187.56,1875.69,140.87,1.27,0.37,46.0,1500.0,8.78,3260.66,0.45,5.2,0.64,15.0,1995.0,1733.51,1374.99,,,,,,,,,,
2020-09-14,9.84,5.55,22.0,329.0,55.25,7.76,1.88,8.38,22.3,2.15,11.65,44.0,20.9,65.0,168.25,11.25,36.85,1.0,4.01,220.0,75.0,38.0,5.24,,2.27,1.89,5.0,6.0,3.83,391.0,8.0,385.0,4.73,,4.12,22.5,19.15,2.3,12.25,14.85,19.1,82.0,7.6,168.75,29.95,20.2,12.45,3.76,1.66,23.75,15.5,0.3,6.9,30.0,120.0,4.43,175.15,187.26,1879.44,140.62,1.31,0.35,45.35,1500.0,8.8,3259.34,0.45,5.02,0.68,15.0,1995.0,1733.88,1374.65,,,,,,,,,,
2020-09-15,9.9,5.55,24.15,331.0,55.25,7.56,1.86,8.38,22.3,2.14,11.7,41.85,21.0,65.0,165.5,12.0,36.95,0.99,4.06,220.0,80.0,38.0,5.12,,2.27,1.85,5.0,6.0,3.83,391.0,8.0,385.0,4.73,,4.12,22.6,18.3,2.3,12.25,14.85,19.15,81.75,7.58,167.5,30.15,20.2,13.55,3.84,1.62,23.0,15.5,0.3,7.28,30.0,129.0,4.43,175.04,187.51,1877.8,141.04,1.3,0.37,45.0,1500.0,8.8,3260.83,0.45,5.04,0.65,15.0,1995.0,1733.8,1373.95,,,,,,,,,,
2020-09-16,9.92,5.55,25.9,331.0,55.25,7.24,1.79,8.48,22.3,2.08,11.8,42.0,20.95,64.25,164.0,12.0,36.95,0.99,4.38,218.0,80.0,37.95,5.26,,2.21,1.84,5.0,6.0,3.83,391.0,7.98,385.0,4.72,,4.12,22.15,16.75,2.3,12.25,14.85,19.5,79.0,7.74,166.25,30.1,20.65,13.5,3.87,1.66,23.0,15.5,0.3,6.6,30.65,129.0,4.84,174.71,187.12,1866.24,140.65,1.33,0.38,45.0,1500.0,8.8,3248.16,0.45,5.02,0.6,15.0,1995.0,1728.1,1373.23,,,,,,,,,,
2020-09-17,9.9,5.55,25.0,332.0,55.25,7.28,1.84,8.44,22.35,2.13,11.95,44.9,20.95,63.25,160.25,12.95,36.05,0.99,4.36,217.25,80.0,37.55,5.22,,2.22,1.84,5.0,6.0,3.83,391.0,7.98,385.0,4.78,,4.12,21.8,15.25,2.3,12.25,14.85,19.75,80.0,7.66,161.5,30.0,18.6,12.3,3.87,1.66,23.75,15.5,0.31,6.98,30.65,129.0,4.8,172.64,185.37,1844.6,139.8,1.37,0.4,45.0,1500.0,8.8,3219.95,0.45,5.02,0.6,15.0,2015.0,1708.32,1356.89,,,,,,,,,,
2020-09-18,9.84,5.55,25.0,333.5,55.25,7.36,1.73,8.44,22.35,2.15,12.0,44.9,20.9,62.5,168.0,12.95,36.15,0.99,4.37,220.0,80.0,37.9,5.28,,2.23,1.81,5.0,6.0,3.83,385.0,7.98,385.0,4.75,,4.12,22.2,15.75,2.3,12.25,14.85,19.75,75.0,7.54,164.5,30.0,18.6,12.3,4.0,1.66,23.5,15.5,0.3,7.0,30.65,129.0,4.8,174.48,186.67,1847.41,140.24,1.38,0.42,45.0,1500.0,8.66,3238.77,0.45,5.02,0.6,13.5,2015.0,1723.32,1367.54,,,,,,,,,,
2020-09-21,9.84,5.55,24.05,332.5,55.25,7.26,1.8,8.0,22.35,2.15,11.9,49.0,20.7,62.75,161.5,13.15,36.0,0.99,4.13,219.0,81.5,38.0,5.36,,2.27,1.8,5.0,6.0,3.83,385.0,7.5,385.0,4.75,,4.12,23.15,17.1,2.3,12.25,14.85,19.5,75.0,7.68,160.0,29.9,18.6,12.0,4.0,1.66,23.65,15.6,0.31,6.88,30.05,129.0,4.8,173.63,185.68,1848.74,139.54,1.37,0.44,44.6,1500.0,8.54,3219.29,0.45,5.42,0.65,13.5,2015.0,1710.97,1359.62,,,,,,,,,,
2020-09-22,9.84,5.55,23.8,340.0,55.25,7.18,1.76,8.08,22.35,2.07,11.95,49.0,20.85,61.0,160.5,13.15,36.0,0.95,4.13,220.0,81.5,38.0,5.02,,2.31,1.79,5.0,6.0,3.83,385.0,7.6,385.0,4.76,,4.12,22.85,18.05,2.3,11.05,14.85,19.45,75.0,7.44,160.75,30.05,18.6,12.0,3.94,1.63,24.4,16.65,0.29,7.28,30.05,126.75,4.8,173.32,185.73,1839.96,139.77,1.39,0.41,44.0,1500.0,8.22,3219.35,0.45,5.04,0.66,13.5,2015.0,1711.21,1359.18,,,,,,,,,,
2020-09-23,9.88,5.55,23.5,340.5,55.25,7.2,1.7,8.42,22.4,2.07,11.95,44.1,20.6,61.0,160.75,13.15,35.85,0.95,4.05,220.0,81.5,38.0,5.08,,2.3,1.76,5.0,6.0,3.83,385.0,7.6,385.0,4.77,,4.12,23.0,18.15,2.3,11.05,14.85,19.0,76.0,7.32,160.0,30.0,18.6,12.0,3.91,1.66,23.45,16.65,0.29,7.38,30.05,130.0,4.8,173.22,185.55,1840.68,139.63,1.38,0.42,43.85,1500.0,8.5,3217.59,0.45,5.0,0.65,13.5,2015.0,1710.44,1358.57,,,,,,,,,,
2020-09-24,9.9,5.55,23.2,343.25,55.25,7.1,1.62,8.1,22.4,2.0,11.9,42.55,20.65,60.25,163.0,13.15,35.65,0.98,4.1,220.0,81.5,38.15,5.04,,2.31,1.79,5.0,6.0,3.83,385.0,7.78,385.0,4.88,,4.12,23.05,17.55,2.3,11.05,14.85,20.0,76.0,7.18,160.0,30.0,18.6,13.1,4.04,1.66,24.2,16.65,0.29,7.12,32.0,130.0,4.32,173.46,185.76,1832.0,139.71,1.4,0.42,44.4,1500.0,8.18,3221.79,0.45,5.0,0.66,13.5,2015.0,1713.57,1359.8,,,,,,,,,,
2020-09-25,10.0,5.55,24.0,355.0,55.25,7.24,1.53,8.04,22.4,2.07,11.9,46.5,20.6,60.0,164.25,13.15,36.1,0.99,4.01,220.0,81.5,38.9,5.06,,2.33,1.8,5.0,6.0,3.83,385.0,7.78,400.0,4.77,,4.12,23.05,17.35,2.11,11.05,14.85,20.0,76.0,7.26,159.75,30.05,18.6,13.1,4.04,1.66,23.75,16.65,0.3,7.34,32.0,127.5,4.32,175.02,187.02,1847.63,140.37,1.4,0.44,44.4,1500.0,8.36,3242.38,0.45,5.04,0.6,13.5,2015.0,1730.06,1372.89,,,,,,,,,,
2020-09-28,9.82,5.55,23.85,351.25,55.25,7.26,1.49,8.04,22.4,2.09,11.9,46.5,20.5,60.25,168.0,13.15,37.35,0.99,4.0,220.0,81.5,39.05,5.1,,2.35,1.78,5.0,6.0,3.83,385.0,7.6,400.0,4.75,,4.12,22.8,17.8,2.25,11.05,14.85,20.0,76.25,7.1,160.25,29.8,18.65,13.1,3.85,1.66,23.8,16.65,0.3,7.0,30.0,127.0,4.32,176.51,187.46,1850.21,140.09,1.29,0.44,44.0,1500.0,8.4,3254.18,0.45,5.24,0.66,13.5,2015.0,1745.34,1385.01,,,,,,,,,,
2020-09-29,9.9,5.55,23.65,349.75,55.25,7.3,1.44,8.36,22.35,2.09,11.85,42.0,20.3,59.5,170.0,13.15,36.65,0.97,3.99,220.0,81.5,39.1,5.1,,2.37,1.76,5.0,6.0,3.83,385.0,7.62,400.0,4.8,,4.12,22.9,17.85,2.25,11.05,14.85,20.0,75.75,7.0,160.0,29.8,18.65,13.0,3.85,1.58,23.45,15.45,0.31,7.0,30.0,128.25,4.32,176.2,187.31,1844.99,140.0,1.27,0.43,45.0,1500.0,8.34,3252.25,0.45,5.18,0.66,13.05,2015.0,1741.35,1381.85,,,,,,,,,,
2020-09-30,9.82,5.55,23.55,348.0,55.25,7.46,1.44,8.14,22.3,2.11,11.85,42.0,20.3,60.0,169.25,13.15,36.7,1.0,3.97,242.0,81.5,39.1,5.1,,2.4,1.75,5.0,6.0,3.83,385.0,7.62,400.0,4.74,,4.12,23.0,17.9,2.1,11.05,14.85,20.0,81.5,6.66,160.0,29.7,18.65,13.0,3.85,1.58,23.45,16.95,0.3,7.0,30.0,130.0,4.32,176.0,186.92,1852.29,139.89,1.31,0.43,44.25,1500.0,8.64,3258.78,0.45,5.24,0.66,12.15,1960.0,1742.51,1382.77,,,,,,,,,,
2020-10-01,9.82,5.55,23.7,348.25,55.25,7.36,1.45,8.14,22.3,2.11,11.8,42.0,20.65,61.75,163.25,13.15,36.5,0.94,3.95,266.0,81.5,39.1,5.1,,2.4,1.75,5.0,6.0,3.83,385.0,7.62,400.0,4.7,,4.12,23.05,17.9,2.15,11.05,14.85,19.5,80.0,7.0,160.0,29.8,18.65,12.5,3.47,1.58,23.5,15.3,0.3,7.0,30.0,131.75,4.32,175.02,186.47,1855.53,139.88,1.31,0.44,43.4,1500.0,8.68,3248.77,0.45,5.3,0.66,13.3,1960.0,1731.72,1374.84,,,,,,,,,,
2020-10-02,9.8,5.55,23.95,355.75,56.5,7.42,1.45,8.06,22.3,2.19,11.7,43.0,20.0,61.25,161.25,13.15,35.95,0.97,3.99,291.75,81.5,38.5,5.08,,2.4,1.75,5.0,6.0,3.83,385.0,7.62,400.0,4.51,,4.12,22.65,17.55,2.15,11.05,14.85,18.3,80.0,7.5,161.0,30.0,18.65,12.5,3.47,1.58,23.5,15.0,0.3,7.18,30.0,130.0,4.32,173.42,185.95,1852.17,140.22,1.29,0.41,43.55,1500.0,8.48,3242.54,0.45,5.02,0.66,14.6,1960.0,1718.08,1363.38,,,,,,,,,,
2020-10-05,9.54,5.55,23.55,359.75,56.5,7.48,1.54,8.3,22.3,2.32,11.7,42.5,19.5,64.0,163.0,13.15,35.5,0.97,3.97,291.75,80.0,38.05,5.08,,2.42,1.75,5.0,6.0,3.83,385.0,7.62,400.0,4.62,,4.12,22.55,17.15,2.11,11.05,14.85,17.6,85.75,7.22,165.25,30.0,18.65,13.0,3.47,1.66,23.6,15.0,0.3,7.2,30.0,139.75,4.32,172.47,185.66,1853.03,140.33,1.29,0.4,43.5,1500.0,8.4,3242.45,0.45,5.38,0.66,14.55,1960.0,1717.15,1362.64,,,,,,,,,,
2020-10-06,9.56,5.55,23.5,360.0,56.5,7.42,1.5,8.3,22.3,2.3,11.6,42.5,19.2,64.0,161.0,13.95,35.5,0.99,3.92,274.0,80.5,38.0,5.06,,2.43,1.75,5.0,6.0,3.83,385.0,7.52,400.0,4.7,,4.12,22.55,17.5,2.1,11.05,14.85,19.0,80.25,7.2,161.0,29.95,18.65,13.0,3.81,1.66,23.35,13.95,0.3,7.2,30.0,139.75,4.32,171.91,185.08,1842.68,139.72,1.33,0.43,43.5,1500.0,8.48,3220.41,0.45,5.0,0.66,14.8,1960.0,1708.33,1354.39,,,,,,,,,,
2020-10-07,9.5,5.55,22.85,357.5,56.5,7.3,1.49,8.3,22.5,2.38,11.55,42.5,19.0,62.5,161.5,13.95,35.0,0.93,3.97,270.0,80.5,37.95,5.06,,2.4,1.75,5.0,6.0,3.83,385.0,7.5,400.0,4.68,,4.12,22.6,17.05,2.31,11.05,16.0,19.0,84.0,7.28,162.25,30.5,18.65,13.0,3.53,1.69,23.5,14.0,0.3,7.48,30.0,138.5,4.3,171.94,186.14,1836.09,141.02,1.25,0.42,43.5,1500.0,8.4,3233.86,0.45,5.02,0.66,14.0,1960.0,1710.47,1357.34,,,,,,,,,,
2020-10-08,9.44,5.55,22.65,350.0,56.5,7.56,1.49,9.0,22.5,2.38,11.5,42.5,18.8,64.0,161.5,13.2,34.1,0.94,3.9,270.0,80.5,38.0,5.0,,2.4,1.75,5.0,6.0,3.83,385.0,7.5,400.0,4.51,,4.12,22.5,16.9,2.31,11.05,16.0,19.0,84.0,7.3,163.5,30.05,18.65,13.0,3.6,1.58,23.9,14.0,0.29,7.48,30.0,138.5,4.42,170.33,184.31,1831.57,139.61,1.35,0.43,43.5,1500.0,8.38,3206.43,0.45,5.02,0.66,14.0,1965.0,1695.08,1343.89,,,,,,,,,,
2020-10-09,9.4,5.55,23.4,345.0,56.5,7.76,1.49,8.78,22.5,2.39,11.5,42.5,18.7,63.75,164.75,13.2,34.9,0.97,4.0,270.0,80.5,38.1,5.0,,2.36,1.75,5.0,6.0,3.83,385.0,7.32,400.0,4.75,,4.12,22.6,16.9,2.31,11.05,16.0,19.0,83.75,7.24,161.5,30.1,18.65,12.0,3.5,1.58,23.7,14.65,0.27,7.5,30.0,138.5,4.17,171.76,185.21,1836.54,140.07,1.33,0.41,43.6,1500.0,8.48,3225.86,0.45,5.38,0.68,14.0,1965.0,1708.91,1354.86,,,,,,,,,,
2020-10-12,9.5,5.55,23.05,345.0,56.5,7.86,1.49,8.98,22.5,2.34,11.85,42.5,18.7,63.0,168.75,13.2,35.0,0.98,3.69,270.0,80.5,38.0,5.02,,2.2,1.75,5.0,6.0,3.83,380.0,7.24,400.0,4.73,,4.12,22.7,16.35,2.31,11.05,16.0,19.0,80.5,7.28,160.0,30.05,18.65,12.3,3.5,1.67,22.6,14.65,0.27,7.48,30.0,140.0,4.17,172.62,185.62,1830.49,140.14,1.41,0.4,44.0,1500.0,8.68,3236.41,0.45,5.36,0.71,13.5,1965.0,1716.39,1362.04,,,,,,,,,,
2020-10-13,9.48,5.55,23.05,335.5,56.5,7.7,1.43,8.52,24.0,2.32,11.9,42.5,18.05,62.75,163.5,13.2,35.0,0.98,3.68,274.25,80.5,38.0,5.0,,2.27,1.76,5.0,6.0,3.83,380.0,7.14,400.0,4.53,,4.12,22.75,16.1,2.3,11.05,16.0,19.0,80.0,7.28,159.75,30.15,18.65,12.35,3.6,1.6,23.45,14.65,0.29,7.06,30.65,140.0,4.5,171.85,185.17,1819.27,139.97,1.44,0.39,44.0,1500.0,8.5,3225.44,0.45,5.24,0.71,13.3,1965.0,1706.24,1352.11,,,,,,,,,,
2020-10-14,9.62,5.55,23.15,340.0,56.5,7.5,1.5,8.78,24.0,2.37,11.75,42.5,18.35,63.0,162.25,13.2,35.0,0.97,3.71,275.0,80.5,37.55,5.0,,2.3,1.75,5.0,6.0,3.83,380.0,7.6,400.0,4.67,,4.12,22.9,16.0,2.3,11.05,16.0,19.0,80.0,6.96,160.5,30.1,18.65,12.7,3.5,1.6,23.45,14.65,0.31,7.06,30.65,140.0,4.5,171.27,184.69,1813.26,139.74,1.33,0.42,43.95,1500.0,8.28,3218.34,0.45,5.34,0.71,13.05,1965.0,1700.43,1349.38,,,,,,,,,,
2020-10-15,9.66,5.55,23.2,336.0,56.5,7.5,1.5,8.8,24.0,2.3,11.9,42.45,18.5,62.75,163.0,13.25,34.9,0.97,3.91,275.0,80.5,37.5,5.0,,2.27,1.75,5.0,6.0,3.83,380.0,7.6,400.0,4.65,,4.12,23.25,15.75,2.3,11.05,16.0,19.0,80.0,6.96,160.0,30.05,18.65,12.7,3.5,1.58,24.5,14.65,0.3,6.9,30.65,140.0,4.5,171.48,184.6,1814.17,139.65,1.43,0.44,43.65,1500.0,8.42,3220.54,0.45,5.36,0.71,13.05,1965.0,1701.1,1348.04,,,,,,,,,,
2020-10-16,9.62,5.55,23.3,349.0,57.0,7.5,1.47,8.78,24.0,2.24,11.8,42.45,18.3,63.0,163.0,13.25,34.95,0.97,3.63,275.0,75.0,37.2,5.22,,2.24,1.75,5.0,6.0,3.83,380.0,8.0,400.0,4.54,,4.12,22.95,15.95,2.14,11.05,16.0,19.0,77.0,6.88,157.75,30.1,18.1,12.7,3.5,1.53,23.75,15.0,0.28,6.48,30.65,140.0,4.5,171.18,184.55,1811.13,139.65,1.3,0.4,43.5,1500.0,8.28,3212.9,0.45,5.36,0.71,13.75,1970.0,1697.93,1347.39,,,,,,,,,,
2020-10-19,9.5,5.55,23.25,350.0,57.0,7.5,1.47,8.4,24.0,2.24,11.85,42.5,18.5,62.5,162.0,13.25,34.55,0.97,3.86,270.0,75.0,37.0,5.24,,2.26,1.73,5.0,6.0,3.83,380.0,7.84,400.0,4.7,,4.12,22.85,15.6,2.04,11.05,16.0,19.0,84.0,6.82,159.5,30.1,18.1,12.5,3.41,1.58,22.8,16.0,0.3,7.0,30.65,139.0,4.5,170.41,184.08,1812.42,139.7,1.32,0.39,43.65,1500.0,8.1,3210.31,0.45,5.38,0.71,14.0,1970.0,1694.11,1341.27,,,,,,,,,,
2020-10-21,9.5,5.55,23.55,349.25,59.0,7.54,1.49,8.88,25.0,2.21,11.45,42.0,18.5,62.5,160.0,13.25,34.55,0.91,3.98,274.25,75.0,37.1,5.28,,2.25,1.73,5.0,6.0,3.83,380.0,7.98,400.0,4.7,,4.12,22.9,15.45,1.92,11.05,16.0,19.0,84.0,6.78,153.5,30.25,19.9,12.5,3.47,1.58,22.85,16.0,0.3,7.0,30.65,137.5,4.5,170.05,184.01,1809.66,139.79,1.32,0.42,43.65,1500.0,8.44,3205.3,0.45,5.44,0.71,14.0,1970.0,1690.26,1338.84,,,,,,,,,,
2020-10-22,9.46,5.55,23.55,349.25,59.0,7.5,1.5,8.42,25.0,2.07,11.45,42.0,18.0,62.25,160.0,13.25,34.5,0.92,3.98,275.0,75.0,37.25,5.24,,2.23,1.75,5.0,6.0,3.83,380.0,7.98,400.0,4.53,,4.12,22.9,15.55,1.92,11.05,16.0,19.0,84.0,6.7,152.25,30.65,19.9,12.5,3.47,1.65,22.85,16.0,0.3,7.0,30.65,137.5,4.5,170.4,185.0,1805.26,140.72,1.4,0.44,43.65,1500.0,8.4,3216.95,0.45,5.44,0.71,14.0,1970.0,1695.03,1342.61,,,,,,,,,,
2020-10-23,9.5,5.55,23.75,349.25,59.0,7.58,1.59,8.92,25.0,2.19,11.4,41.45,18.45,61.0,157.0,13.25,34.35,0.92,3.96,275.0,75.0,37.05,5.12,,2.21,1.82,5.0,6.0,3.83,375.0,7.8,400.0,4.59,,4.12,22.75,15.4,1.92,11.05,16.0,19.0,81.25,6.7,152.75,30.95,21.85,12.05,3.5,1.66,23.35,15.75,0.3,7.18,30.0,137.0,4.5,169.88,185.28,1799.29,141.21,1.49,0.44,45.0,1500.0,8.14,3216.66,0.45,5.48,0.71,13.05,1970.0,1687.87,1335.1,,,,,,,,,,
2020-10-26,9.4,5.55,24.0,350.0,59.0,7.56,1.6,8.92,25.0,2.16,11.45,41.5,18.1,63.5,153.75,13.25,34.5,0.97,3.95,275.0,75.0,36.9,5.16,,2.24,1.8,5.0,6.0,3.83,375.0,7.24,400.0,4.51,,4.12,22.55,15.8,1.92,11.05,16.0,19.15,80.0,6.7,153.5,30.5,21.85,12.5,3.5,1.66,23.35,14.45,0.3,7.16,30.0,137.0,4.5,168.75,183.71,1799.38,139.8,1.49,0.45,44.0,1500.0,8.1,3189.25,0.45,5.56,0.71,13.0,1970.0,1676.75,1326.31,,,,,,,,,,
2020-10-27,9.4,5.55,23.75,350.0,59.0,7.6,1.55,8.52,25.0,2.17,11.15,41.5,18.3,63.0,153.75,13.25,34.4,0.97,3.7,270.0,80.0,36.6,5.14,,2.28,1.73,5.0,6.0,3.83,375.0,7.8,400.0,4.7,,4.12,22.6,16.2,1.92,11.05,16.0,19.6,80.0,6.7,158.5,30.6,24.0,12.5,3.5,1.5,23.35,14.45,0.27,7.2,30.0,139.0,4.5,168.19,183.68,1797.99,139.99,1.48,0.44,44.0,1500.0,8.0,3185.23,0.45,5.7,0.71,13.0,1970.0,1671.83,1323.02,,,,,,,,,,
2020-10-28,9.4,5.55,23.55,350.0,59.0,7.8,1.59,8.74,23.75,2.23,11.15,41.5,18.0,62.25,153.0,13.25,34.35,0.91,3.88,270.0,80.0,36.75,5.18,,2.28,1.75,5.0,6.0,3.83,370.0,7.82,400.0,4.66,,4.12,22.65,16.35,1.95,11.05,16.0,19.0,80.0,6.68,154.75,30.6,25.3,12.3,3.29,1.6,24.0,14.45,0.27,7.2,30.0,136.5,4.1,168.23,183.56,1797.81,139.88,1.48,0.44,44.0,1500.0,8.06,3183.75,0.45,5.68,0.71,12.5,1970.0,1670.72,1322.14,,,,,,,,,,
2020-10-29,9.42,5.55,23.95,342.0,56.5,7.76,1.58,8.74,23.75,2.17,11.35,41.0,18.45,63.0,153.75,13.25,34.0,0.96,3.91,270.0,80.0,36.55,5.08,,2.27,1.76,5.0,6.0,3.83,370.0,7.92,400.0,4.62,,4.12,22.25,16.35,1.95,11.05,16.0,19.6,80.0,6.7,159.25,30.5,24.0,12.3,3.0,1.6,24.05,14.45,0.27,7.2,30.0,136.5,4.11,167.72,183.11,1799.77,139.64,1.47,0.44,44.0,1500.0,8.02,3178.93,0.45,5.5,0.71,13.0,1970.0,1666.21,1318.57,,,,,,,,,,
2020-10-30,9.44,5.55,24.0,342.0,56.5,7.38,1.59,8.5,23.75,2.25,11.3,41.5,18.3,61.25,150.25,13.25,33.9,0.98,3.73,269.5,80.0,36.05,5.06,,2.25,1.75,5.0,6.0,3.83,370.0,7.58,400.0,4.61,,4.12,22.65,16.2,1.95,11.05,16.0,20.0,77.0,6.44,158.25,30.85,25.3,12.3,3.1,1.6,24.05,14.45,0.28,7.16,30.0,136.5,3.91,167.02,183.17,1783.68,140.04,1.4,0.43,44.0,1500.0,8.26,3170.87,0.45,5.5,0.71,12.75,1970.0,1656.12,1310.59,,,,,,,,,,
2020-11-02,9.28,5.55,22.8,336.0,56.5,7.16,1.49,8.7,25.0,2.22,11.5,41.5,18.05,60.0,150.5,13.25,33.35,0.99,3.74,270.0,80.0,35.9,5.0,,2.25,1.76,5.0,6.0,3.83,370.0,7.5,400.0,4.61,,4.12,22.05,15.85,1.95,11.05,16.0,20.0,77.0,6.38,159.5,31.25,25.3,12.3,3.08,1.57,26.0,14.45,0.29,7.16,30.0,136.25,3.91,166.54,183.57,1763.72,140.76,1.4,0.41,43.95,1500.0,8.02,3171.35,0.45,5.6,0.71,12.75,1970.0,1652.07,1306.78,,,,,,,,,,
2020-11-03,9.22,5.55,24.0,336.0,56.5,7.26,1.58,8.7,25.0,2.2,11.55,41.5,17.5,60.0,151.0,13.25,32.75,1.06,3.7,268.75,80.0,35.6,4.95,,2.24,1.71,5.0,6.0,3.83,370.0,7.5,360.0,4.53,,4.12,22.0,15.55,2.14,11.05,16.0,20.0,81.0,6.3,157.75,31.25,25.3,12.5,3.08,1.6,26.0,14.45,0.3,7.2,30.0,133.75,3.91,165.49,182.83,1755.75,140.58,1.33,0.41,43.95,1500.0,7.54,3165.51,0.45,5.5,0.71,12.55,1970.0,1645.82,1301.84,,,,,,,,,,
2020-11-04,9.24,5.55,24.35,345.0,56.5,7.32,1.54,8.2,22.5,2.19,11.7,41.5,17.9,59.5,150.5,13.25,32.8,1.05,3.65,269.0,80.0,35.4,4.81,,2.2,1.7,5.0,6.0,3.83,370.0,7.5,360.0,4.6,,4.12,21.75,15.8,2.14,11.05,16.0,18.0,81.0,6.5,154.75,31.15,25.3,12.5,3.0,1.5,24.8,14.45,0.28,7.2,30.05,133.0,3.91,165.13,182.37,1756.9,140.19,1.4,0.41,44.0,1500.0,7.4,3161.76,0.45,5.36,0.71,12.55,1970.0,1644.79,1300.43,,,,,,,,,,
2020-11-05,9.38,5.55,24.95,350.0,56.5,7.48,1.39,8.7,22.5,2.15,11.5,38.0,17.95,61.0,150.25,13.25,34.65,0.99,3.69,268.5,80.0,35.4,4.82,,2.18,1.74,5.0,6.0,3.83,370.75,7.82,360.0,4.53,,4.12,22.0,15.45,2.14,11.05,16.0,18.0,75.5,6.34,158.0,31.25,25.3,12.75,3.09,1.6,24.8,14.95,0.28,7.2,30.05,130.0,3.6,167.08,183.96,1770.21,140.9,1.44,0.42,43.2,1500.0,8.0,3182.94,0.45,5.34,0.71,12.55,1970.0,1662.18,1314.18,,,,,,,,,,
2020-11-06,9.5,5.55,24.7,350.0,56.5,7.5,1.4,8.96,22.5,2.18,11.6,38.0,18.0,61.0,150.75,13.25,35.0,0.9,3.69,269.0,80.0,35.6,4.82,,2.02,1.78,5.0,6.0,3.83,372.5,7.5,360.0,4.5,,4.12,21.95,15.15,2.2,11.05,16.0,18.2,80.0,6.4,157.0,31.3,25.3,12.75,3.09,1.6,24.7,14.95,0.3,7.18,30.05,132.5,3.91,167.88,184.52,1769.54,141.32,1.39,0.41,43.2,1500.0,7.76,3200.41,0.45,5.5,0.71,12.55,1970.0,1673.26,1322.94,,,,,,,,,,
2020-11-09,9.56,5.55,24.65,336.0,56.5,7.3,1.53,9.18,22.5,2.17,11.4,38.0,17.95,61.5,151.5,14.0,34.4,0.95,3.71,269.0,80.0,36.4,4.72,,2.02,1.71,5.0,6.0,3.83,365.0,7.5,360.0,4.52,,4.12,22.1,15.35,2.2,11.05,16.0,18.2,81.0,6.4,156.25,30.75,25.3,13.65,3.39,1.58,24.7,14.95,0.29,7.0,30.05,130.0,3.91,167.34,183.1,1763.87,139.75,1.35,0.41,43.2,1500.0,8.18,3179.46,0.45,5.36,0.71,12.55,1970.0,1667.17,1318.12,,,,,,,,,,
2020-11-10,9.6,5.55,24.0,350.0,56.5,7.5,1.39,9.18,23.0,2.17,11.35,38.0,17.65,61.5,155.75,13.25,35.0,0.91,3.65,269.5,80.0,37.0,4.72,,2.18,1.69,5.0,6.0,3.83,365.0,7.5,360.0,4.51,,4.12,22.5,14.5,2.2,11.05,16.0,18.2,80.0,6.36,157.0,30.95,25.3,13.65,3.4,1.56,24.7,14.95,0.3,7.18,30.05,130.0,3.91,169.53,185.09,1769.02,140.91,1.38,0.43,43.2,1500.0,7.82,3211.11,0.45,5.34,0.71,12.55,1970.0,1690.25,1335.76,,,,,,,,,,
2020-11-11,9.76,5.55,24.05,364.0,60.0,7.9,1.38,8.86,22.0,2.15,11.4,38.0,17.55,61.75,163.5,13.25,35.95,0.95,3.6,266.5,80.0,37.9,4.7,,2.19,1.66,5.0,6.0,3.83,368.5,7.2,360.0,4.57,,4.12,22.25,15.2,2.2,11.05,15.9,18.0,80.0,6.3,157.5,31.8,25.3,13.15,3.4,1.56,22.85,15.05,0.28,7.18,30.05,130.0,3.91,173.61,189.65,1791.38,144.1,1.33,0.42,43.2,1500.0,7.82,3282.12,0.45,5.34,0.71,12.6,1970.0,1735.01,1369.87,,,,,,,,,,
2020-11-12,9.86,5.55,24.7,365.0,60.0,7.72,1.38,8.0,22.0,2.11,11.4,38.0,17.6,61.5,160.0,13.25,36.0,0.94,3.49,270.0,79.5,37.4,4.61,,2.01,1.66,5.0,6.0,3.83,365.0,7.22,360.0,4.5,,4.12,22.55,15.75,2.2,11.05,14.4,18.0,80.0,6.34,148.0,31.7,25.3,12.0,3.5,1.56,22.5,14.4,0.3,7.0,30.05,130.0,3.91,172.52,188.44,1780.6,143.3,1.44,0.42,43.7,1500.0,7.92,3268.6,0.45,5.48,0.71,12.6,1970.0,1724.79,1361.18,,,,,,,,,,
2020-11-13,9.9,5.55,24.9,365.0,60.0,7.6,1.31,8.0,21.8,2.06,11.4,41.0,17.0,63.0,159.0,12.7,36.8,0.94,3.45,270.0,79.5,37.5,4.63,,2.17,1.64,5.0,6.0,3.83,365.0,7.24,360.0,4.5,,4.12,22.0,15.65,2.2,11.05,14.4,17.65,80.0,6.36,156.25,31.8,25.3,12.0,3.4,1.5,22.5,15.25,0.3,7.2,30.05,129.75,3.91,173.19,189.39,1789.52,143.93,1.42,0.4,43.7,1500.0,7.9,3280.73,0.45,5.34,0.71,12.6,1970.0,1732.71,1366.17,,,,,,,,,,
2020-11-16,9.78,5.55,25.45,365.0,60.0,7.26,1.29,8.8,21.8,2.04,11.5,41.0,16.95,62.25,159.25,12.7,36.75,0.94,3.41,269.0,79.5,37.55,4.6,,2.14,1.64,5.0,6.0,3.83,365.0,7.24,360.0,4.51,,4.12,21.95,16.2,2.01,11.05,14.4,17.65,77.25,6.34,152.25,32.1,25.3,12.0,3.32,1.35,22.3,15.25,0.3,7.2,30.05,129.75,3.58,173.5,190.04,1783.18,144.47,1.42,0.4,43.7,1500.0,8.0,3283.45,0.45,5.32,0.71,12.6,1970.0,1734.51,1366.97,,,,,,,,,,
2020-11-17,10.0,5.55,25.95,365.0,61.0,7.26,1.28,8.22,21.8,2.07,11.5,39.0,16.15,61.75,160.25,12.7,36.55,0.91,3.19,270.0,75.75,37.5,4.64,,2.1,1.61,5.0,6.0,3.83,365.0,7.5,360.0,4.55,,4.12,22.4,16.6,1.87,11.05,14.4,17.3,81.0,6.4,151.0,32.05,25.3,11.8,3.2,1.22,22.95,14.1,0.3,7.0,30.05,129.5,3.44,173.55,189.86,1787.45,144.51,1.38,0.41,43.3,1500.0,8.0,3290.15,0.45,5.3,0.71,13.8,1975.0,1736.35,1368.42,,,,,,,,,,
2020-11-18,10.0,5.55,26.8,369.0,60.0,7.5,1.31,8.34,21.8,2.05,11.45,39.0,16.05,61.0,159.75,12.7,36.3,0.87,3.21,270.0,75.75,36.8,4.59,,2.15,1.63,5.0,6.0,3.83,365.0,7.5,360.0,4.5,,4.12,22.5,16.1,2.0,11.05,14.4,17.6,81.0,6.32,151.75,31.95,25.3,12.0,3.2,1.23,22.95,14.0,0.3,7.0,30.05,129.5,3.2,172.35,188.89,1788.54,144.08,1.35,0.37,43.5,1500.0,8.0,3278.32,0.45,5.32,0.71,13.8,1975.0,1725.03,1357.64,,,,,,,,,,
2020-11-19,9.76,5.55,28.0,369.75,60.0,7.3,1.28,8.98,21.8,2.06,11.65,39.0,16.0,64.0,155.0,12.7,35.95,0.88,3.02,266.0,71.5,35.95,4.79,,2.14,1.62,5.0,6.0,3.83,365.0,7.5,360.0,4.51,,4.12,22.55,15.5,2.2,11.05,14.4,17.3,83.0,6.08,150.5,31.45,25.3,12.0,3.1,1.23,22.3,14.0,0.29,7.0,30.05,129.5,3.1,169.97,186.4,1784.4,142.38,1.4,0.37,43.75,1500.0,8.02,3240.97,0.45,5.34,0.71,13.5,1975.0,1702.51,1339.91,,,,,,,,,,
2020-11-20,9.58,5.55,28.2,370.0,66.0,7.48,1.4,8.52,21.8,2.07,11.65,39.0,16.0,63.25,155.0,12.7,35.35,0.89,3.17,266.0,71.5,36.2,4.74,,2.12,1.61,5.0,6.0,3.83,365.0,7.5,360.0,4.54,,4.12,22.7,15.5,2.33,11.05,13.0,17.1,83.0,6.22,149.25,32.0,25.3,11.6,3.09,1.23,22.3,14.0,0.29,7.14,30.05,129.5,3.1,170.1,187.67,1785.88,143.72,1.41,0.4,45.0,1500.0,8.12,3255.68,0.45,5.28,0.71,13.5,1975.0,1704.25,1340.06,,,,,,,,,,
2020-11-23,9.54,5.55,28.0,370.0,66.0,7.3,1.4,8.98,21.6,2.06,11.5,39.0,16.8,65.0,155.0,12.7,35.55,0.89,3.07,270.0,71.5,36.8,4.61,,2.14,1.6,5.0,6.0,3.83,365.0,7.48,360.0,4.54,,4.12,22.6,16.0,2.2,11.05,12.0,17.1,83.0,6.0,150.75,32.0,25.3,11.0,3.18,1.22,22.3,14.0,0.29,7.14,30.05,130.0,3.0,170.71,188.1,1786.89,143.75,1.31,0.39,43.5,1500.0,8.0,3258.19,0.45,5.34,0.71,13.5,1975.0,1712.29,1345.15,,,,,,,,,,
2020-11-24,9.4,5.55,28.15,370.0,66.0,7.48,1.3,9.0,21.6,2.08,11.5,40.0,17.95,63.0,155.0,12.7,35.65,0.97,3.09,270.0,71.5,37.2,4.56,,2.1,1.59,5.0,6.0,3.83,365.0,7.5,360.0,4.5,,4.12,22.6,16.25,2.02,11.05,12.0,17.1,83.0,6.2,147.25,31.7,25.3,11.5,3.28,1.22,22.4,13.65,0.29,7.14,30.05,128.5,3.0,170.89,187.46,1790.72,142.98,1.31,0.42,43.5,1500.0,8.0,3250.99,0.45,5.3,0.71,13.5,1975.0,1712.64,1342.97,,,,,,,,,,
2020-11-25,9.4,5.55,28.1,370.0,66.0,7.42,1.4,9.06,21.6,2.06,11.65,40.0,17.85,63.5,155.0,12.7,35.65,0.99,3.0,270.0,71.5,37.6,4.63,,2.1,1.57,5.0,6.0,3.83,365.0,7.5,360.0,4.54,,4.12,22.6,16.0,2.02,11.05,11.0,17.1,83.0,6.12,146.75,32.0,25.3,11.5,3.09,1.21,22.95,13.65,0.29,7.14,30.05,128.5,2.92,171.79,188.64,1790.38,143.93,1.4,0.38,43.5,1500.0,8.0,3266.68,0.45,5.34,0.71,14.0,1915.0,1721.41,1349.23,,,,,,,,,,
2020-11-26,9.34,5.55,28.05,371.5,69.25,7.24,1.38,9.84,22.5,2.03,11.5,40.0,17.8,63.5,155.0,12.7,35.55,1.0,3.09,270.0,71.5,37.8,4.55,,2.08,1.46,5.0,6.0,3.83,365.0,7.56,360.0,4.5,,4.12,23.5,15.5,2.02,11.05,12.0,17.05,83.0,6.14,150.0,32.0,22.8,11.5,2.79,1.18,22.0,14.95,0.3,7.2,30.0,128.5,2.78,171.82,188.81,1781.09,143.98,1.4,0.37,43.6,1500.0,8.04,3267.31,0.45,5.38,0.71,14.0,1915.0,1722.44,1347.46,,,,,,,,,,
2020-11-27,9.54,5.55,28.0,372.0,67.75,7.2,1.4,10.8,22.5,2.06,11.6,40.0,17.0,61.5,153.75,12.7,34.4,1.01,3.25,280.0,71.0,37.15,4.61,,2.12,1.36,5.0,6.0,3.83,365.0,7.5,360.0,4.5,,4.12,22.95,15.45,2.02,11.05,12.0,17.05,79.0,6.0,149.75,31.9,22.8,11.0,3.0,1.27,23.0,14.95,0.29,7.14,30.0,128.5,3.0,169.72,187.29,1758.05,143.3,1.31,0.39,45.45,1500.0,8.0,3242.8,0.45,5.4,0.71,14.0,1915.0,1698.13,1328.57,,,,,,,,,,
2020-11-30,9.54,5.55,27.95,372.0,67.75,7.2,1.33,11.85,22.5,2.12,11.55,40.0,16.8,61.75,153.0,12.7,34.6,1.07,3.29,270.0,71.0,37.0,4.52,,2.15,1.44,5.0,6.0,3.83,365.0,7.16,360.0,4.5,,4.12,22.5,15.2,2.2,11.05,11.0,17.25,79.0,5.98,150.0,32.7,22.8,11.0,3.0,1.27,23.0,13.95,0.29,7.2,30.0,130.25,3.04,170.31,189.28,1759.93,145.2,1.38,0.4,45.5,1500.0,8.0,3264.15,0.45,5.46,0.71,13.5,1930.0,1705.91,1334.05,,,,,,,,,,
2020-12-01,9.78,5.55,28.1,375.0,67.75,7.02,1.3,12.8,22.5,2.07,11.55,38.3,16.8,61.75,153.0,12.7,35.05,1.07,3.16,270.0,71.0,37.2,4.52,,2.1,1.4,5.0,6.0,3.83,365.0,6.82,360.0,4.53,,4.12,21.7,15.4,2.3,11.05,11.0,17.3,77.25,5.92,150.0,32.3,22.8,11.0,3.0,1.33,23.0,13.95,0.28,6.56,30.0,130.25,3.04,170.37,188.58,1752.17,144.39,1.3,0.4,45.5,1500.0,8.0,3254.52,0.45,5.5,5.32,14.75,1930.0,1706.97,1333.06,,,,,,,,,,
2020-12-02,9.36,5.55,28.25,380.0,67.75,7.06,1.31,12.25,22.5,2.06,11.6,38.3,16.75,65.75,155.0,12.7,35.3,1.1,3.09,270.0,71.0,37.0,4.51,,2.09,1.39,5.0,6.0,3.83,365.0,7.36,360.0,4.53,,4.12,22.0,15.45,2.23,11.05,11.8,17.0,77.25,6.04,149.75,32.95,22.8,11.0,3.0,1.33,23.05,13.95,0.28,6.56,30.0,130.25,3.0,171.21,190.69,1760.98,146.22,1.31,0.38,45.65,1500.0,8.0,3282.34,0.45,5.5,5.2,14.75,1930.0,1720.29,1339.21,,,,,,,,,,
2020-12-03,9.7,5.55,29.05,380.5,63.5,7.06,1.32,11.8,22.0,2.06,11.65,37.9,16.25,65.0,155.0,12.7,35.4,1.04,3.05,270.0,71.0,37.0,4.84,,2.11,1.35,5.0,6.0,3.83,365.0,7.1,360.0,4.51,,4.12,22.9,15.2,2.4,11.05,11.8,17.05,79.25,6.46,148.0,33.0,22.8,11.0,3.0,1.31,23.05,13.95,0.29,7.0,30.45,131.0,2.7,172.23,191.28,1778.46,146.76,1.24,0.41,45.65,1500.0,8.08,3298.69,0.45,5.44,4.7,14.75,1955.0,1726.24,1340.21,,,,,,,,,,
2020-12-04,9.76,5.55,29.95,400.0,63.5,7.2,1.3,11.95,22.0,2.12,11.6,36.95,16.3,63.5,154.75,12.7,35.05,1.11,3.34,270.0,71.0,36.7,4.83,,2.16,1.34,5.0,6.0,3.83,365.0,7.1,360.0,4.49,,4.12,22.9,15.1,2.32,11.05,11.55,17.05,79.25,6.38,149.5,33.5,22.8,11.0,3.0,1.33,23.05,13.95,0.3,7.0,31.0,131.0,2.58,172.2,192.43,1786.42,148.12,1.24,0.41,46.0,1500.0,8.14,3312.97,0.45,5.42,4.3,15.0,1955.0,1727.72,1341.36,,,,,,,,,,
2020-12-07,9.78,5.55,29.9,390.25,63.5,7.2,1.32,11.95,22.0,2.15,11.65,36.95,16.55,65.0,154.0,12.7,34.75,1.15,3.3,270.0,71.0,36.9,4.74,,2.17,1.31,5.0,6.0,3.83,365.0,7.1,360.0,4.49,,4.12,23.3,15.1,2.5,11.05,11.55,17.5,78.5,6.52,148.5,33.0,22.8,11.0,3.0,1.21,23.5,13.95,0.3,6.7,31.0,130.5,2.58,171.56,190.95,1782.78,146.75,1.25,0.42,45.85,1500.0,7.96,3293.65,0.45,5.42,4.66,16.0,1890.0,1719.71,1331.53,,,,,,,,,,
2020-12-08,9.78,5.55,30.05,388.75,57.75,7.22,1.34,11.5,22.0,2.06,11.65,36.95,16.05,65.75,152.75,12.7,34.7,1.23,3.01,280.0,71.0,36.8,4.68,,2.17,1.29,5.0,6.0,3.83,365.0,7.1,360.0,4.86,,4.12,23.3,15.45,2.5,11.05,11.2,18.0,78.5,6.52,148.5,33.0,22.8,11.0,3.0,1.26,23.4,13.95,0.3,6.66,31.0,130.0,2.7,171.01,190.47,1780.3,146.57,1.25,0.41,44.05,1500.0,8.0,3286.09,0.45,5.5,4.79,16.35,1890.0,1715.75,1325.49,,,,,,,,,,
2020-12-09,9.7,5.55,32.9,388.75,57.75,7.1,1.33,11.5,22.0,2.07,11.55,36.7,16.05,66.5,155.0,12.7,34.7,1.13,3.08,285.0,71.0,36.95,4.68,,2.06,1.27,5.0,6.0,3.83,365.0,7.7,360.0,4.81,,4.12,23.15,15.35,2.39,11.05,11.2,17.5,75.0,6.46,146.5,32.95,22.8,12.05,3.15,1.28,24.0,13.95,0.29,6.66,31.0,132.0,2.64,171.17,190.7,1774.88,146.59,1.3,0.4,46.0,1500.0,8.02,3290.0,0.45,5.52,4.49,16.95,1890.0,1717.21,1326.62,,,,,,,,,,
2020-12-10,9.72,5.55,35.5,390.5,57.25,7.12,1.37,11.4,22.0,2.07,11.6,36.65,15.95,66.5,155.0,12.7,34.7,1.15,3.3,270.0,71.0,37.0,4.54,,2.07,1.24,5.0,6.0,3.83,365.0,7.7,360.0,4.82,,4.12,23.15,15.45,2.2,11.05,11.2,17.05,75.25,6.5,150.75,32.65,22.8,12.05,3.0,1.3,24.1,14.15,0.3,6.56,30.0,132.0,2.73,170.8,190.04,1782.06,145.97,1.31,0.41,46.0,1500.0,8.1,3280.47,0.45,5.6,4.62,18.35,1890.0,1714.84,1324.2,,,,,,,,,,
2020-12-11,9.56,5.55,38.9,390.0,60.0,7.2,1.37,11.8,23.0,2.06,11.7,36.4,15.75,69.25,154.75,12.1,35.0,1.19,3.08,270.0,71.0,37.0,4.61,,2.11,1.25,5.0,6.0,3.83,365.0,7.5,360.0,4.82,,4.12,23.3,15.35,2.2,11.05,11.2,17.1,75.25,6.18,150.0,32.95,22.8,12.65,3.0,1.31,24.1,14.15,0.3,7.2,30.0,132.0,2.99,171.44,191.13,1794.06,147.12,1.25,0.38,46.0,1500.0,8.18,3296.62,0.45,5.62,4.5,20.15,1890.0,1722.42,1330.05,,,,,,,,,,
2020-12-14,9.34,5.55,36.25,396.5,57.0,7.02,1.36,11.95,23.0,2.04,11.8,37.0,16.0,67.5,152.25,12.1,35.0,1.26,3.17,285.0,71.0,36.95,4.65,,2.19,1.25,5.0,6.0,3.83,365.0,7.5,360.0,4.85,,4.12,23.25,15.4,2.2,11.05,11.2,17.0,82.5,6.38,149.0,33.15,22.8,12.65,2.75,1.33,24.1,14.9,0.29,6.5,30.0,130.75,2.72,171.25,191.32,1796.64,147.48,1.25,0.4,46.0,1500.0,8.02,3306.25,0.45,5.52,4.33,18.4,2100.0,1723.97,1330.06,,,,,,,,,,
2020-12-15,9.34,5.55,32.7,392.25,57.0,7.06,1.33,11.85,23.0,2.07,11.7,37.0,15.85,67.5,151.5,12.7,35.0,1.38,3.17,285.0,71.0,36.9,4.56,,2.17,1.32,5.0,6.0,3.83,365.0,6.8,360.0,4.85,,4.12,23.3,15.4,2.2,11.05,12.0,17.55,79.75,6.4,148.5,33.05,22.8,12.05,2.73,1.33,23.3,14.9,0.3,6.6,30.0,130.75,2.6,170.81,190.8,1785.73,146.96,1.24,0.41,46.0,1500.0,8.18,3292.49,0.45,5.54,4.31,19.5,2100.0,1717.81,1325.3,,,,,,,,,,
2020-12-16,9.28,5.55,33.85,390.25,57.0,6.98,1.32,11.55,23.0,2.04,11.75,37.0,15.9,68.25,150.0,12.7,34.65,1.28,3.14,288.0,71.0,36.85,4.6,,2.2,1.43,5.0,6.0,3.83,365.0,7.04,360.0,4.54,,4.12,23.15,15.55,2.2,11.05,12.0,17.3,80.0,6.32,149.5,32.8,22.8,12.05,2.61,1.34,23.5,15.6,0.3,6.6,30.0,130.0,2.7,169.95,189.78,1795.05,146.23,1.25,0.41,46.05,1500.0,8.18,3277.32,0.45,5.6,4.71,19.45,2100.0,1708.34,1317.99,,,,,,,,,,
2020-12-17,9.2,5.55,34.75,390.0,57.0,7.24,1.3,11.7,23.0,2.01,11.7,37.0,15.85,67.5,150.25,12.7,34.0,1.28,3.27,285.0,71.0,36.9,4.57,,2.25,1.56,5.0,6.0,3.83,365.0,7.16,360.0,4.83,,4.12,23.4,15.3,2.2,11.05,10.85,17.9,80.0,6.0,147.25,32.9,22.8,12.05,2.73,1.33,23.4,15.6,0.3,6.6,31.0,130.0,2.7,169.52,189.58,1796.41,146.32,1.25,0.42,46.0,1500.0,7.88,3271.76,0.45,5.54,4.71,19.45,2100.0,1702.95,1313.83,,,,,,,,,,
2020-12-18,9.16,5.55,35.0,390.0,57.5,7.02,1.35,11.5,25.0,2.05,11.7,37.0,15.5,67.25,150.25,12.7,34.55,1.2,3.24,285.0,71.0,36.8,4.52,,2.25,1.54,5.0,6.0,3.83,365.0,7.36,360.0,4.8,,4.12,23.5,15.5,2.02,10.5,10.25,17.35,82.0,6.02,147.25,33.55,22.8,11.8,2.73,1.23,23.4,15.6,0.29,7.04,31.0,130.0,2.83,170.6,191.46,1796.88,148.04,1.25,0.42,45.2,1500.0,7.92,3298.82,0.45,5.58,4.62,18.4,2100.0,1715.95,1326.24,,,,,,,,,,
2020-12-21,9.2,5.55,36.5,390.0,57.5,7.32,1.3,11.55,25.0,2.11,11.75,37.0,15.5,67.25,150.25,12.7,34.6,1.18,3.26,285.0,71.0,36.75,4.7,,2.22,1.5,5.0,6.0,3.83,365.0,6.9,360.0,4.86,,4.12,23.85,15.85,2.0,10.5,10.25,17.5,82.75,6.06,146.5,33.3,22.8,12.05,2.8,1.34,23.4,15.5,0.3,7.04,31.0,135.0,2.83,171.13,191.03,1810.82,147.52,1.25,0.4,43.35,1500.0,8.1,3292.13,0.45,5.52,4.25,18.4,2100.0,1714.64,1329.41,,,,,,,,,,
2020-12-22,9.2,5.55,36.85,390.0,57.5,7.04,1.3,11.95,22.5,2.09,11.8,37.0,15.6,67.25,150.0,12.35,34.6,1.17,3.23,285.0,71.0,36.9,4.63,,2.31,1.5,5.0,6.0,3.83,370.0,7.5,360.0,4.81,,4.12,24.0,15.7,2.2,10.5,11.0,17.5,82.75,6.02,145.5,33.85,22.8,12.05,2.87,1.34,23.4,15.5,0.29,7.04,31.0,131.25,2.93,171.46,192.64,1812.0,149.06,1.24,0.43,44.5,1500.0,8.14,3315.26,0.45,5.58,4.46,19.0,2100.0,1723.08,1357.34,,,,,,,,,,
2020-12-23,9.24,5.55,37.05,390.0,57.5,7.06,1.3,12.05,22.0,2.14,11.85,37.0,15.5,71.0,155.0,12.5,34.6,1.2,3.24,285.0,71.0,36.9,4.54,,2.33,1.52,5.0,6.0,3.83,370.0,7.82,360.0,4.84,,4.12,23.95,15.85,2.0,10.5,11.0,17.6,82.75,6.0,145.0,34.0,22.8,12.05,3.08,1.34,23.5,15.5,0.3,7.1,31.5,131.0,2.99,172.45,193.79,1823.07,149.82,1.23,0.42,43.0,1500.0,8.28,3331.96,0.45,5.56,4.44,20.8,1955.0,1736.24,1373.99,,,,,,,,,,
2020-12-24,9.62,5.55,37.9,385.0,57.5,7.18,1.3,11.9,22.0,2.11,11.9,37.0,15.95,72.5,156.0,12.5,34.65,1.22,3.16,283.25,71.0,37.0,4.69,,2.36,1.56,5.0,6.0,3.83,370.0,7.82,360.0,4.85,,4.12,24.5,15.9,2.0,10.5,11.0,17.9,79.0,6.0,145.0,34.0,22.8,12.95,2.94,1.38,23.45,15.5,0.3,7.26,31.5,130.0,2.98,173.68,194.49,1839.51,150.18,1.25,0.42,43.4,1500.0,8.26,3344.26,0.45,5.56,4.28,20.8,1955.0,1741.6,1379.5,,,,,,,,,,
2020-12-28,9.42,5.55,37.7,389.5,57.5,6.94,1.36,12.15,22.0,2.1,11.9,37.0,16.0,73.5,153.0,12.5,35.0,1.23,3.2,285.0,71.0,37.55,4.5,,2.33,1.55,5.0,6.0,3.83,365.0,7.52,360.0,4.86,,4.12,24.1,15.7,2.0,10.5,11.0,17.1,80.0,6.0,145.0,34.1,21.0,12.95,2.94,1.49,24.0,15.0,0.29,7.26,31.5,130.0,2.98,173.55,194.87,1830.06,150.29,1.36,0.42,43.4,1500.0,8.24,3345.45,0.45,5.62,4.37,20.8,1975.0,1746.29,1381.94,,,,,,,,,,
2020-12-29,9.5,5.55,37.45,390.0,57.5,7.0,1.34,11.95,22.0,2.07,12.0,37.0,16.0,73.25,153.25,12.5,35.1,1.2,3.26,285.0,71.0,37.85,4.5,,2.36,1.56,5.0,6.0,3.83,365.0,7.6,360.0,4.89,,4.12,24.5,15.45,2.0,10.5,11.0,18.75,85.0,6.0,143.25,34.05,21.0,12.95,3.22,1.49,24.0,15.8,0.28,7.26,31.8,130.0,3.08,174.26,195.14,1838.84,150.6,1.37,0.4,45.0,1500.0,8.24,3363.65,0.45,5.6,4.56,20.9,1975.0,1754.85,1385.53,,,,,,,,,,
2020-12-30,9.48,5.55,37.5,383.25,63.0,6.96,1.31,11.95,22.0,2.12,12.1,37.0,16.05,73.5,154.0,12.5,36.3,1.26,3.21,279.5,78.0,38.1,4.5,,2.36,1.68,5.0,6.0,3.83,365.0,7.7,360.0,4.89,,4.12,24.85,15.75,2.0,10.5,11.0,18.75,85.0,6.0,145.0,34.0,21.0,12.95,3.2,1.45,24.0,16.85,0.3,7.26,31.8,130.25,3.38,176.06,196.16,1853.06,150.97,1.3,0.41,46.0,1500.0,8.24,3385.77,0.45,5.62,4.43,20.5,1975.0,1770.26,1395.15,,,,,,,,,,
2020-12-31,9.66,5.55,37.85,361.0,63.0,7.26,1.38,12.1,22.0,2.13,12.5,38.0,16.05,75.0,154.25,12.5,36.55,1.2,3.32,284.0,78.0,38.1,4.71,,2.32,1.71,5.0,6.0,3.83,365.0,7.7,360.0,4.88,,4.12,26.75,15.45,2.2,10.5,11.0,19.5,85.0,6.0,144.25,34.25,22.5,12.95,3.25,1.45,24.0,16.0,0.28,7.28,31.8,130.25,3.61,178.15,197.58,1868.39,152.11,1.23,0.42,45.0,1500.0,8.16,3415.24,0.45,5.64,4.28,20.5,1975.0,1781.3,1404.48,,,,,,,,,,
2021-01-04,9.52,5.55,39.95,361.0,63.0,7.0,1.4,12.1,22.0,2.11,12.55,38.0,16.45,76.75,154.0,12.5,36.25,1.27,3.14,275.75,78.0,38.4,4.67,,2.31,1.71,5.0,6.0,3.83,365.0,7.7,360.0,4.87,,4.12,26.6,15.3,2.2,10.5,11.0,19.5,85.0,6.0,144.5,34.25,22.5,13.0,3.25,1.48,24.0,16.0,0.28,7.3,31.8,129.75,3.61,177.94,197.7,,152.04,1.23,0.42,44.85,,8.3,,0.45,5.84,4.65,20.5,,,,,,,,,,,,,
2021-01-05,9.44,5.55,38.2,385.0,63.0,7.12,1.45,12.25,22.5,2.16,12.5,38.0,17.1,76.25,155.0,12.5,36.05,1.23,3.3,285.0,78.0,38.5,4.76,,2.33,1.71,5.0,6.0,3.83,365.0,7.5,360.0,4.75,,4.12,25.75,15.1,2.2,10.5,11.0,19.5,85.0,6.0,144.5,34.4,22.5,13.0,3.25,1.5,24.4,16.0,0.28,7.28,31.8,130.0,3.61,177.98,198.26,,152.49,1.25,0.41,43.5,,8.4,,0.45,5.68,4.48,20.5,,,,,,,,,,,,,
2021-01-06,9.44,5.55,38.5,385.0,63.0,7.0,1.45,12.15,24.0,2.12,12.6,38.0,17.05,76.75,155.5,12.5,36.0,1.18,3.38,290.0,78.0,38.5,4.55,,2.39,1.71,5.0,6.0,3.83,365.0,7.4,360.0,4.71,,4.12,25.05,15.45,2.06,10.5,11.0,18.95,80.25,5.96,141.25,35.0,21.0,12.0,3.44,1.51,24.4,16.0,0.3,7.28,31.8,128.25,3.51,178.29,199.7,,153.82,1.33,0.4,45.0,,8.38,,0.45,6.22,4.65,20.5,,,,,,,,,,,,,
2021-01-07,9.4,5.55,38.5,390.0,63.0,7.26,1.31,12.3,24.0,2.15,12.85,38.0,17.25,76.75,158.0,13.5,36.0,1.19,3.33,290.0,78.0,38.0,4.52,,2.41,1.73,5.0,6.0,3.83,365.0,7.7,360.0,4.71,,4.12,25.55,15.4,2.06,10.5,10.8,18.95,80.25,6.06,139.75,34.95,22.5,12.0,3.57,1.5,24.05,16.0,0.28,7.32,31.8,128.0,3.54,178.63,199.69,,153.94,1.3,0.38,45.5,,8.38,,0.45,6.24,4.55,20.5,,,,,,,,,,,,,
2021-01-11,9.46,5.55,40.0,390.0,63.0,7.08,1.35,12.35,24.0,2.11,13.1,40.0,17.55,77.0,154.5,13.5,36.0,1.2,3.36,291.5,78.0,38.0,4.63,,2.5,1.77,5.0,6.0,3.83,365.0,7.88,360.0,4.75,,4.12,25.75,15.1,2.27,10.5,10.25,19.85,80.25,6.3,140.0,34.95,22.5,12.5,3.67,1.42,24.0,16.9,0.3,7.28,31.8,130.0,3.62,178.69,199.7,,153.92,1.37,0.4,45.0,,8.24,,0.45,6.46,4.3,19.0,,,,,,,,,,,,,
2021-01-12,9.5,5.55,40.0,388.75,62.75,7.14,1.4,12.3,24.0,2.1,13.15,40.0,17.65,77.5,154.0,13.5,36.1,1.19,3.4,291.75,80.0,37.95,4.64,,2.68,1.77,5.0,6.0,3.83,365.0,7.9,360.0,4.8,,4.12,25.5,15.15,2.4,10.5,10.25,19.8,79.25,6.3,140.0,34.9,22.5,12.0,3.8,1.45,24.5,17.35,0.27,7.28,31.8,130.0,3.61,178.75,199.64,,153.88,1.32,0.4,45.9,,8.48,,0.45,6.28,4.57,19.0,,,,,,,,,,,,,
2021-01-13,9.42,5.55,41.35,385.75,57.25,7.32,1.36,12.6,24.0,2.12,13.05,40.0,17.6,77.5,152.5,13.5,36.7,1.15,3.54,290.0,80.0,37.9,4.68,,2.7,1.75,5.0,6.0,3.83,365.0,7.88,360.0,4.87,,4.12,25.5,15.75,2.4,10.5,10.25,18.8,79.25,6.3,140.0,35.1,22.5,13.0,3.67,1.45,23.95,17.35,0.27,7.28,31.0,130.5,3.6,179.16,200.34,,154.53,1.37,0.38,46.0,,8.5,,0.45,6.42,4.38,20.5,,,,,,,,,,,,,
2021-01-14,9.4,5.55,43.9,390.0,62.0,7.46,1.4,12.1,24.0,2.13,12.95,39.0,18.0,77.25,151.25,13.5,36.95,1.09,3.61,290.0,80.0,37.2,4.73,,2.55,1.76,5.0,6.0,3.83,370.0,7.86,360.0,4.83,,4.12,25.35,15.55,2.26,10.5,10.25,19.55,87.0,6.3,140.0,36.5,22.5,13.2,3.45,1.44,23.9,16.0,0.26,7.2,31.0,130.5,3.6,179.87,203.74,,158.26,1.37,0.39,46.0,,8.14,,0.45,6.32,4.56,20.5,,,,,,,,,,,,,
2021-01-15,9.5,5.55,45.1,389.5,60.75,7.46,1.39,12.0,24.0,2.15,12.9,39.0,17.4,77.0,151.25,13.5,36.9,1.19,3.64,290.0,80.0,36.9,4.8,,2.64,1.73,5.0,6.0,3.83,370.0,8.0,360.0,4.53,,4.12,25.5,15.5,2.39,10.4,10.25,17.8,80.5,6.3,139.75,36.55,22.5,13.2,3.16,1.36,23.9,17.0,0.24,7.2,32.0,133.0,3.31,179.7,203.72,,158.19,1.37,0.36,45.85,,8.5,,0.45,6.14,4.5,20.5,,,,,,,,,,,,,
2021-01-18,9.5,5.55,45.15,390.0,60.75,7.1,1.37,12.05,24.0,2.14,13.0,39.5,17.1,77.0,151.0,13.5,36.7,1.19,3.67,286.75,80.0,36.55,4.84,,2.5,1.64,5.0,6.0,3.83,370.0,7.2,360.0,4.9,,4.12,25.5,15.45,2.38,10.4,10.25,17.95,84.75,6.26,139.75,36.35,22.3,13.2,3.16,1.34,23.7,17.0,0.25,7.2,32.0,130.0,3.6,178.88,202.75,,157.56,1.35,0.39,45.85,,8.5,,0.45,6.32,4.51,20.5,,,,,,,,,,,,,
2021-01-19,9.5,5.55,44.85,394.0,60.0,7.32,1.39,12.15,23.0,2.13,12.95,40.0,17.0,76.5,151.0,13.85,36.55,1.17,3.69,286.75,80.0,35.95,4.77,,2.46,1.55,5.0,6.0,3.83,370.0,7.32,360.0,4.89,,4.12,25.5,15.6,2.39,10.4,10.25,17.0,80.0,6.28,139.75,36.4,22.3,13.95,2.95,1.42,24.0,17.45,0.27,7.2,29.55,130.0,3.73,178.01,202.25,,157.16,1.37,0.4,44.0,,8.52,,0.45,6.18,4.66,18.5,,,,,,,,,,,,,
2021-01-20,9.5,5.55,42.0,394.0,60.0,7.48,1.35,12.0,23.0,2.13,12.85,39.35,17.15,75.25,150.25,13.85,37.25,1.09,3.89,286.75,79.5,35.75,4.72,,2.44,1.65,5.0,6.0,3.83,370.0,7.32,360.0,4.54,,4.12,25.5,15.5,2.39,10.4,10.25,17.0,74.0,6.14,139.5,35.85,22.3,13.2,2.95,1.34,24.0,17.45,0.25,7.2,29.55,130.5,3.73,177.75,200.73,,155.64,1.37,0.39,46.0,,8.5,,0.45,6.06,4.69,18.5,,,,,,,,,,,,,
2021-01-21,9.48,5.55,45.3,392.0,60.0,7.36,1.34,11.9,24.0,2.15,12.85,38.0,16.9,72.0,150.25,13.85,37.15,1.03,3.9,280.5,79.25,36.4,4.71,,2.46,1.67,5.0,6.0,3.83,370.0,7.4,360.0,4.5,,4.12,25.45,15.5,2.39,10.4,10.25,17.35,77.0,6.34,139.0,35.3,22.5,13.2,3.16,1.44,23.3,17.0,0.27,6.5,29.55,130.5,3.73,177.61,199.54,,154.17,1.35,0.39,44.5,,8.5,,0.45,6.2,4.71,18.5,,,,,,,,,,,,,
2021-01-22,9.46,5.55,46.05,397.75,58.0,7.52,1.36,11.9,24.0,2.15,12.6,38.0,16.35,73.0,150.0,13.85,37.2,1.03,3.89,280.0,79.0,36.0,4.64,,2.51,1.67,5.0,6.0,3.83,370.0,7.42,360.0,4.64,,4.12,25.4,15.05,2.39,10.4,11.25,17.05,77.75,6.3,138.75,35.55,22.5,14.0,3.16,1.44,23.5,16.05,0.27,7.14,29.55,132.0,3.73,177.03,199.85,,154.84,1.37,0.4,46.0,,8.5,,0.45,6.3,4.73,18.5,,,,,,,,,,,,,
2021-01-25,9.36,5.55,46.35,400.0,58.0,7.5,1.38,11.45,24.0,2.14,12.65,40.0,15.7,73.0,149.0,13.85,36.85,1.04,3.76,280.0,80.0,35.95,4.68,,2.49,1.66,5.0,6.0,3.83,365.0,7.48,360.0,4.35,,4.12,25.35,15.05,2.39,10.4,11.25,17.0,77.75,6.22,139.0,36.45,21.0,13.8,3.16,1.34,25.0,15.6,0.28,7.4,32.0,130.0,3.75,177.22,201.9,,157.07,1.35,0.39,46.45,,8.46,,0.45,6.22,4.87,18.5,,,,,,,,,,,,,
2021-01-26,9.34,5.55,46.0,400.25,58.0,7.4,1.34,11.5,24.0,2.11,12.7,40.0,16.05,75.0,148.25,13.85,36.75,1.07,3.69,280.0,79.0,35.95,4.85,,2.5,1.61,5.0,6.0,3.83,365.0,7.44,360.0,4.35,,4.12,25.3,15.05,2.39,10.4,11.25,17.05,79.75,6.3,139.75,36.55,20.55,13.5,3.17,1.44,25.6,14.85,0.28,7.4,32.0,137.0,3.75,177.33,202.26,,157.45,1.37,0.41,46.5,,8.4,,0.45,6.18,5.14,18.5,,,,,,,,,,,,,
2021-01-27,9.1,5.55,45.85,405.0,58.0,7.42,1.31,11.55,24.0,2.14,12.65,40.0,17.0,75.0,148.5,13.85,36.75,1.05,3.75,278.5,79.0,35.9,4.93,,2.49,1.59,5.0,6.0,3.83,365.0,7.44,360.0,4.36,,4.12,24.75,15.15,2.4,10.4,11.25,17.0,79.75,6.28,139.0,36.4,20.55,13.5,3.17,1.43,24.1,15.6,0.28,7.12,32.0,137.0,3.75,176.96,201.76,,156.95,1.35,0.38,46.5,,8.4,,0.45,6.18,5.28,18.5,,,,,,,,,,,,,
2021-01-28,9.14,5.55,45.7,406.0,58.0,7.46,1.4,11.75,22.0,2.13,12.6,40.0,17.05,75.0,150.75,13.85,36.5,1.05,3.84,280.0,78.0,35.9,5.12,,2.5,1.51,5.0,6.0,3.83,365.0,7.5,360.0,4.77,,4.12,24.75,14.75,2.31,10.4,10.2,17.85,79.75,6.4,138.5,36.2,20.5,13.5,3.0,1.43,23.8,15.6,0.28,7.04,32.0,137.0,3.71,177.05,201.37,,156.56,1.36,0.38,46.5,,8.4,,0.45,6.18,5.62,18.5,,,,,,,,,,,,,
2021-01-29,9.32,5.55,42.05,406.25,58.0,7.46,1.4,12.0,22.0,2.07,12.6,40.0,17.05,76.0,149.75,13.85,36.5,1.04,3.86,280.0,78.0,35.85,5.18,,2.47,1.5,5.0,6.0,3.83,365.0,7.5,360.0,4.71,,4.12,24.75,14.9,2.4,10.4,10.2,17.85,80.0,6.3,138.5,35.85,20.5,13.0,3.0,1.39,23.8,15.65,0.28,6.66,32.0,137.0,3.7,176.68,200.26,,155.59,1.28,0.36,47.0,,8.44,,0.45,6.2,5.58,18.5,,,,,,,,,,,,,
2021-02-01,9.04,5.55,41.95,408.5,58.0,7.5,1.39,11.75,22.0,2.1,12.5,40.0,16.9,70.0,152.25,13.85,37.2,1.03,3.74,279.75,78.0,35.75,5.14,,2.46,1.61,5.0,6.0,3.83,365.0,7.5,360.0,4.69,,4.12,24.75,14.55,2.2,10.4,10.2,17.0,80.0,6.3,139.0,35.15,20.5,12.6,2.99,1.34,23.6,15.65,0.29,6.96,31.15,135.75,3.7,176.54,198.51,,153.78,1.28,0.36,46.3,,8.4,,0.45,6.2,5.66,18.5,,,,,,,,,,,,,
2021-02-02,8.9,5.55,42.05,415.0,58.0,7.5,1.41,11.75,22.0,2.1,12.55,38.45,16.9,70.0,154.75,13.85,37.25,1.11,3.74,279.75,78.0,35.7,5.1,,2.5,1.54,5.0,6.0,3.83,365.0,7.48,360.0,4.7,,4.12,24.9,14.7,2.4,10.4,10.2,16.65,79.0,6.3,137.25,35.55,19.0,11.75,2.9,1.34,23.6,16.0,0.29,6.7,32.0,136.25,3.9,177.29,199.86,,154.84,1.35,0.39,46.3,,8.44,,0.45,6.1,5.44,18.5,,,,,,,,,,,,,
2021-02-03,9.18,5.55,41.3,414.75,58.0,7.52,1.4,12.0,22.0,2.13,12.0,40.0,16.85,70.0,156.75,13.85,37.2,1.09,3.89,272.75,78.0,36.4,5.04,,2.42,1.5,5.0,6.0,3.83,370.0,7.48,360.0,4.68,,4.12,25.0,14.05,2.35,10.4,10.3,17.3,79.0,6.24,137.75,36.45,19.0,12.0,2.9,1.32,23.3,16.5,0.28,6.7,32.0,136.75,3.83,178.75,202.85,,157.22,1.36,0.37,44.55,,9.1,,0.45,6.04,5.66,19.0,,,,,,,,,,,,,
2021-02-04,9.1,5.55,40.25,415.0,58.0,7.5,1.41,12.1,22.0,2.14,12.0,40.0,17.25,69.75,162.75,13.85,37.2,1.1,3.71,272.5,78.0,36.5,4.93,,2.46,1.6,5.0,6.0,3.83,370.0,7.48,360.0,4.6,,4.12,24.3,13.35,2.35,10.4,10.3,16.5,79.25,6.18,136.0,36.85,18.5,12.0,2.9,1.3,23.5,15.5,0.28,6.7,32.0,134.25,3.9,179.89,204.38,,158.33,1.36,0.35,44.2,,8.98,,0.45,6.04,5.22,19.0,,,,,,,,,,,,,
2021-02-05,9.26,5.55,41.65,420.75,60.0,7.54,1.42,12.15,22.0,2.1,12.2,40.0,17.25,68.5,165.25,13.85,37.25,1.11,3.62,272.0,78.0,37.05,4.89,,2.43,1.55,5.0,6.0,3.83,370.0,7.9,360.0,4.7,,4.12,24.5,13.0,2.35,10.4,10.0,16.5,79.5,6.0,137.0,36.2,19.0,11.75,3.01,1.36,23.35,15.15,0.28,6.7,32.0,135.0,3.9,180.5,203.49,,157.11,1.37,0.35,44.15,,8.58,,0.45,6.0,5.64,19.0,,,,,,,,,,,,,
2021-02-08,9.18,5.55,40.35,420.0,60.0,7.42,1.45,11.85,22.0,2.1,12.5,40.0,17.3,69.75,169.75,13.85,37.05,1.12,3.31,270.0,78.0,37.45,5.04,,2.44,1.61,5.0,6.0,3.83,365.0,7.58,360.0,4.6,,4.12,24.35,12.8,2.35,10.4,10.2,17.1,87.25,6.1,136.75,35.95,19.0,11.5,2.91,1.36,23.5,14.5,0.28,7.0,32.0,134.5,3.8,181.5,203.61,,157.06,1.3,0.36,45.0,,8.38,,0.45,5.98,5.7,19.0,,,,,,,,,,,,,
2021-02-09,9.3,5.55,41.3,420.0,60.0,7.04,1.43,11.95,22.0,2.08,12.5,40.0,17.3,68.25,170.25,12.5,37.15,1.15,3.39,276.0,78.0,37.5,4.94,,2.41,1.59,5.0,6.0,3.83,370.0,7.48,360.0,4.6,,4.12,24.35,12.65,2.15,10.4,10.2,16.55,87.25,6.0,136.75,36.6,19.0,11.5,3.02,1.36,23.5,15.5,0.28,7.0,32.0,135.0,3.8,182.38,205.52,,158.68,1.3,0.35,42.1,,8.8,,0.45,6.0,5.14,20.4,,,,,,,,,,,,,
2021-02-10,9.36,5.55,41.5,420.0,59.75,7.2,1.43,12.0,22.0,2.19,12.55,40.0,17.45,68.25,177.5,12.5,37.5,1.15,3.5,276.5,78.0,37.5,4.82,,2.46,1.57,5.0,6.0,3.83,370.0,7.48,360.0,4.64,,4.12,24.45,13.85,2.15,10.4,10.2,18.0,85.0,5.94,135.0,36.4,19.0,11.3,3.0,1.36,23.5,14.55,0.28,6.9,32.0,135.0,3.8,183.9,205.99,,158.6,1.3,0.35,42.15,,8.64,,0.45,6.0,5.04,20.4,,,,,,,,,,,,,
2021-02-11,9.4,5.55,40.65,424.25,59.25,7.04,1.46,12.0,22.0,2.13,12.7,40.0,17.5,69.0,177.25,12.5,37.8,1.1,3.49,276.0,78.0,37.75,4.82,,2.49,1.55,5.0,6.0,3.83,370.0,7.48,360.0,4.79,,4.12,24.25,12.9,2.28,10.4,10.2,18.1,85.0,5.96,135.0,37.8,19.0,11.3,3.0,1.35,25.6,14.5,0.27,6.9,32.0,134.75,4.0,185.91,210.26,,162.5,1.35,0.36,44.0,,8.6,,0.45,6.04,4.98,20.4,,,,,,,,,,,,,
2021-02-12,9.6,5.55,38.85,425.0,59.25,7.3,1.47,11.85,24.0,2.12,12.7,40.0,17.5,69.0,175.0,12.5,37.85,1.11,3.5,276.0,78.0,38.0,4.81,,2.46,1.53,5.0,6.0,3.83,370.0,7.48,360.0,4.79,,4.12,24.45,13.5,2.28,10.4,10.2,18.3,85.0,5.96,135.0,38.35,19.0,11.3,3.0,1.35,23.7,14.5,0.28,6.8,32.0,135.0,3.8,186.65,211.81,,164.02,1.26,0.36,45.0,,8.82,,0.45,6.0,5.2,20.5,,,,,,,,,,,,,
2021-02-15,9.6,5.55,39.25,425.0,59.25,7.2,1.42,11.5,24.0,2.14,12.6,40.0,17.4,69.5,175.5,12.5,38.0,1.12,3.48,280.0,78.0,38.05,4.89,,2.45,1.52,5.0,6.0,3.83,370.0,7.46,360.0,4.79,,4.12,24.15,13.1,2.12,10.4,10.2,18.3,85.0,5.94,135.0,39.05,19.0,10.6,3.0,1.36,24.0,14.5,0.28,6.84,32.0,135.0,3.8,187.48,213.85,,165.79,1.26,0.37,43.55,,8.6,,0.45,6.0,4.86,20.5,,,,,,,,,,,,,
2021-02-16,9.54,5.55,39.65,437.0,59.25,7.2,1.42,12.1,24.0,2.15,12.45,40.0,17.4,69.0,174.5,12.5,39.0,1.07,3.46,270.0,85.0,38.6,4.85,,2.45,1.47,5.0,6.0,3.83,370.0,7.5,360.0,4.79,,4.12,24.05,13.05,2.2,10.4,10.0,17.3,82.0,5.96,135.0,38.5,19.0,10.05,3.0,1.36,24.35,14.5,0.29,6.6,32.0,135.0,3.8,187.9,213.22,,164.48,1.35,0.37,43.15,,8.48,,0.45,6.0,4.71,21.0,,,,,,,,,,,,,
2021-02-17,9.58,5.55,38.95,437.0,59.25,7.08,1.41,11.75,24.0,2.12,12.45,39.0,17.45,69.5,173.0,12.5,38.55,1.01,3.45,270.0,84.0,38.85,4.81,,2.46,1.45,5.0,6.0,3.83,370.0,7.46,360.0,4.79,,4.12,24.15,13.15,2.01,10.4,10.0,17.55,80.75,5.98,135.0,38.75,19.0,10.1,3.0,1.35,25.0,14.9,0.28,6.62,32.0,135.0,3.77,187.73,213.65,,165.04,1.29,0.36,45.0,,8.46,,0.45,6.0,4.59,21.0,,,,,,,,,,,,,
2021-02-18,9.6,5.55,39.0,439.75,60.0,7.0,1.33,11.5,24.0,2.07,12.55,40.0,17.4,69.0,173.0,12.5,38.35,1.07,3.45,265.25,80.0,39.0,4.74,,2.48,1.47,5.0,6.0,3.83,370.0,7.46,360.0,4.79,,4.12,24.1,13.0,2.0,10.4,10.0,18.0,84.0,5.94,135.0,38.45,19.0,10.1,3.28,1.35,25.0,15.0,0.28,6.68,29.55,135.0,3.5,187.38,212.83,,164.31,1.31,0.36,45.0,,8.44,,0.45,6.04,4.76,21.0,,,,,,,,,,,,,
2021-02-19,9.62,5.55,40.05,484.75,58.0,7.0,1.41,11.85,24.0,2.12,12.8,40.0,17.25,70.75,171.0,12.5,38.45,1.01,3.51,265.25,84.0,39.5,4.7,,2.48,1.49,5.0,6.0,3.83,370.0,7.46,360.0,4.66,,4.12,24.05,13.05,2.0,10.4,9.5,18.0,84.0,5.6,135.0,38.75,19.0,10.1,3.6,1.36,25.0,15.0,0.27,6.72,29.5,135.0,3.7,188.14,214.59,,165.55,1.34,0.37,44.8,,8.56,,0.45,6.2,4.64,21.0,,,,,,,,,,,,,
2021-02-22,9.72,5.55,40.1,492.25,59.0,7.06,1.43,11.95,24.0,2.13,12.8,40.0,17.05,77.0,169.25,12.5,38.2,1.1,3.45,266.0,81.0,39.3,4.7,,2.47,1.42,5.0,6.0,3.83,370.0,7.9,360.0,4.69,,4.12,24.25,13.05,2.0,10.4,9.5,18.3,80.0,5.1,135.0,38.9,19.0,9.8,3.6,1.34,25.0,15.0,0.29,6.6,29.5,135.0,3.7,187.66,214.91,,165.86,1.34,0.39,45.0,,8.38,,0.45,6.8,4.74,21.0,,,,,,,,,,,,,
2021-02-23,9.78,5.55,40.05,499.75,59.0,7.02,1.39,11.85,24.0,2.15,12.8,39.45,17.0,75.0,168.5,13.35,38.2,1.03,3.62,265.0,81.0,38.75,4.67,,2.46,1.45,5.0,6.0,3.83,370.0,8.0,360.0,4.65,,4.12,23.65,13.3,1.97,10.4,9.5,19.45,80.0,5.42,134.5,39.0,18.0,9.88,3.5,1.34,24.0,15.55,0.29,6.78,29.5,135.0,3.7,186.98,214.63,,165.89,1.32,0.37,43.45,,8.68,,0.45,6.48,4.74,21.45,,,,,,,,,,,,,
2021-02-24,9.84,5.55,39.95,498.5,59.0,7.0,1.31,11.95,24.0,2.1,13.0,39.0,17.0,70.25,168.0,13.35,37.95,1.11,3.61,264.5,84.0,38.4,4.66,,2.49,1.45,5.0,6.0,3.83,370.0,8.0,360.0,4.31,,4.12,24.45,13.4,2.0,10.4,9.5,19.55,80.0,5.48,134.75,39.0,18.0,9.8,3.5,1.3,24.0,15.65,0.28,6.6,29.1,135.0,3.7,186.89,214.15,,165.85,1.33,0.36,45.0,,8.2,,0.45,6.4,4.44,21.45,,,,,,,,,,,,,
2021-02-25,9.74,5.55,41.3,489.5,59.0,7.16,1.32,12.0,24.0,2.23,12.9,39.5,16.6,69.75,165.75,13.0,37.95,1.11,3.53,265.25,84.0,38.1,4.63,,2.55,1.45,5.0,6.0,3.83,370.0,8.04,360.0,4.65,,4.12,24.45,14.65,2.16,10.4,9.5,18.15,84.0,5.72,134.75,39.0,18.8,9.8,3.5,1.22,25.0,16.0,0.28,6.6,32.0,134.0,3.7,186.05,213.57,,165.64,1.33,0.38,42.6,,8.5,,0.45,6.26,4.31,21.9,,,,,,,,,,,,,
2021-02-26,9.72,5.55,41.95,489.5,58.0,7.28,1.35,12.15,24.0,2.3,13.05,39.5,16.95,69.25,166.0,13.0,37.9,1.08,3.49,266.0,85.0,38.75,4.69,,2.49,1.48,5.0,6.0,3.83,370.0,8.04,360.0,4.6,,4.12,24.5,16.1,1.99,10.4,9.32,18.05,83.0,5.88,134.75,38.75,18.0,9.58,3.5,1.14,24.4,16.0,0.28,6.8,32.0,134.5,3.7,186.74,213.53,,165.39,1.33,0.4,44.95,,8.6,,0.45,6.6,4.26,21.9,,,,,,,,,,,,,
2021-03-01,9.64,5.55,40.05,484.0,58.0,7.3,1.3,12.5,24.0,2.14,13.0,39.5,16.9,70.0,167.5,13.75,37.9,1.11,3.47,266.0,85.0,38.8,4.66,,2.48,1.45,5.0,6.0,3.83,371.0,7.7,360.0,4.44,,4.12,24.45,17.7,2.0,10.4,9.32,18.0,83.0,5.84,134.5,38.7,18.0,10.0,3.5,1.22,24.7,17.0,0.27,6.8,32.0,133.75,4.0,186.8,213.38,,165.2,1.3,0.38,44.95,,8.32,,0.45,6.44,4.08,21.9,,,,,,,,,,,,,
2021-03-02,9.56,5.55,39.3,487.0,57.0,7.2,1.3,12.25,24.0,2.23,13.05,39.5,16.95,70.5,167.25,13.75,38.0,1.11,3.4,265.25,85.0,38.7,4.66,,2.6,1.44,5.0,6.0,3.83,365.0,7.88,360.0,4.65,,4.12,25.05,19.45,2.0,10.4,8.68,18.0,82.0,5.74,134.5,38.6,18.5,10.0,3.5,1.22,24.4,17.0,0.28,6.68,31.0,130.0,4.0,187.04,213.27,,164.92,1.3,0.38,44.9,,8.3,,0.45,6.3,4.04,21.0,,,,,,,,,,,,,
2021-03-03,9.56,5.55,40.05,484.0,57.0,7.06,1.36,12.3,24.0,2.28,13.05,39.5,16.8,70.5,167.0,13.0,37.85,1.08,3.45,265.0,85.0,38.35,4.69,,2.61,1.41,5.0,6.0,3.83,365.0,7.24,360.0,4.4,,4.12,26.5,21.25,1.98,10.4,8.82,18.0,83.75,5.7,134.75,38.0,18.5,10.55,3.5,1.3,24.95,16.05,0.27,6.8,31.0,130.25,4.0,186.56,211.57,,163.43,1.3,0.38,44.6,,8.5,,0.45,6.58,4.14,21.0,,,,,,,,,,,,,
2021-03-04,9.54,5.55,40.95,482.25,60.0,7.06,1.34,12.05,26.0,2.25,13.05,39.5,16.85,71.75,167.0,13.0,37.85,1.1,3.49,265.0,85.0,37.95,4.68,,2.68,1.4,5.0,6.0,3.83,365.0,7.7,360.0,4.4,,4.12,24.7,23.05,2.0,10.4,8.76,18.0,83.0,5.58,134.75,37.85,19.0,10.8,3.31,1.3,24.95,16.0,0.27,6.52,31.0,130.25,4.05,185.46,210.67,,162.79,1.3,0.38,44.6,,8.5,,0.45,6.8,4.06,21.0,,,,,,,,,,,,,
2021-03-05,9.6,5.55,40.3,480.5,60.0,7.12,1.3,12.3,26.0,2.22,13.0,39.4,16.65,71.75,169.0,13.0,38.05,1.1,3.45,270.0,85.0,38.2,4.63,,2.62,1.38,5.0,6.0,3.83,365.0,8.08,360.0,4.25,,4.12,25.9,25.35,2.0,10.4,8.38,18.0,84.5,5.46,134.5,37.3,19.0,11.15,3.24,1.21,23.5,16.0,0.26,6.5,31.0,133.0,4.0,186.06,209.8,,161.67,1.24,0.38,44.05,,8.24,,0.45,6.7,4.14,21.0,,,,,,,,,,,,,
2021-03-08,9.58,5.55,40.45,476.75,61.75,7.08,1.3,12.05,23.4,2.16,12.85,39.3,16.65,74.75,168.5,13.0,38.0,1.02,3.47,270.0,85.0,38.15,4.69,,2.63,1.41,5.0,6.0,3.83,365.0,8.88,360.0,4.25,,4.12,24.85,23.9,2.0,10.4,8.6,18.15,84.5,5.4,134.5,35.9,20.35,11.6,3.25,1.2,23.15,16.05,0.25,6.6,31.0,135.0,4.28,183.85,205.69,,157.92,1.3,0.38,44.95,,8.34,,0.45,6.66,4.15,21.0,,,,,,,,,,,,,
2021-03-09,9.5,5.55,39.05,483.75,60.0,7.24,1.3,12.1,22.15,2.18,12.65,39.0,16.75,74.75,170.0,13.0,38.05,1.12,3.49,269.0,78.25,38.9,4.69,,2.63,1.41,5.0,6.0,3.83,365.0,9.58,360.0,4.4,,4.12,24.4,21.6,2.0,10.4,8.6,17.05,83.0,5.34,134.5,36.15,20.35,11.7,3.2,1.26,23.5,17.3,0.26,6.6,29.0,130.0,4.28,184.56,206.88,,158.6,1.34,0.36,44.15,,8.46,,0.45,6.56,4.13,21.0,,,,,,,,,,,,,
2021-03-10,9.44,5.55,39.8,481.5,60.0,7.14,1.3,12.05,22.15,2.16,12.85,39.7,16.7,75.0,174.75,13.0,38.65,1.1,3.46,266.0,78.25,39.15,4.65,,2.66,1.4,5.0,6.0,3.83,365.0,10.3,360.0,4.4,,4.12,24.0,19.6,2.16,10.4,8.6,18.0,83.0,5.26,134.25,37.55,20.35,11.9,3.2,1.2,23.5,17.95,0.27,6.8,29.0,133.0,4.28,187.47,211.7,,162.7,1.33,0.37,44.15,,8.18,,0.45,6.52,4.2,21.0,,,,,,,,,,,,,
2021-03-11,9.4,5.55,38.85,481.5,60.0,7.14,1.3,11.95,22.15,2.16,12.9,39.7,16.6,75.0,175.5,13.0,39.35,1.1,3.37,266.0,78.25,39.25,4.63,,2.68,1.39,5.0,6.0,3.83,365.0,10.25,360.0,4.4,,4.12,24.1,18.1,2.25,10.4,8.58,18.0,83.0,5.4,134.5,37.55,20.35,12.3,3.2,1.12,24.0,18.0,0.28,6.8,29.0,133.0,4.28,188.31,212.26,,162.85,1.33,0.38,43.15,,8.5,,0.45,6.54,4.04,21.0,,,,,,,,,,,,,
2021-03-12,9.42,5.55,39.1,484.5,60.0,7.18,1.31,11.75,22.15,2.29,12.95,39.7,16.6,75.25,175.25,13.05,40.0,1.05,3.41,261.75,78.25,39.95,4.61,,2.6,1.39,5.0,6.0,3.83,365.0,9.62,360.0,4.35,,4.12,24.85,19.55,2.25,10.4,8.0,17.5,83.0,5.42,134.5,37.1,20.35,12.45,3.2,1.2,25.0,17.95,0.28,6.8,29.0,132.5,4.28,189.48,212.14,,162.08,1.28,0.38,43.0,,8.3,,0.45,6.78,4.17,21.0,,,,,,,,,,,,,
2021-03-15,9.36,5.55,39.8,480.0,60.0,7.2,1.29,11.6,22.15,2.22,12.85,39.7,16.4,75.0,175.0,13.0,40.0,1.05,3.48,270.0,78.25,39.65,4.68,,2.59,1.38,5.0,6.0,3.83,365.0,8.74,360.0,4.65,,4.12,24.25,21.4,2.25,10.4,8.58,17.05,83.0,5.5,134.5,37.35,20.35,12.4,3.5,1.2,23.8,17.55,0.28,6.6,29.0,133.0,4.28,189.14,212.41,,162.52,1.27,0.38,43.0,,8.06,,0.45,6.98,4.14,21.0,,,,,,,,,,,,,
2021-03-16,9.32,5.55,39.6,484.0,60.0,7.22,1.31,11.0,22.15,2.17,12.85,39.5,16.65,73.5,175.0,13.0,40.05,1.01,3.44,276.0,78.25,39.95,4.63,,2.54,1.39,5.0,6.0,3.83,365.0,9.32,360.0,4.26,,4.12,24.2,21.0,2.29,10.4,8.42,17.15,86.5,5.5,134.25,37.4,20.35,12.0,3.2,1.13,22.05,17.5,0.26,6.6,29.0,134.75,4.28,189.38,212.65,,162.82,1.28,0.38,43.0,,7.74,,0.45,6.84,4.4,22.0,,,,,,,,,,,,,
2021-03-17,9.34,5.55,39.55,480.25,58.75,7.34,1.35,11.2,22.15,2.26,12.8,39.5,16.5,76.75,174.25,13.05,40.25,1.04,3.48,280.0,78.25,40.1,4.65,,2.62,1.38,5.0,6.0,3.83,365.0,9.14,360.0,4.58,,4.12,24.45,20.2,2.29,10.4,8.42,18.0,85.75,5.6,133.75,37.55,18.6,11.95,2.99,1.11,22.1,17.75,0.25,6.6,29.0,135.0,4.28,189.84,213.38,,163.33,1.33,0.38,43.0,,7.92,,0.45,7.0,4.24,22.0,,,,,,,,,,,,,
2021-03-18,9.38,5.55,40.0,484.0,59.25,7.32,1.37,11.5,22.15,2.25,13.25,41.0,16.15,74.75,172.0,13.05,41.75,1.02,3.48,280.0,84.0,40.85,4.65,,2.62,1.36,5.0,6.0,3.83,360.0,8.78,360.0,4.4,,4.12,25.05,19.6,2.29,10.4,8.0,17.95,85.25,5.62,133.75,38.1,18.6,11.65,3.28,1.2,23.95,18.0,0.24,6.62,31.0,135.0,4.0,192.82,216.4,,165.42,1.3,0.38,43.0,,8.1,,0.45,6.82,4.39,22.0,,,,,,,,,,,,,
2021-03-19,9.44,5.55,39.65,484.0,59.25,7.32,1.38,11.55,22.15,2.29,13.9,39.0,16.5,73.75,170.0,13.05,41.65,1.03,3.42,285.0,85.0,41.35,4.63,,2.65,1.36,5.0,6.0,3.83,360.0,8.76,360.0,4.5,,4.12,24.95,18.55,2.29,10.4,8.26,17.0,85.25,5.5,133.0,38.6,20.35,11.65,3.26,1.12,23.0,18.0,0.24,6.62,31.0,135.0,4.28,194.1,218.09,,166.94,1.29,0.37,43.2,,8.0,,0.45,6.98,4.15,22.5,,,,,,,,,,,,,
2021-03-22,9.38,5.55,39.4,481.75,60.0,7.4,1.3,11.55,22.15,2.32,13.85,39.0,16.7,73.5,170.0,13.05,41.4,1.0,3.76,293.75,85.0,40.9,4.64,,2.61,1.33,5.0,6.0,3.83,360.0,8.5,360.0,4.61,,4.12,24.65,19.0,2.29,10.4,8.52,17.0,82.5,5.76,133.0,38.9,20.35,12.0,3.26,1.2,23.0,17.65,0.24,6.9,31.0,135.0,4.28,193.51,218.27,,167.5,1.22,0.37,43.0,,7.98,,0.45,6.82,4.29,22.5,,,,,,,,,,,,,
2021-03-23,9.44,5.55,39.95,480.0,64.0,7.46,1.36,11.35,22.15,2.27,13.7,40.5,16.6,72.0,170.0,13.05,41.65,1.0,4.13,296.0,84.5,41.2,4.6,,2.65,1.32,5.0,6.0,3.83,362.0,7.92,360.0,4.43,,4.12,24.75,19.0,2.29,10.4,8.52,17.05,81.5,5.64,134.75,39.45,20.35,12.05,3.32,1.19,21.85,17.65,0.24,6.96,31.0,135.5,4.28,194.53,220.07,,169.11,1.21,0.37,45.0,,8.0,,0.45,6.78,4.26,22.5,,,,,,,,,,,,,
2021-03-24,9.0,5.55,39.0,479.5,64.0,7.26,1.31,11.85,22.15,2.27,13.7,40.5,16.3,70.75,169.5,13.05,42.0,1.04,4.54,284.0,84.0,41.85,4.59,,2.65,1.28,5.0,6.0,3.83,355.0,7.46,360.0,4.6,,4.12,23.45,18.0,2.2,10.4,8.52,17.0,82.75,5.54,141.0,39.45,20.35,11.2,3.46,1.2,23.8,18.0,0.26,7.0,31.0,146.75,4.28,193.86,220.05,,168.96,1.16,0.38,43.2,,7.94,,0.45,6.78,4.25,22.5,,,,,,,,,,,,,
2021-03-25,8.94,5.55,38.9,480.0,64.0,7.18,1.3,11.95,22.15,2.25,13.55,40.5,16.05,70.0,168.0,13.05,41.85,1.12,4.99,267.75,84.0,42.0,4.58,,2.57,1.34,5.0,6.0,3.83,355.0,7.46,360.0,4.4,,4.12,22.95,18.0,2.2,10.4,8.26,17.05,82.25,5.52,146.75,39.5,21.35,11.2,3.8,1.12,23.95,18.0,0.26,6.7,29.05,146.75,4.28,193.06,219.9,,168.85,1.2,0.37,43.05,,8.04,,0.45,6.74,4.35,22.5,,,,,,,,,,,,,
2021-03-26,8.86,5.55,38.85,480.75,64.0,7.1,1.31,12.0,22.15,2.25,13.6,39.3,16.3,66.5,167.75,13.05,41.0,1.12,4.58,267.75,84.0,41.1,4.58,,2.6,1.34,5.0,6.0,3.83,355.0,8.2,360.0,4.24,,4.12,23.1,17.9,2.2,10.4,8.52,18.6,83.5,5.54,145.0,38.75,21.35,12.0,3.63,1.19,23.85,18.0,0.25,6.7,31.0,147.5,4.28,190.79,216.56,,166.48,1.28,0.37,43.15,,8.46,,0.45,6.94,4.12,22.5,,,,,,,,,,,,,
2021-03-29,8.64,5.55,36.85,474.75,62.0,7.1,1.36,11.6,22.15,2.25,13.15,39.35,16.0,65.0,158.5,13.05,37.55,1.1,4.17,267.75,84.0,39.4,4.59,,2.46,1.34,5.0,6.0,3.83,355.0,8.1,360.0,4.4,,4.12,23.85,17.65,2.2,10.4,8.52,18.15,82.0,5.48,140.0,37.6,21.35,12.0,3.8,1.19,23.0,17.55,0.26,6.94,29.65,135.25,3.99,183.22,208.65,,161.28,1.3,0.37,42.9,,8.06,,0.45,6.32,4.34,22.5,,,,,,,,,,,,,
2021-03-30,8.66,5.55,36.45,474.75,60.0,7.0,1.32,11.85,22.15,2.25,13.5,39.35,15.6,65.0,156.0,13.05,37.95,1.02,4.1,275.0,84.0,40.35,4.54,,2.4,1.31,5.0,6.0,3.83,355.0,8.5,360.0,4.21,,4.12,25.1,16.5,2.29,10.4,8.52,17.2,81.75,5.38,141.25,37.35,21.35,10.8,3.8,1.2,22.3,17.5,0.25,7.14,30.7,136.25,4.0,184.86,209.18,,160.97,1.3,0.37,44.0,,8.28,,0.45,6.56,4.22,20.25,,,,,,,,,,,,,
2021-03-31,8.82,5.55,36.55,475.0,60.25,7.02,1.3,11.6,22.15,2.08,13.2,41.9,15.6,62.75,158.0,14.3,37.95,1.0,4.01,270.5,84.0,41.3,4.55,,2.44,1.35,5.0,6.0,3.83,355.0,8.24,360.0,4.06,,4.12,25.15,16.85,2.29,10.4,8.52,17.2,81.25,5.4,141.75,36.25,21.0,10.8,3.57,1.19,23.5,17.95,0.23,7.12,30.7,147.0,4.0,184.82,206.95,,158.62,1.29,0.38,50.0,,7.88,,0.45,6.76,4.2,20.25,,,,,,,,,,,,,
2021-04-01,8.8,5.55,37.95,475.0,60.75,7.0,1.3,11.5,22.15,2.2,11.95,41.9,15.7,68.0,158.0,14.3,39.05,1.0,3.78,278.5,87.0,41.1,4.56,,2.53,1.36,5.0,6.0,3.83,355.0,8.2,360.0,4.46,,4.12,25.35,17.2,2.29,10.4,9.0,17.2,83.25,5.38,142.0,37.05,21.0,11.0,3.47,1.2,22.9,17.5,0.23,7.04,29.0,146.5,3.99,185.47,209.48,,160.68,1.3,0.38,49.0,,8.14,,0.45,6.74,4.47,20.25,,,,,,,,,,,,,
2021-04-06,8.82,5.55,39.0,473.75,60.0,7.0,1.26,11.2,22.15,2.18,11.95,41.9,16.15,67.75,158.0,13.9,39.0,1.07,4.0,290.0,87.0,40.15,4.55,,2.54,1.33,5.0,6.0,3.83,351.0,8.4,360.0,4.46,,4.12,25.05,16.55,2.29,10.4,9.0,17.2,83.5,5.36,142.0,36.75,21.0,12.0,3.51,1.2,24.0,17.5,0.22,7.0,29.0,145.5,3.92,184.14,207.94,,159.85,1.22,0.39,50.0,,8.46,,0.45,6.94,4.42,21.0,,,,,,,,,,,,,
2021-04-07,8.84,5.55,39.0,475.0,60.0,6.76,1.25,11.8,24.0,2.24,11.85,40.0,16.25,65.0,158.25,13.9,38.3,1.12,4.17,290.0,81.0,39.85,4.51,,2.52,1.33,5.0,6.0,3.83,351.0,8.4,360.0,4.46,,4.12,25.25,16.7,2.29,10.4,9.0,17.2,84.25,5.42,142.5,36.8,21.0,11.0,3.36,1.21,24.1,17.0,0.23,6.94,29.0,145.75,3.92,183.4,207.39,,159.79,1.3,0.4,49.75,,8.44,,0.45,6.18,4.43,23.1,,,,,,,,,,,,,
2021-04-08,8.86,5.55,38.65,470.25,60.0,6.98,1.25,11.9,24.0,2.24,11.9,40.0,16.05,65.25,159.25,13.9,37.5,1.07,3.95,290.0,81.0,39.8,4.54,,2.48,1.33,5.0,6.0,3.83,351.0,8.32,360.0,4.46,,4.12,24.6,17.85,2.29,10.4,9.0,17.2,82.25,5.6,142.75,36.15,21.0,11.0,3.36,1.11,24.3,17.0,0.21,6.94,29.0,141.25,3.92,181.69,204.98,,157.77,1.21,0.39,48.05,,8.36,,0.45,5.72,4.44,23.1,,,,,,,,,,,,,
2021-04-09,8.86,5.55,39.3,470.5,60.0,6.96,1.25,11.15,24.0,2.27,11.9,40.0,16.35,65.5,163.75,13.9,37.7,1.03,4.0,285.0,81.0,40.0,4.53,,2.5,1.39,5.0,6.0,3.83,351.0,8.22,360.0,4.45,,4.12,25.0,17.05,2.29,10.4,8.1,17.2,83.0,5.6,144.0,36.3,20.95,11.5,3.36,1.03,24.65,17.1,0.23,6.94,29.0,143.0,3.92,183.29,206.38,,158.59,1.29,0.39,47.4,,8.44,,0.45,6.12,4.26,24.0,,,,,,,,,,,,,
2021-04-12,8.88,5.55,38.4,470.75,60.0,6.98,1.29,11.5,24.0,2.29,11.85,42.2,16.0,65.0,165.75,13.9,37.7,1.11,4.0,285.0,81.0,40.65,4.5,,2.49,1.36,5.0,6.0,3.83,351.0,8.1,360.0,4.25,,4.12,25.25,16.95,2.29,10.4,8.04,17.2,83.0,5.56,143.0,36.55,20.95,11.5,3.45,1.03,24.2,17.1,0.22,6.5,29.2,143.0,3.92,184.46,207.66,,159.41,1.3,0.38,47.05,,8.4,,0.45,6.04,4.27,25.0,,,,,,,,,,,,,
2021-04-13,8.86,5.55,37.85,470.75,60.0,7.04,1.32,11.9,24.0,2.12,11.8,39.0,16.05,65.0,169.75,13.95,38.05,1.11,4.0,285.0,89.0,40.9,4.5,,2.43,1.35,5.0,6.0,3.83,351.0,8.1,360.0,4.07,,4.12,25.5,17.0,2.29,10.4,8.0,17.2,83.0,5.46,143.5,36.65,20.95,11.0,3.61,1.1,24.2,17.0,0.23,7.04,31.05,143.0,4.0,185.77,208.74,,160.05,1.22,0.39,47.2,,8.28,,0.45,5.8,4.41,25.0,,,,,,,,,,,,,
2021-04-14,8.76,5.55,38.0,471.0,61.5,6.92,1.3,11.85,24.0,2.17,11.8,38.0,16.0,65.0,169.25,13.8,38.3,1.1,3.91,285.0,82.5,41.35,4.5,,2.45,1.37,5.0,6.0,3.83,355.0,8.18,360.0,4.16,,4.12,26.5,16.9,2.29,10.4,7.98,17.3,83.0,5.5,143.0,37.1,20.0,11.0,3.58,1.19,24.35,16.9,0.22,7.1,29.7,143.0,4.0,187.44,210.69,,161.38,1.27,0.38,47.0,,8.3,,0.45,5.9,4.1,25.0,,,,,,,,,,,,,
2021-04-15,8.84,5.55,38.5,474.5,67.0,6.72,1.35,11.45,21.6,2.21,11.6,38.0,16.0,65.0,170.0,13.8,38.55,1.12,3.9,285.0,89.0,41.85,4.5,,2.46,1.4,5.0,6.0,3.83,355.0,8.2,360.0,4.4,,4.12,26.45,16.9,2.29,10.4,8.0,18.75,83.0,5.58,143.0,38.15,20.0,10.9,3.55,1.2,24.75,17.0,0.21,7.1,29.7,145.5,4.0,189.14,214.09,,164.32,1.3,0.37,46.95,,8.26,,0.45,6.0,4.45,25.0,,,,,,,,,,,,,
2021-04-16,8.8,5.55,38.3,475.0,67.0,6.72,1.35,11.2,21.6,2.29,11.8,38.0,15.95,65.0,170.0,15.0,38.85,1.13,4.0,282.25,89.0,42.0,4.5,,2.45,1.4,4.53,6.0,3.83,355.0,8.14,360.0,4.3,,4.12,26.8,16.95,2.29,10.4,8.0,18.5,83.75,5.58,142.75,38.4,20.0,10.9,3.5,1.22,24.4,17.0,0.21,6.82,29.6,144.0,4.1,190.25,215.29,,165.08,1.3,0.4,46.0,,8.76,,0.45,5.98,4.43,24.55,,,,,,,,,,,,,
2021-04-19,8.78,5.55,38.5,437.5,67.0,6.96,1.35,10.9,21.6,2.32,11.65,38.0,15.95,64.5,172.5,15.0,38.8,1.12,3.91,288.75,89.0,41.5,4.49,,2.47,1.43,4.53,6.0,3.83,355.0,7.5,360.0,4.3,,4.12,26.6,17.5,2.29,10.4,8.0,17.2,83.5,5.5,142.5,38.0,20.0,10.9,3.54,1.21,24.45,15.4,0.23,6.82,32.0,143.0,4.1,189.48,213.54,,163.73,1.34,0.41,46.0,,8.76,,0.45,6.0,4.32,24.55,,,,,,,,,,,,,
2021-04-20,8.8,5.55,38.05,432.25,67.0,6.84,1.35,10.9,21.6,2.28,11.65,40.4,16.05,64.0,170.25,15.0,39.25,1.1,3.87,288.0,89.0,42.05,4.48,,2.44,1.48,4.53,6.0,3.83,355.0,7.84,360.0,4.35,,4.12,26.7,17.0,2.29,10.4,8.0,18.25,83.0,5.5,142.25,38.4,20.0,10.9,3.53,1.22,24.4,15.4,0.24,6.82,30.2,145.0,4.1,190.5,214.95,,164.82,1.39,0.4,46.0,,8.56,,0.45,5.98,4.41,24.55,,,,,,,,,,,,,
2021-04-21,8.7,5.55,43.15,434.75,67.0,6.82,1.35,11.8,21.6,2.23,11.65,40.5,15.9,63.0,170.0,15.0,39.25,1.09,3.9,290.0,85.0,42.3,4.43,,2.52,1.47,4.53,6.0,3.83,355.0,7.6,360.0,4.7,,4.12,24.95,17.05,2.29,10.4,8.0,17.2,83.0,5.4,141.0,39.0,20.0,10.9,3.7,1.22,24.2,15.4,0.25,6.32,29.55,143.5,4.1,189.8,216.14,,166.18,1.34,0.38,45.0,,8.64,,0.45,6.0,4.53,25.0,,,,,,,,,,,,,
2021-04-22,8.62,5.55,42.35,433.0,67.0,6.9,1.34,10.95,21.6,2.19,11.7,38.1,15.5,64.0,170.0,15.0,37.95,1.08,3.88,290.0,81.25,41.6,4.49,,2.55,1.46,4.53,6.0,3.83,355.0,8.0,360.0,4.7,,4.12,24.95,17.25,2.29,10.4,8.0,17.3,83.0,5.92,141.25,39.1,20.0,10.9,3.66,1.31,24.35,15.4,0.24,6.32,29.55,140.5,4.1,188.04,215.13,,165.98,1.33,0.38,45.05,,8.56,,0.45,6.0,4.4,25.0,,,,,,,,,,,,,
2021-04-23,8.72,5.55,40.6,433.75,67.0,7.0,1.3,11.85,21.6,2.3,11.9,38.1,15.7,67.25,170.0,15.0,39.1,1.1,3.88,290.0,82.0,41.6,4.35,,2.56,1.46,4.53,6.0,3.83,355.0,8.0,360.0,4.27,,4.12,24.85,17.0,2.29,10.4,8.0,17.85,83.0,6.24,141.0,38.8,20.55,11.45,3.64,1.26,24.0,15.4,0.24,6.32,29.55,145.0,4.14,188.95,215.19,,165.61,1.34,0.37,45.0,,8.36,,0.45,5.8,4.46,25.0,,,,,,,,,,,,,
2021-04-26,8.68,5.55,41.95,434.75,62.0,7.08,1.29,11.95,21.6,2.29,11.9,38.1,16.0,68.5,168.5,15.0,39.1,1.1,3.97,280.0,82.0,41.8,4.27,,2.5,1.44,4.53,6.0,3.83,355.0,7.8,360.0,4.28,,4.12,25.0,17.0,2.21,10.4,8.0,17.85,83.0,5.94,141.0,39.0,19.0,11.45,3.64,1.32,23.9,16.8,0.24,6.12,29.5,145.0,4.14,189.09,215.83,,166.08,1.32,0.38,45.35,,8.56,,0.45,6.08,4.67,25.0,,,,,,,,,,,,,
2021-04-27,8.64,5.55,41.9,452.0,62.0,6.88,1.3,12.2,21.6,2.15,11.9,38.1,15.6,68.25,167.75,15.0,39.15,1.08,3.96,280.0,82.0,39.7,4.24,,2.42,1.44,4.53,6.0,3.83,355.0,7.6,360.0,4.46,,4.12,24.85,17.0,2.21,10.4,8.0,17.85,76.0,5.98,141.0,39.35,18.05,11.5,3.75,1.2,24.0,16.8,0.24,5.9,29.5,145.0,4.28,187.17,215.23,,166.42,1.25,0.39,47.5,,8.4,,0.45,6.02,4.92,25.0,,,,,,,,,,,,,
2021-04-28,8.68,5.55,40.7,460.0,62.0,7.06,1.3,12.0,21.6,2.24,12.0,38.1,15.55,66.25,168.75,15.0,39.45,1.01,3.8,277.5,82.0,39.95,4.3,,2.47,1.41,4.53,6.0,3.83,355.0,7.72,360.0,4.48,,4.12,24.25,17.0,2.0,10.4,8.0,17.3,83.0,6.0,136.25,39.9,19.0,11.5,3.75,1.23,23.85,15.5,0.25,6.04,29.5,147.0,4.28,188.12,216.85,,168.04,1.3,0.4,45.05,,8.54,,0.45,6.02,4.55,26.0,,,,,,,,,,,,,
2021-04-29,8.74,5.55,40.5,460.0,62.0,6.8,1.29,11.15,21.6,2.28,12.0,38.1,15.5,66.25,171.0,14.0,39.0,1.01,3.98,290.0,82.0,40.2,4.28,,2.48,1.37,4.53,6.0,3.83,355.0,7.14,360.0,4.32,,4.12,24.55,16.75,2.0,10.4,7.98,17.3,83.0,6.16,134.25,40.35,19.0,11.5,3.84,1.2,24.0,16.3,0.25,5.68,29.5,149.25,4.3,188.98,218.27,,169.19,1.34,0.4,44.5,,8.58,,0.45,5.82,4.59,26.0,,,,,,,,,,,,,
2021-04-30,8.78,5.55,40.05,453.75,61.25,6.74,1.28,10.95,21.6,2.18,12.2,36.0,15.4,65.25,169.75,14.0,39.15,1.08,3.97,281.75,82.5,40.25,4.25,,2.47,1.38,4.53,6.0,3.83,358.25,7.38,360.0,4.55,,4.12,24.95,16.55,1.97,10.4,7.98,18.05,83.0,5.98,134.0,40.35,19.0,11.5,3.74,1.19,24.0,16.3,0.25,5.76,29.5,149.75,4.3,189.42,218.33,,169.15,1.34,0.41,44.05,,8.52,,0.45,5.92,4.51,26.15,,,,,,,,,,,,,
2021-05-03,8.8,5.55,40.75,459.75,67.0,6.76,1.4,10.9,21.6,2.13,12.45,36.0,15.6,65.0,171.0,14.0,39.3,1.03,3.76,288.75,82.5,40.05,4.21,,2.4,1.35,4.53,6.0,3.83,358.25,7.58,360.0,4.55,,4.12,24.35,16.45,1.99,10.4,8.0,18.05,81.0,5.8,132.75,40.5,19.0,11.5,3.51,1.11,23.8,14.85,0.26,5.76,29.5,149.75,4.3,189.43,218.69,,169.61,1.35,0.38,44.95,,8.44,,0.45,6.14,4.2,26.0,,,,,,,,,,,,,
2021-05-04,8.7,5.55,40.15,457.75,67.5,6.72,1.35,10.9,20.0,2.11,12.45,36.0,15.55,65.0,170.0,14.0,39.55,1.0,3.81,282.0,82.5,40.05,4.16,,2.4,1.33,4.53,6.0,3.83,358.25,7.58,340.0,4.52,,4.12,24.45,15.2,2.18,10.4,8.0,17.65,81.0,5.94,132.5,40.75,17.1,11.5,3.51,1.12,23.9,16.0,0.25,6.18,29.0,149.75,4.5,189.6,219.27,,170.07,1.35,0.38,43.05,,8.26,,0.45,6.18,4.4,26.0,,,,,,,,,,,,,
2021-05-05,8.66,5.55,40.55,457.75,67.5,6.9,1.36,11.5,20.0,2.14,12.65,36.0,15.05,65.5,169.25,14.0,39.85,1.09,3.99,282.0,82.5,40.4,4.16,,2.48,1.38,4.53,6.0,3.83,360.0,7.6,340.0,4.49,,4.12,24.5,15.8,2.18,10.4,8.0,18.95,81.0,6.0,132.25,40.5,17.1,11.5,3.5,1.13,24.0,16.0,0.25,6.3,29.0,149.75,4.5,190.06,219.12,,169.69,1.35,0.4,42.75,,8.5,,0.45,6.18,4.55,26.0,,,,,,,,,,,,,
2021-05-06,8.8,5.55,40.0,460.0,69.0,6.72,1.36,11.5,20.0,2.19,12.65,36.0,14.75,65.0,171.25,14.0,40.3,1.01,3.92,284.75,82.5,41.5,4.17,,2.4,1.39,4.53,6.0,3.83,360.0,7.6,340.0,4.4,,4.12,24.45,15.65,2.15,10.4,8.0,18.75,81.0,6.08,132.0,40.65,15.55,11.5,3.54,1.11,24.0,16.0,0.25,6.26,29.0,149.5,4.37,191.91,220.77,,170.51,1.37,0.41,42.65,,8.62,,0.45,6.1,4.55,26.05,,,,,,,,,,,,,
2021-05-07,8.76,5.55,39.05,467.5,69.0,7.0,1.3,11.0,20.25,2.17,12.6,36.0,14.5,64.25,171.75,14.0,40.75,1.0,3.68,284.75,82.5,41.95,4.09,,2.39,1.38,4.53,6.0,3.83,360.0,7.58,340.0,4.43,,4.12,24.6,15.75,2.15,10.4,8.0,18.5,81.0,6.1,131.75,40.8,17.1,11.5,3.51,1.11,24.0,14.8,0.25,6.26,31.8,149.0,4.37,192.8,221.74,,171.09,1.35,0.4,42.6,,8.62,,0.45,6.1,4.37,26.0,,,,,,,,,,,,,
2021-05-10,8.78,5.55,39.3,470.0,68.25,6.94,1.3,11.15,20.25,2.12,12.55,39.2,14.75,64.0,171.75,14.0,40.85,1.0,4.0,284.75,82.5,42.4,4.11,,2.42,1.39,4.53,6.0,3.83,360.0,7.74,340.0,4.36,,4.12,24.7,15.6,2.18,10.4,8.0,18.85,83.0,5.66,131.5,40.85,17.1,11.35,3.51,1.13,24.0,16.0,0.24,6.22,31.8,149.0,4.37,193.49,222.36,,171.45,1.36,0.39,42.6,,9.04,,0.45,6.18,4.59,26.0,,,,,,,,,,,,,
2021-05-11,8.78,5.55,39.9,471.25,68.25,7.0,1.25,10.9,20.5,2.1,12.5,39.2,14.8,63.25,171.75,14.0,41.05,1.01,4.0,280.5,82.5,42.45,4.12,,2.38,1.41,4.53,6.0,3.83,360.0,7.74,340.0,4.48,,4.12,24.95,15.05,2.15,10.4,8.0,18.85,81.25,5.64,132.0,40.6,17.1,11.35,3.56,1.2,24.0,16.25,0.25,6.22,31.8,149.0,4.37,193.59,221.91,,168.95,1.38,0.42,24.85,,8.98,,0.45,6.1,4.6,26.0,,,,,,,,,,,,,
2021-05-12,8.78,5.55,39.75,471.25,64.5,6.98,1.29,10.9,20.5,2.13,12.3,39.2,15.2,64.0,172.0,14.0,40.65,1.0,3.98,285.0,82.25,41.75,4.12,,2.4,1.4,4.53,6.0,3.83,360.0,7.98,340.0,4.5,,4.12,25.0,14.95,2.15,10.4,8.0,18.8,82.5,5.58,132.0,40.1,18.0,11.0,3.57,1.19,24.0,15.55,0.25,6.02,31.8,148.75,4.05,192.08,219.85,,167.4,1.38,0.45,24.55,,9.0,,0.45,6.14,4.71,26.0,,,,,,,,,,,,,
2021-05-13,8.8,5.55,39.25,471.0,64.5,7.0,1.3,10.9,20.5,2.2,12.45,39.2,15.45,65.0,172.25,15.0,40.95,1.09,4.0,280.0,82.25,41.95,4.12,,2.39,1.4,4.53,6.0,3.83,360.0,7.98,340.0,4.48,,4.12,24.65,15.05,2.03,10.4,8.0,18.8,83.0,5.56,132.0,39.4,18.0,11.35,3.59,1.18,24.0,15.6,0.23,6.02,31.8,146.75,4.05,191.85,218.34,,165.76,1.41,0.42,24.3,,9.0,,0.45,6.1,4.9,26.0,,,,,,,,,,,,,
2021-05-17,8.88,5.55,37.6,472.0,64.5,7.18,1.33,11.3,22.0,2.13,12.45,40.0,15.4,64.5,171.5,15.0,40.9,1.09,3.96,285.0,80.0,41.0,4.11,,2.37,1.4,4.53,6.0,3.83,360.0,7.5,340.0,4.48,,4.12,24.9,15.95,2.03,10.4,8.0,18.8,81.25,5.52,131.75,39.0,18.0,11.35,3.6,1.13,23.75,14.75,0.25,6.1,31.0,147.0,4.18,190.71,216.51,,164.44,1.3,0.44,23.9,,8.86,,0.45,6.02,5.3,26.0,,,,,,,,,,,,,
2021-05-18,8.84,5.55,37.2,470.0,67.0,7.02,1.34,10.9,22.0,2.15,12.3,40.0,15.05,64.0,173.25,15.0,40.95,1.06,3.63,280.25,81.5,41.05,4.08,,2.37,1.4,4.53,6.0,3.83,360.0,8.24,340.0,4.48,,4.12,24.85,15.75,2.0,10.4,8.0,18.7,81.75,5.5,131.0,38.35,18.1,11.35,3.5,1.13,23.55,15.0,0.27,6.16,31.0,148.5,4.19,190.06,214.71,,162.62,1.31,0.42,23.1,,8.3,,0.45,6.0,5.18,26.0,,,,,,,,,,,,,
2021-05-19,8.92,5.55,36.95,470.0,64.5,7.14,1.35,10.85,22.0,2.11,11.95,38.5,14.95,64.0,174.0,15.0,41.05,0.99,3.8,280.0,81.5,40.25,4.01,,2.38,1.39,4.53,6.0,3.83,360.0,7.5,340.0,4.05,,4.12,24.9,16.2,2.0,10.4,7.86,18.4,81.0,5.6,131.25,38.05,18.05,11.35,3.5,1.21,24.15,15.0,0.26,6.02,31.0,145.0,4.05,188.98,213.32,,161.58,1.38,0.42,23.25,,8.06,,0.45,6.02,5.22,26.0,,,,,,,,,,,,,
2021-05-20,9.02,5.55,36.4,469.0,68.25,7.26,1.35,10.65,22.0,2.15,12.05,38.5,15.1,63.75,173.75,15.0,41.05,1.04,3.75,278.0,81.5,40.55,4.02,,2.34,1.4,4.53,6.0,3.83,360.0,7.56,340.0,4.23,,4.12,25.0,16.35,2.0,10.4,8.0,18.4,81.0,5.58,131.5,38.9,18.1,11.35,3.65,1.21,24.05,15.0,0.26,6.12,31.0,145.0,4.05,190.34,215.95,,163.93,1.39,0.41,23.35,,8.86,,0.45,5.98,5.02,26.0,,,,,,,,,,,,,
2021-05-21,9.1,5.55,36.7,470.0,68.25,7.26,1.35,10.4,22.0,2.13,12.25,39.0,14.9,63.75,174.0,15.0,41.5,1.04,3.62,280.0,81.5,41.0,4.01,,2.36,1.39,4.53,6.0,3.83,360.0,7.4,340.0,4.48,,4.12,24.85,16.65,2.0,10.4,8.0,18.55,81.0,5.5,131.5,39.5,18.1,11.3,3.6,1.23,24.0,15.0,0.26,6.0,28.0,145.0,4.05,191.9,218.26,,165.76,1.35,0.4,23.35,,8.98,,0.45,5.98,5.34,26.0,,,,,,,,,,,,,
2021-05-24,9.1,5.55,37.0,472.0,68.5,7.22,1.31,10.2,24.2,2.14,12.3,38.1,14.9,64.0,180.0,15.0,42.45,1.03,3.79,280.0,82.25,41.85,3.97,,2.32,1.39,4.53,6.0,3.83,360.0,7.3,340.0,4.41,,4.12,24.9,16.8,2.0,10.4,8.0,18.4,81.0,5.36,131.75,41.75,18.1,11.3,3.6,1.21,23.9,14.5,0.24,5.92,28.0,145.0,4.05,196.74,226.12,,172.2,1.41,0.39,22.9,,8.2,,0.45,5.98,5.54,26.0,,,,,,,,,,,,,
2021-05-25,9.22,5.55,36.05,464.75,68.5,7.1,1.18,10.15,24.2,2.16,12.2,40.0,14.85,63.25,181.0,15.0,42.05,0.99,4.0,278.0,82.25,42.25,3.98,,2.32,1.38,4.53,6.0,3.83,360.0,7.32,340.0,4.08,,4.12,25.05,16.85,2.0,10.4,8.0,18.4,82.75,5.44,131.75,42.75,16.65,11.0,3.59,1.19,23.95,14.6,0.24,5.92,28.0,145.0,4.05,198.03,228.9,,174.73,1.4,0.38,22.65,,8.5,,0.45,5.96,5.2,26.0,,,,,,,,,,,,,
2021-05-26,9.22,5.55,35.0,467.75,68.5,7.2,1.21,10.0,24.2,2.11,12.25,40.0,14.7,63.25,180.5,15.0,43.55,0.97,3.9,280.0,82.25,43.0,3.97,,2.33,1.37,4.53,6.0,3.83,360.0,7.12,340.0,4.05,,4.12,25.1,16.95,2.0,10.4,8.0,18.35,80.0,5.5,131.5,41.8,17.0,11.0,3.38,1.19,23.8,14.1,0.26,5.92,29.0,140.75,4.05,199.09,227.75,,172.68,1.4,0.4,22.25,,8.72,,0.45,6.0,5.46,26.0,,,,,,,,,,,,,
2021-05-27,9.54,5.55,34.6,465.0,68.5,7.2,1.22,10.1,24.2,2.09,12.15,39.35,14.55,62.75,185.25,15.0,43.5,0.98,4.01,280.0,80.0,42.0,3.98,,2.32,1.37,4.53,6.0,3.83,360.0,7.04,340.0,3.99,,4.12,25.05,16.85,1.8,10.4,8.0,18.25,80.0,5.64,130.25,40.35,16.6,10.95,3.51,1.2,23.95,14.45,0.25,5.58,30.0,140.0,4.05,197.62,223.61,,168.94,1.32,0.4,22.2,,8.9,,0.45,6.0,5.18,26.0,,,,,,,,,,,,,
2021-05-28,9.52,5.55,34.05,464.0,75.25,7.24,1.19,10.8,24.2,2.14,12.15,39.0,14.5,60.0,186.25,14.0,43.0,0.96,3.85,280.0,80.0,42.4,3.97,,2.31,1.33,4.53,6.0,3.83,360.0,7.04,340.0,4.0,,4.12,25.45,17.25,1.82,10.4,8.0,18.25,79.5,5.8,130.0,41.85,16.55,11.0,3.5,1.16,24.1,13.8,0.26,5.6,28.0,140.0,4.45,199.4,227.66,,172.69,1.3,0.38,21.55,,8.76,,0.45,5.98,5.18,26.0,,,,,,,,,,,,,
2021-05-31,9.48,5.55,35.85,468.0,75.0,7.26,1.24,10.55,24.2,2.08,12.15,42.8,14.55,60.0,185.25,14.5,42.2,0.94,3.81,279.25,80.5,42.3,3.96,,2.3,1.34,4.53,6.0,3.83,360.0,7.02,340.0,4.0,,4.12,26.0,18.7,1.96,10.4,8.0,18.5,79.5,5.62,130.0,40.85,16.55,11.0,3.5,1.22,24.4,13.85,0.25,5.62,28.0,142.25,4.45,197.85,224.64,,169.97,1.3,0.39,21.3,,8.92,,0.45,6.0,5.3,26.0,,,,,,,,,,,,,
2021-06-02,9.54,5.55,36.3,468.0,73.0,7.16,1.22,11.4,24.2,2.11,12.2,42.8,14.7,60.0,189.5,14.5,42.7,0.95,3.57,280.0,80.5,42.0,3.99,,2.41,1.33,4.53,6.0,3.83,380.0,7.0,340.0,4.0,,4.12,26.75,20.55,1.99,10.4,8.0,18.9,81.0,5.66,130.0,41.1,16.25,10.9,3.5,1.2,24.4,13.85,0.24,5.62,30.0,150.0,4.45,199.83,226.32,,171.19,1.38,0.39,21.4,,9.38,,0.45,6.0,5.5,26.0,,,,,,,,,,,,,
2021-06-03,9.5,5.55,38.65,468.0,68.0,7.2,1.2,11.4,24.2,2.08,12.25,38.6,14.9,59.75,190.0,14.0,42.3,0.98,3.6,280.0,82.25,42.0,3.98,,2.5,1.3,4.53,6.0,3.83,380.0,7.0,340.0,4.04,,4.12,26.5,22.6,1.99,10.4,8.0,18.65,80.0,5.56,131.0,41.0,16.25,10.9,3.5,1.2,24.85,13.85,0.24,6.08,30.0,144.25,4.45,199.42,225.95,,170.94,1.3,0.4,21.3,,9.22,,0.45,6.02,5.52,26.0,,,,,,,,,,,,,
2021-06-04,9.78,5.55,37.3,465.25,68.0,7.12,1.21,11.3,24.2,2.07,12.25,38.6,15.1,60.0,190.0,13.35,42.85,0.96,3.65,280.0,81.0,42.25,3.99,,2.5,1.35,4.53,6.0,3.83,380.0,7.0,340.0,4.0,,4.12,26.1,22.6,1.99,10.4,7.9,18.25,80.0,5.42,130.0,40.5,16.25,10.5,3.27,1.22,25.25,14.0,0.24,6.08,30.0,135.75,4.5,199.7,225.02,,169.87,1.31,0.42,22.0,,9.02,,0.45,6.28,5.46,26.0,,,,,,,,,,,,,
2021-06-07,9.86,5.55,37.1,465.0,68.0,7.12,1.23,11.15,24.2,2.11,12.15,38.6,15.75,60.0,190.0,13.15,43.0,0.97,3.8,299.75,81.0,42.25,3.97,,2.47,1.33,4.53,6.0,3.83,380.0,6.8,340.0,4.17,,4.12,26.1,22.35,1.99,10.4,7.9,18.0,80.0,5.4,130.0,40.55,16.25,10.85,3.46,1.21,24.8,15.0,0.25,6.38,30.0,135.75,4.4,199.96,225.24,,170.18,1.29,0.4,22.0,,8.64,,0.45,6.14,5.8,26.25,,,,,,,,,,,,,
2021-06-08,9.94,5.55,37.2,465.0,68.0,7.2,1.29,11.15,24.2,2.2,12.3,38.5,16.0,59.0,190.0,12.2,43.95,0.96,3.78,300.25,82.25,42.5,3.97,,2.47,1.33,4.53,6.0,3.83,380.0,7.3,340.0,4.2,,4.12,26.0,22.75,1.99,10.4,7.32,18.0,82.0,5.22,130.0,40.95,15.0,9.9,3.5,1.22,24.75,15.0,0.25,6.04,30.0,140.0,4.4,201.69,227.11,,171.54,1.26,0.41,21.5,,8.26,,0.45,6.24,5.98,26.0,,,,,,,,,,,,,
2021-06-09,10.0,5.55,35.6,465.0,68.0,7.28,1.29,10.9,24.2,2.11,12.25,38.6,15.85,59.25,190.0,11.5,44.0,1.02,3.72,301.25,82.25,42.95,3.97,,2.52,1.34,4.53,6.0,3.83,380.0,6.8,340.0,4.12,,4.12,26.25,22.75,1.85,10.4,7.32,16.9,82.0,5.46,130.0,41.0,15.0,9.16,3.5,1.22,24.9,15.0,0.24,5.88,30.0,147.0,4.05,202.35,227.64,,171.77,1.26,0.44,21.75,,8.3,,0.45,6.12,6.32,26.0,,,,,,,,,,,,,
2021-06-10,10.1,5.55,35.0,465.0,68.0,7.26,1.3,11.1,24.2,2.1,12.3,38.6,16.05,59.0,190.0,11.4,44.15,0.99,3.77,305.0,82.25,42.85,3.98,,2.5,1.33,4.53,6.0,3.83,380.0,6.8,340.0,4.11,,4.12,26.0,22.85,1.85,10.4,7.32,16.95,82.0,5.46,129.75,41.25,15.0,9.9,3.5,1.32,24.85,14.75,0.23,6.0,29.0,146.0,4.1,202.64,228.31,,172.48,1.35,0.44,21.65,,8.64,,0.45,6.2,6.4,26.2,,,,,,,,,,,,,
2021-06-11,10.1,5.55,35.0,465.0,68.0,7.26,1.29,11.05,24.2,2.12,12.3,38.6,16.0,59.0,190.0,11.2,44.05,1.0,3.76,306.25,82.0,42.6,3.94,,2.49,1.33,4.53,6.0,3.83,380.0,6.82,340.0,4.2,,4.12,26.3,22.9,1.99,10.4,8.04,16.95,80.0,5.48,130.0,41.25,15.5,9.3,3.27,1.44,24.8,14.1,0.25,5.68,29.0,145.75,4.1,202.51,228.15,,172.33,1.39,0.44,21.5,,8.54,,0.45,6.2,6.34,26.5,,,,,,,,,,,,,
2021-06-14,10.25,5.55,35.25,460.5,68.0,7.2,1.23,11.1,24.5,2.15,12.15,42.4,16.05,59.0,190.0,11.0,43.9,1.0,3.67,305.25,80.75,42.4,4.19,,2.44,1.34,4.53,6.0,3.83,405.0,6.7,340.0,4.2,,4.12,26.4,22.95,1.99,10.4,8.04,16.85,81.0,5.58,129.5,41.45,15.5,10.0,3.5,1.53,24.1,14.0,0.27,5.98,29.0,145.75,4.1,202.71,228.57,,172.9,1.42,0.41,21.25,,8.6,,0.45,6.02,6.4,26.25,,,,,,,,,,,,,
2021-06-15,10.1,5.55,35.0,452.5,68.0,7.34,1.26,11.15,24.5,2.07,12.3,42.4,15.8,59.0,190.25,10.65,44.15,1.02,3.7,305.5,80.0,42.4,4.04,,2.39,1.36,4.53,6.0,3.83,405.0,6.7,340.0,4.2,,4.12,26.25,22.9,1.99,10.4,8.04,18.0,80.0,5.56,130.0,41.6,15.55,9.94,3.5,1.52,25.45,14.0,0.27,6.2,28.6,146.0,4.1,202.78,228.88,,173.34,1.39,0.41,21.95,,8.32,,0.45,6.2,6.5,26.5,,,,,,,,,,,,,
2021-06-16,10.05,5.55,35.1,450.5,68.0,7.12,1.29,11.2,24.5,2.07,12.3,39.95,15.9,60.0,191.0,10.5,44.1,0.94,3.68,305.0,82.25,42.5,4.02,,2.45,1.38,4.53,6.0,3.83,385.0,6.7,340.0,4.2,,4.12,25.95,23.0,1.99,10.4,8.04,18.0,80.0,5.5,129.75,41.95,15.55,9.96,3.5,1.52,25.65,14.0,0.28,6.2,26.1,145.75,4.1,203.06,229.85,,174.17,1.43,0.41,21.9,,8.4,,0.45,6.2,6.32,26.75,,,,,,,,,,,,,
2021-06-17,10.1,5.55,36.5,450.25,61.5,7.14,1.29,11.2,24.3,2.11,12.25,39.95,15.55,60.0,193.75,11.5,44.35,0.99,3.62,305.0,82.25,42.55,4.02,,2.39,1.38,4.53,6.0,3.83,380.0,6.9,340.0,4.19,,4.12,25.95,22.95,1.99,10.4,8.04,18.0,80.0,5.36,129.5,41.6,16.7,10.0,3.5,1.5,26.3,14.0,0.28,6.2,26.1,135.25,4.1,203.31,229.38,,173.48,1.4,0.42,21.85,,8.32,,0.45,6.1,6.32,26.75,,,,,,,,,,,,,
2021-06-18,10.1,5.55,35.0,450.5,61.5,7.32,1.28,11.5,25.45,2.12,12.25,38.2,15.5,59.0,189.0,11.5,44.75,1.01,3.63,309.5,82.25,42.55,4.01,,2.42,1.36,4.53,6.0,3.83,380.0,7.24,340.0,4.13,,4.12,25.6,23.1,1.99,10.4,8.04,17.1,80.0,5.36,130.0,41.25,18.0,9.74,3.5,1.51,25.8,14.0,0.27,5.92,26.1,135.25,4.1,202.32,227.86,,172.38,1.28,0.41,21.8,,8.26,,0.45,6.12,6.8,26.75,,,,,,,,,,,,,
2021-06-21,10.2,5.55,35.05,448.5,61.5,7.38,1.28,11.4,26.0,2.14,12.1,38.2,15.35,59.0,190.0,11.5,45.15,0.99,3.65,305.0,80.0,43.0,4.01,,2.45,1.35,4.53,6.0,3.83,380.0,7.92,340.0,4.12,,4.12,25.45,23.1,1.99,10.4,8.04,18.6,80.0,5.4,129.75,41.3,18.0,10.0,3.51,1.5,26.2,14.0,0.28,5.9,26.1,134.0,4.1,203.14,228.51,,172.7,1.4,0.42,21.45,,8.2,,0.45,6.18,6.9,26.75,,,,,,,,,,,,,
2021-06-22,10.15,5.55,35.3,437.5,61.5,7.3,1.32,11.35,26.0,2.11,12.3,40.0,15.4,59.0,189.0,12.1,45.55,0.98,3.67,320.25,80.0,43.25,3.96,,2.4,1.33,4.53,6.0,3.83,405.0,7.9,340.0,4.2,,4.12,25.45,23.05,1.9,10.4,8.04,18.65,83.25,5.38,129.5,41.3,18.0,10.05,3.51,1.5,25.7,14.0,0.28,6.02,27.2,134.0,4.02,203.42,228.87,,172.94,1.39,0.39,21.5,,8.04,,0.45,6.08,6.86,26.75,,,,,,,,,,,,,
2021-06-23,10.1,5.55,35.0,430.25,61.5,7.3,1.3,11.05,25.45,2.12,12.4,40.0,15.4,58.75,185.0,11.7,45.55,0.98,3.67,320.25,80.0,43.35,3.98,,2.4,1.35,4.53,6.0,3.83,405.0,7.92,320.0,4.16,,4.12,25.4,23.15,1.97,10.4,8.82,18.65,83.25,5.36,129.0,41.15,18.0,9.72,3.51,1.5,25.05,14.0,0.28,5.92,27.2,134.0,4.02,202.83,228.01,,172.3,1.34,0.42,21.35,,8.3,,0.45,6.0,6.92,26.75,,,,,,,,,,,,,
2021-06-24,9.88,5.55,35.5,432.0,67.25,7.08,1.29,11.7,25.45,2.12,12.7,40.0,15.4,58.0,180.0,11.8,45.7,0.96,3.64,315.0,80.0,43.65,3.96,,2.43,1.3,4.53,6.0,3.83,405.0,8.24,320.0,4.0,,4.12,25.0,23.0,2.15,10.4,8.58,18.5,83.25,5.4,127.75,40.95,17.85,10.0,3.51,1.4,25.0,14.0,0.27,5.92,27.2,147.0,4.0,202.69,227.25,,171.61,1.32,0.41,21.5,,8.4,,0.45,6.14,7.6,26.75,,,,,,,,,,,,,
2021-06-25,9.92,5.55,35.05,432.0,67.25,7.36,1.29,11.75,25.8,2.11,13.0,40.0,15.7,60.0,181.5,11.7,46.6,0.98,3.63,310.0,82.75,43.85,3.95,,2.41,1.3,4.53,6.0,3.83,405.0,8.5,320.0,4.02,,4.12,25.15,23.05,2.15,10.4,8.58,18.5,81.25,5.36,130.0,40.75,17.4,10.0,3.51,1.34,25.0,14.0,0.27,6.0,27.2,147.75,4.0,204.1,227.76,,171.62,1.29,0.42,21.1,,8.2,,0.45,6.16,8.34,26.75,,,,,,,,,,,,,
2021-06-28,10.0,5.55,35.0,432.0,65.25,7.22,1.34,11.75,26.5,2.15,13.15,36.0,15.9,59.0,181.5,11.7,46.65,0.99,3.7,313.5,85.0,44.0,3.93,,2.44,1.33,4.53,6.0,3.83,405.0,8.74,320.0,4.02,,4.12,25.55,25.0,2.15,10.4,8.58,18.5,84.0,5.28,130.0,40.7,17.4,10.0,3.51,1.33,23.3,14.05,0.27,5.84,27.2,147.5,4.0,204.74,228.13,,171.83,1.29,0.43,22.0,,8.72,,0.45,6.2,8.82,27.0,,,,,,,,,,,,,
2021-06-29,10.0,5.55,35.0,435.25,61.5,7.32,1.31,12.0,26.5,2.15,13.4,36.3,16.0,59.25,180.5,11.8,46.3,0.96,3.69,324.0,85.0,43.6,3.91,,2.47,1.34,4.53,6.0,3.83,405.0,8.6,320.0,4.0,,4.12,25.45,25.0,2.15,10.4,8.58,18.0,81.0,5.2,130.0,40.85,17.4,9.84,3.49,1.4,23.3,14.0,0.26,5.84,27.8,145.75,4.0,204.52,228.2,,172.09,1.29,0.43,21.9,,8.8,,0.45,6.14,9.28,27.0,,,,,,,,,,,,,
2021-06-30,9.92,5.55,35.15,450.0,61.5,7.24,1.3,12.0,26.5,2.16,13.8,36.3,17.4,59.25,180.75,10.65,44.75,0.98,3.87,350.5,86.75,42.65,3.94,,2.47,1.4,4.53,6.0,3.83,405.0,8.66,320.0,4.22,,4.12,25.5,25.0,2.15,10.4,8.5,18.05,81.0,5.2,129.75,41.45,17.4,10.0,3.4,1.35,25.0,14.0,0.27,5.84,27.8,145.75,4.0,204.14,228.91,,173.53,1.32,0.43,21.85,,8.36,,0.45,6.14,10.2,27.0,,,,,,,,,,,,,
2021-07-01,9.6,5.55,36.0,450.0,61.5,7.22,1.35,11.9,26.5,2.3,13.85,36.0,16.6,59.0,180.0,10.65,44.85,0.94,3.85,379.75,90.0,42.5,3.98,,2.43,1.4,4.53,6.0,3.83,405.0,8.52,320.0,4.02,,4.12,25.5,25.0,2.15,10.4,8.5,18.15,81.0,5.18,130.0,42.0,17.4,10.0,3.27,1.33,24.3,14.0,0.27,5.84,27.0,145.75,4.0,204.19,230.36,,174.87,1.33,0.44,21.45,,8.82,,0.45,6.22,11.2,26.0,,,,,,,,,,,,,
2021-07-02,9.4,5.55,37.9,450.0,61.5,7.18,1.3,12.5,26.5,2.4,13.4,35.9,16.3,59.0,181.0,10.6,46.7,0.95,3.9,375.5,94.25,42.5,3.99,,2.42,1.39,4.53,6.0,3.83,405.0,7.7,320.0,4.0,,4.12,25.0,25.0,2.15,10.4,8.0,18.7,83.0,5.18,130.0,41.35,17.0,10.2,3.4,1.3,24.85,14.0,0.25,5.54,27.0,149.0,4.0,204.7,229.61,,171.21,1.37,0.43,21.55,,8.96,,0.45,6.18,12.05,26.0,,,,,,,,,,,,,
2021-07-05,9.42,5.55,37.1,449.5,61.5,7.14,1.3,12.6,26.5,2.6,13.5,33.0,16.3,59.0,184.5,10.8,46.5,1.0,3.89,389.75,94.0,42.7,4.0,,2.4,1.4,4.53,6.0,3.83,405.0,8.0,320.0,4.0,,4.12,25.3,25.0,2.15,10.4,7.2,18.05,83.0,5.18,130.0,41.4,17.45,10.3,3.74,1.35,24.75,13.7,0.27,5.54,27.05,149.0,4.0,205.26,230.33,,173.97,1.38,0.43,21.85,,8.2,,0.45,6.2,12.55,26.0,,,,,,,,,,,,,
2021-07-06,9.68,5.55,37.9,448.0,61.5,7.2,1.26,12.0,28.75,2.83,13.5,32.35,16.6,59.0,184.75,11.85,46.8,1.05,3.89,390.0,94.0,42.95,4.0,,2.4,1.39,4.53,6.0,3.83,405.0,8.24,300.0,4.0,,4.12,25.4,25.0,2.15,10.4,7.2,18.25,80.5,5.14,129.75,41.3,17.0,10.35,3.4,1.43,25.0,14.0,0.27,5.52,27.1,147.25,4.0,206.22,230.62,,173.93,1.37,0.42,21.65,,8.76,,0.45,6.24,12.4,26.0,,,,,,,,,,,,,
2021-07-07,10.0,5.55,37.55,440.5,65.75,7.32,1.31,12.85,28.75,3.1,13.55,30.5,16.85,59.0,184.75,11.85,47.55,1.05,3.9,390.0,94.0,43.8,4.0,,2.38,1.39,4.53,6.0,3.83,405.0,8.56,300.0,3.98,,4.12,25.5,24.95,2.15,10.4,7.2,18.3,80.0,5.18,129.75,41.4,17.0,10.95,3.1,1.3,24.85,14.0,0.25,5.48,27.1,140.75,4.0,208.17,232.2,,174.8,1.37,0.41,22.0,,8.82,,0.45,6.5,12.8,27.0,,,,,,,,,,,,,
2021-07-08,10.0,5.55,36.95,445.25,63.5,7.5,1.3,12.0,28.0,3.27,13.6,29.2,16.55,59.0,187.0,10.8,49.0,0.96,3.91,390.0,85.5,45.5,4.0,,2.39,1.37,4.53,6.0,3.83,405.0,8.0,300.0,3.99,,4.12,25.6,25.0,2.15,10.4,7.2,18.95,80.0,5.1,129.5,41.4,18.0,10.15,3.1,1.31,24.0,14.0,0.26,5.82,27.1,138.25,4.0,211.48,234.5,,175.64,1.37,0.42,21.75,,8.78,,0.45,6.24,12.35,27.0,,,,,,,,,,,,,
2021-07-09,10.05,5.55,36.55,448.75,63.0,7.5,1.38,12.0,28.0,3.39,13.5,26.3,17.15,59.0,187.5,10.8,49.0,0.97,3.9,390.0,85.0,45.5,4.0,,2.43,1.38,4.53,6.0,3.83,372.75,8.0,300.0,4.0,,4.12,26.0,25.0,2.15,10.4,7.2,18.95,80.0,5.08,129.5,41.25,19.0,10.15,3.37,1.29,24.35,14.2,0.27,5.52,27.1,137.5,4.0,211.61,234.19,,175.22,1.32,0.42,21.55,,8.78,,0.45,6.16,12.4,26.0,,,,,,,,,,,,,
2021-07-12,10.1,5.55,36.65,435.75,63.5,7.5,1.39,12.0,28.0,3.39,13.55,26.0,17.15,58.0,184.5,10.8,48.65,0.97,3.9,355.0,85.0,44.75,4.0,,2.53,1.37,4.53,6.0,3.83,372.75,8.0,300.0,4.0,,4.12,25.5,24.95,2.0,10.4,7.2,19.0,80.25,5.02,129.75,41.15,19.0,10.15,3.37,1.3,25.05,15.0,0.26,5.82,27.1,138.5,4.0,209.99,232.52,,174.44,1.34,0.43,22.15,,8.74,,0.45,6.18,12.5,26.0,,,,,,,,,,,,,
2021-07-13,10.0,5.55,37.0,441.5,63.5,7.52,1.35,12.0,28.0,3.37,13.7,26.0,17.0,59.5,188.25,11.8,48.0,0.97,3.83,356.0,85.0,44.75,4.0,,2.52,1.39,4.53,6.0,3.83,372.75,8.0,300.0,4.1,,4.12,25.75,25.0,2.18,10.4,7.2,19.0,83.75,5.0,130.25,41.2,17.1,10.25,3.4,1.31,25.05,14.1,0.25,5.82,27.2,138.5,4.4,210.07,232.72,,174.84,1.35,0.44,21.55,,8.58,,0.45,6.12,12.0,28.0,,,,,,,,,,,,,
2021-07-14,9.94,5.55,37.15,441.5,63.0,7.64,1.35,12.0,28.0,3.08,13.6,24.95,16.8,63.5,187.5,11.85,48.1,1.05,3.79,358.0,93.5,44.6,4.0,,2.5,1.4,4.53,6.0,3.83,372.75,7.96,300.0,4.1,,4.12,25.7,25.0,2.15,10.4,7.2,19.3,83.75,4.86,129.5,41.75,17.3,10.45,3.22,1.29,25.05,14.1,0.26,5.82,27.8,138.5,4.4,210.12,234.14,,176.15,1.33,0.43,21.55,,8.5,,0.45,6.44,11.6,28.0,,,,,,,,,,,,,
2021-07-15,10.0,5.55,37.8,445.0,63.0,7.72,1.35,12.0,27.5,2.91,13.55,22.5,16.95,65.0,188.25,11.85,48.55,0.97,3.7,385.0,98.25,44.95,4.32,,2.49,1.42,4.53,6.0,3.83,372.75,7.76,295.0,4.09,,4.12,25.65,25.0,2.0,10.4,7.2,19.3,81.0,4.81,129.5,42.6,18.75,11.0,3.33,1.3,25.0,14.9,0.25,5.82,29.7,139.25,4.4,212.37,237.58,,178.78,1.31,0.44,21.55,,8.44,,0.45,6.56,11.0,28.0,,,,,,,,,,,,,
2021-07-16,10.0,5.55,38.25,438.25,63.0,7.52,1.35,12.0,30.0,2.64,13.5,20.25,16.95,66.25,187.0,11.85,48.55,0.97,3.7,385.0,98.0,44.85,4.38,,2.51,1.41,4.53,6.0,3.83,372.75,7.8,295.0,4.04,,4.12,25.95,25.0,2.0,10.4,7.3,19.0,82.75,4.6,129.75,42.6,18.8,11.0,3.21,1.17,24.0,14.0,0.25,5.82,27.1,152.25,4.4,211.92,237.37,,178.65,1.33,0.41,21.5,,8.82,,0.45,6.54,10.95,28.0,,,,,,,,,,,,,
2021-07-19,10.0,5.55,38.5,445.0,63.5,7.5,1.33,12.0,31.0,2.52,13.45,19.8,17.3,69.0,187.75,11.0,48.55,1.04,3.73,353.75,98.0,44.75,4.36,,2.52,1.4,4.53,6.0,3.83,372.75,8.56,290.0,3.98,,4.12,25.65,24.95,1.91,10.4,7.2,19.2,82.75,4.94,129.75,42.6,18.75,11.3,3.07,1.15,24.6,15.0,0.26,5.82,27.1,152.25,4.4,212.08,237.31,,178.61,1.32,0.43,21.5,,8.82,,0.45,6.66,11.05,28.0,,,,,,,,,,,,,
2021-07-21,9.98,5.55,39.0,445.0,63.5,7.7,1.4,12.25,31.0,2.58,13.2,19.9,17.25,68.5,183.0,11.35,48.3,0.98,3.71,359.5,92.0,44.75,4.34,,2.51,1.39,4.53,6.0,3.83,372.75,9.4,290.0,4.0,,4.12,26.0,25.0,1.81,10.4,7.2,19.15,84.75,4.84,129.75,42.8,18.95,11.7,3.15,1.25,24.1,14.1,0.27,6.26,27.1,143.5,4.4,211.21,237.12,,178.89,1.34,0.43,21.5,,8.98,,0.45,6.66,10.15,28.0,,,,,,,,,,,,,
2021-07-22,9.88,5.55,39.0,457.0,63.5,7.7,1.42,12.4,31.0,2.55,13.45,19.8,17.45,65.0,184.0,11.5,48.0,0.98,3.75,359.0,90.0,44.75,4.3,,2.52,1.39,4.53,6.0,3.83,372.75,9.98,290.0,4.0,,4.12,25.85,25.0,1.81,10.4,7.9,19.95,87.5,4.78,129.5,42.8,18.95,11.7,3.15,1.32,24.3,15.0,0.27,6.1,27.2,138.5,4.14,211.58,237.08,,179.01,1.35,0.44,21.8,,8.42,,0.45,6.68,9.46,28.0,,,,,,,,,,,,,
2021-07-23,9.86,5.55,39.05,457.0,67.25,7.7,1.38,12.5,32.0,2.55,13.1,19.65,17.55,65.0,184.5,11.45,47.85,0.98,3.85,370.0,90.0,44.55,4.32,,2.52,1.4,4.53,6.0,3.83,372.75,9.56,280.0,3.98,,4.12,26.15,25.0,1.91,10.4,8.68,19.45,87.5,4.63,129.5,42.8,17.5,11.6,3.45,1.39,24.45,15.0,0.27,6.1,29.75,138.5,4.03,210.92,236.94,,178.98,1.34,0.4,22.15,,8.98,,0.45,7.16,9.06,28.55,,,,,,,,,,,,,
2021-07-26,9.66,5.55,39.05,463.25,67.25,7.68,1.39,12.2,35.2,2.63,13.15,20.25,17.6,65.0,186.0,11.5,48.35,0.98,3.99,384.5,89.0,44.8,4.43,,2.54,1.39,4.53,6.0,3.83,372.75,9.48,280.0,3.99,,4.12,26.1,24.85,1.97,10.4,8.78,19.5,87.5,4.6,129.5,42.8,17.5,10.65,3.48,1.39,24.55,14.2,0.25,6.5,29.45,135.0,4.03,211.99,237.88,,179.45,1.34,0.4,22.75,,8.72,,0.45,6.78,9.0,29.0,,,,,,,,,,,,,
2021-07-27,9.74,5.55,38.4,469.5,64.5,7.98,1.33,12.05,35.2,2.67,13.45,21.9,16.15,66.25,184.0,11.5,48.5,1.01,3.91,370.5,89.0,45.0,4.46,,2.55,1.4,4.53,6.0,3.83,410.0,9.54,280.0,3.98,,4.12,26.4,25.0,1.97,10.4,8.78,19.95,89.75,4.51,129.5,41.8,17.5,10.65,3.74,1.39,24.65,14.1,0.25,6.48,29.0,134.0,4.03,211.42,235.25,,177.14,1.33,0.4,22.9,,8.72,,0.45,6.94,8.36,29.0,,,,,,,,,,,,,
2021-07-28,9.88,5.55,37.6,461.5,62.5,8.0,1.39,12.5,35.2,2.7,13.5,22.45,15.25,66.25,183.0,11.5,48.15,0.97,3.82,370.5,89.0,45.35,4.45,,2.55,1.4,4.53,6.0,3.83,397.0,9.48,280.0,3.97,,4.12,26.8,25.0,1.9,10.4,9.1,19.2,88.5,4.52,129.5,41.75,17.5,10.65,3.65,1.39,24.95,14.35,0.25,6.5,29.4,134.0,4.03,210.95,234.96,,176.92,1.38,0.38,22.9,,8.94,,0.45,6.56,7.56,29.5,,,,,,,,,,,,,
2021-07-29,9.94,5.55,38.4,465.0,62.0,8.0,1.42,12.4,35.4,2.83,13.55,23.2,15.65,66.0,184.5,11.5,49.1,1.0,3.75,380.0,85.5,45.6,4.46,,2.56,1.4,4.53,6.0,3.83,410.0,9.06,263.0,4.0,,4.12,26.75,25.0,1.96,10.4,8.2,19.5,87.0,4.55,129.5,41.9,17.5,11.6,3.5,1.37,24.95,14.35,0.25,6.5,29.4,135.0,4.14,212.85,236.56,,177.81,1.37,0.41,22.95,,8.98,,0.45,6.48,8.0,29.5,,,,,,,,,,,,,
2021-07-30,9.94,5.55,38.0,465.0,62.0,7.86,1.39,12.0,35.2,2.96,13.55,23.95,15.45,65.75,179.5,11.5,48.9,1.0,3.78,379.0,89.0,45.7,4.41,,2.57,1.4,4.53,6.0,3.83,415.0,9.06,280.0,4.0,,4.12,26.55,25.0,2.07,10.4,8.2,19.2,85.0,4.52,129.5,41.95,17.5,11.0,3.49,1.37,25.05,14.75,0.23,6.5,30.0,133.25,4.14,212.18,236.02,,177.52,1.3,0.4,22.95,,8.84,,0.45,6.74,8.28,29.0,,,,,,,,,,,,,
2021-08-02,9.92,5.55,37.5,460.25,62.0,8.02,1.35,12.05,35.25,3.0,13.5,24.7,15.45,65.5,182.25,11.7,48.9,1.0,3.77,375.0,89.0,45.7,4.36,,2.57,1.39,4.53,6.0,3.83,415.0,9.02,304.75,4.0,,4.12,26.5,25.0,2.18,10.4,9.0,19.45,85.0,4.53,130.25,41.4,19.0,11.45,3.33,1.26,24.15,14.85,0.25,6.14,28.3,130.0,4.14,211.59,234.66,,176.16,1.31,0.41,22.85,,8.9,,0.45,6.94,8.04,29.5,,,,,,,,,,,,,
2021-08-03,9.82,5.55,37.5,450.0,62.0,8.02,1.34,12.0,35.0,3.03,13.55,24.95,15.85,65.0,180.0,11.8,49.0,0.98,3.74,370.0,89.5,45.95,4.24,,2.57,1.38,4.53,6.0,3.83,415.0,8.24,304.75,3.99,,4.12,26.65,25.0,2.19,10.4,8.42,19.95,88.5,4.55,130.0,41.05,19.0,11.6,3.5,1.37,24.05,13.8,0.25,6.46,28.3,134.5,4.14,210.92,233.45,,175.16,1.31,0.4,22.75,,8.94,,0.45,6.94,7.32,29.5,,,,,,,,,,,,,
2021-08-04,9.76,5.55,38.5,455.0,62.0,8.02,1.41,12.0,35.0,3.05,13.45,24.95,15.65,64.0,179.75,12.0,49.1,0.98,3.66,370.0,89.5,46.2,4.19,,2.6,1.4,4.53,6.0,3.83,415.0,8.24,320.0,4.0,,4.12,26.25,25.75,2.19,10.4,8.42,19.95,90.0,4.5,132.0,41.1,19.0,11.6,3.37,1.35,24.1,14.3,0.25,6.4,31.0,135.0,4.14,211.28,233.78,,175.37,1.3,0.41,22.7,,8.62,,0.45,6.92,7.16,29.75,,,,,,,,,,,,,
2021-08-05,9.82,5.55,38.3,450.0,64.5,7.94,1.44,12.2,35.0,3.07,13.55,25.0,15.65,65.0,178.5,12.3,49.4,0.98,3.71,370.0,89.5,46.45,4.2,,2.68,1.38,4.53,6.0,3.83,415.0,8.24,320.0,4.0,,4.12,26.2,26.1,2.18,10.4,8.42,20.0,90.0,4.5,130.0,41.25,19.0,11.0,3.15,1.28,24.3,14.55,0.26,6.4,31.0,134.5,4.14,211.94,234.39,,175.89,1.31,0.4,22.3,,8.52,,0.45,6.8,6.9,31.85,,,,,,,,,,,,,
2021-08-06,9.8,5.55,38.0,454.0,64.25,7.9,1.44,12.25,35.0,3.1,13.65,25.95,15.55,65.75,179.0,12.15,50.0,0.98,3.75,370.0,87.0,46.75,4.21,,2.58,1.4,4.53,6.0,3.83,415.0,9.06,300.0,4.0,,4.12,26.2,24.75,2.18,10.4,9.0,20.0,92.5,4.46,131.0,42.1,18.55,10.8,3.15,1.31,24.75,13.8,0.27,6.4,31.0,134.5,4.5,213.71,237.46,,178.5,1.32,0.41,22.55,,8.48,,0.45,6.98,6.96,32.4,,,,,,,,,,,,,
2021-08-09,9.8,5.55,38.0,445.5,68.0,7.9,1.43,12.25,35.0,3.18,13.65,25.6,15.75,65.75,179.25,12.15,50.25,0.96,3.7,361.5,87.0,46.6,4.15,,2.58,1.38,4.53,6.0,3.83,415.0,9.28,300.0,4.0,,4.12,25.85,24.95,2.2,10.4,9.0,19.5,86.5,4.62,131.5,42.95,20.0,10.65,3.37,1.36,24.95,14.0,0.25,6.4,31.0,134.5,4.5,214.4,239.72,,180.46,1.32,0.41,22.5,,9.1,,0.45,6.78,6.48,32.4,,,,,,,,,,,,,
2021-08-10,9.8,5.55,38.8,450.0,68.0,8.02,1.44,12.45,35.0,3.16,13.8,25.35,15.5,65.25,179.25,11.3,50.25,0.96,3.71,360.25,85.0,46.45,4.14,,2.6,1.39,4.53,6.0,3.83,415.0,9.28,300.0,3.98,,4.12,25.5,24.85,2.02,10.4,8.66,19.95,89.75,4.43,131.0,42.95,20.0,10.8,3.38,1.31,24.05,14.05,0.25,6.4,31.0,134.75,4.5,214.6,239.66,,180.53,1.32,0.4,22.45,,8.78,,0.45,6.96,6.2,32.4,,,,,,,,,,,,,
2021-08-11,9.92,5.55,37.95,450.5,67.75,7.88,1.44,12.5,35.0,3.1,13.75,25.2,15.6,65.0,179.0,11.35,50.25,1.01,3.71,360.0,85.0,46.6,4.12,,2.55,1.39,4.53,6.0,3.83,415.0,8.38,300.0,4.0,,4.12,25.45,24.95,2.2,10.4,8.66,19.8,86.0,4.4,131.0,42.95,20.0,11.55,3.46,1.38,23.9,14.95,0.25,6.4,31.0,134.75,4.59,214.67,239.7,,180.56,1.4,0.39,22.55,,8.5,,0.45,6.76,5.92,35.4,,,,,,,,,,,,,
2021-08-12,9.76,5.55,38.0,452.0,67.75,7.9,1.44,12.0,31.5,3.05,13.7,25.5,15.55,65.0,179.0,11.3,50.25,0.96,3.71,358.75,85.0,46.9,4.13,,2.5,1.35,4.53,6.0,3.83,415.0,8.4,300.0,4.0,,4.12,25.1,24.9,2.0,10.4,8.66,19.95,86.0,4.4,131.0,43.0,20.0,11.15,3.18,1.36,23.9,14.0,0.24,7.0,31.0,137.0,4.2,214.7,239.91,,180.67,1.35,0.38,22.7,,8.24,,0.45,7.0,6.06,35.4,,,,,,,,,,,,,
2021-08-13,9.78,5.55,38.15,453.0,67.75,8.3,1.44,12.45,31.5,3.15,13.8,25.55,15.45,64.5,179.0,11.3,51.0,1.0,3.72,358.75,85.0,47.15,4.05,,2.5,1.36,4.53,6.0,3.83,415.0,8.4,300.0,4.0,,4.12,25.4,25.0,1.98,10.4,8.66,19.3,86.0,4.36,130.75,43.0,20.0,11.55,3.17,1.35,24.5,14.0,0.25,7.0,29.05,130.75,4.2,215.74,240.61,,181.18,1.32,0.36,22.75,,8.46,,0.45,6.9,5.92,38.25,,,,,,,,,,,,,
2021-08-16,9.8,5.55,38.15,456.0,67.75,8.22,1.45,12.45,34.5,3.16,13.8,25.6,15.55,64.25,177.0,11.3,51.0,0.95,4.0,358.75,82.25,48.1,4.17,,2.51,1.4,4.53,6.0,3.83,415.0,9.24,300.0,4.0,,4.12,25.3,25.0,2.0,10.4,8.66,19.7,86.0,4.35,131.0,43.6,20.0,11.5,3.17,1.31,24.95,14.9,0.23,6.86,29.05,131.0,4.14,217.41,242.9,,182.96,1.32,0.37,22.95,,8.82,,0.45,6.96,5.5,38.55,,,,,,,,,,,,,
2021-08-17,10.0,5.55,38.4,457.0,67.75,8.04,1.42,12.45,34.5,3.1,13.7,25.35,15.5,64.0,180.0,12.4,53.0,0.93,3.9,359.75,82.0,49.9,4.19,,2.48,1.39,4.53,6.0,3.83,415.0,9.24,300.0,4.0,,4.12,25.4,25.1,2.0,10.4,8.66,19.9,94.0,4.37,131.0,44.9,18.0,11.1,3.29,1.33,24.5,14.9,0.23,6.56,29.05,135.0,4.14,222.67,249.3,,187.46,1.35,0.38,22.8,,9.1,,0.45,6.98,5.24,38.55,,,,,,,,,,,,,
2021-08-18,10.15,5.55,38.7,461.0,64.5,8.38,1.42,11.75,35.0,3.02,13.75,25.35,15.55,64.0,180.0,13.5,54.0,1.0,3.9,360.0,82.0,49.7,4.14,,2.46,1.39,4.53,6.0,3.83,415.0,8.42,300.0,3.99,,4.12,26.15,24.95,2.2,10.4,8.66,19.0,92.0,4.32,130.25,44.2,18.0,11.3,3.45,1.29,24.3,14.9,0.24,6.56,30.0,131.0,4.14,223.0,247.94,,185.93,1.35,0.41,22.8,,9.12,,0.45,7.0,4.79,38.55,,,,,,,,,,,,,
2021-08-19,10.25,5.55,39.0,460.0,64.5,8.2,1.44,11.7,35.0,2.83,13.7,25.85,15.6,64.0,180.0,13.5,52.25,1.07,3.95,360.0,82.0,48.15,4.21,,2.47,1.4,4.53,6.0,3.83,382.0,8.38,300.0,3.99,,4.12,27.05,25.3,2.2,10.4,8.66,19.7,91.25,4.29,134.5,43.85,19.55,11.3,3.48,1.24,24.5,14.4,0.26,6.5,32.75,131.0,4.14,219.72,245.02,,184.47,1.35,0.41,22.9,,9.46,,0.45,7.0,4.93,38.55,,,,,,,,,,,,,
2021-08-20,10.15,5.55,38.75,469.0,67.75,8.28,1.42,11.7,35.0,2.78,13.7,26.0,15.75,65.0,180.0,14.4,52.5,0.98,3.98,360.0,82.0,47.95,4.49,,2.47,1.39,4.53,6.0,3.83,382.0,9.0,300.0,4.0,,4.12,27.1,24.95,2.2,10.4,8.66,20.0,94.0,4.03,134.75,44.45,19.55,11.9,3.3,1.24,25.2,14.4,0.25,6.54,32.75,131.0,4.14,220.84,246.93,,186.33,1.32,0.37,23.0,,9.78,,0.45,7.0,5.22,38.55,,,,,,,,,,,,,
2021-08-23,10.3,5.55,38.75,469.0,66.0,8.18,1.46,11.75,35.0,2.77,13.7,26.0,15.95,65.0,180.0,13.25,53.0,0.97,3.98,360.0,82.0,48.0,4.58,,2.46,1.4,4.53,6.0,3.83,415.0,8.2,300.0,3.99,,4.12,26.95,25.0,2.2,10.4,8.5,19.95,94.25,3.99,136.25,44.95,19.0,11.3,3.48,1.24,26.0,14.4,0.25,6.64,32.75,132.5,4.14,222.2,248.77,,187.86,1.3,0.37,22.85,,9.64,,0.45,7.04,5.24,38.55,,,,,,,,,,,,,
2021-08-24,10.55,5.55,39.05,466.0,66.0,8.24,1.43,11.6,35.0,2.81,13.8,26.0,16.15,66.75,178.5,13.25,53.0,0.99,3.96,360.75,82.0,48.15,4.74,,2.47,1.37,4.53,6.0,3.83,415.0,8.2,300.0,3.99,,4.12,27.15,25.1,2.2,10.4,8.66,20.0,95.0,3.97,139.0,44.95,17.65,11.3,3.5,1.24,25.15,15.0,0.24,7.2,32.75,132.75,4.14,222.84,249.12,,188.2,1.32,0.38,22.8,,9.44,,0.45,7.02,5.28,38.55,,,,,,,,,,,,,
2021-08-25,10.55,5.55,38.6,467.0,62.0,8.22,1.44,11.85,35.0,2.73,13.95,26.45,16.85,65.25,175.75,13.25,53.0,0.95,3.85,360.0,82.0,48.25,4.89,,2.5,1.39,4.53,6.0,3.83,415.0,8.6,300.0,3.96,,4.12,26.6,25.0,2.2,10.4,8.28,19.85,95.0,3.88,139.0,44.6,17.65,11.3,3.8,1.29,25.15,14.5,0.24,7.1,33.15,133.5,4.14,222.93,248.08,,187.22,1.32,0.4,22.8,,9.48,,0.45,7.04,5.12,38.55,,,,,,,,,,,,,
2021-08-26,10.95,5.55,38.45,466.0,66.0,8.08,1.44,11.55,35.0,2.9,13.85,26.35,17.05,65.5,178.0,13.0,54.0,0.91,3.79,360.0,82.0,48.3,4.98,,2.51,1.39,4.53,6.0,3.83,415.0,8.56,300.0,4.0,,4.12,26.8,25.1,2.09,10.4,8.2,19.0,95.0,3.61,140.0,44.45,18.35,11.3,3.5,1.24,25.5,14.7,0.26,7.1,33.15,133.5,3.81,224.46,248.85,,187.4,1.31,0.39,22.95,,9.92,,0.45,6.96,4.91,38.55,,,,,,,,,,,,,
2021-08-27,11.0,5.55,38.0,466.0,66.75,8.12,1.45,11.5,35.0,2.75,13.8,26.3,17.05,65.25,178.5,13.0,54.25,0.98,3.99,360.0,82.0,48.55,4.92,,2.48,1.39,4.53,6.0,3.83,415.0,8.58,300.0,3.99,,4.12,26.45,25.15,2.1,10.4,8.2,18.65,95.0,3.57,140.0,44.35,17.95,11.3,3.67,1.32,26.0,14.7,0.26,7.06,33.15,133.5,4.19,224.71,248.89,,187.2,1.31,0.4,23.0,,9.94,,0.45,6.78,5.28,38.55,,,,,,,,,,,,,
2021-08-30,11.0,5.55,37.5,466.0,66.5,8.28,1.52,11.6,35.0,2.84,13.75,28.5,16.7,65.5,178.5,14.0,54.0,0.95,3.86,375.0,88.5,48.65,4.68,,2.48,1.39,4.53,6.0,3.83,415.0,8.84,300.0,4.0,,4.12,27.6,25.1,2.14,10.4,7.5,19.85,95.25,3.57,140.0,43.7,18.65,10.45,3.88,1.31,25.55,15.0,0.25,7.0,33.0,137.0,4.6,223.4,247.01,,185.71,1.35,0.36,23.0,,10.1,,0.45,6.7,5.22,40.0,,,,,,,,,,,,,
2021-08-31,10.95,5.55,37.55,460.0,66.5,8.18,1.58,11.5,33.5,2.75,13.65,28.05,16.8,65.0,175.75,14.0,53.25,0.95,3.77,374.0,88.5,48.5,4.71,,2.48,1.4,4.53,6.0,3.83,410.0,8.96,320.0,4.0,,4.12,28.15,25.0,2.2,10.4,7.5,18.7,91.0,3.6,138.25,42.6,18.65,10.5,3.88,1.27,25.75,15.0,0.25,7.0,33.0,137.0,4.6,220.86,243.0,,182.33,1.35,0.36,23.25,,10.15,,0.45,6.54,5.34,40.0,,,,,,,,,,,,,
2021-09-01,10.9,5.55,37.5,456.5,66.5,8.3,1.58,11.45,33.5,2.9,13.55,30.1,16.85,65.25,176.75,14.0,52.5,0.98,3.71,374.0,88.5,48.0,4.83,,2.45,1.39,4.53,6.0,3.83,383.25,8.5,320.0,4.02,,4.12,28.05,25.0,2.01,10.4,7.5,18.5,91.0,4.06,137.75,42.6,18.0,10.5,3.88,1.3,25.3,14.05,0.25,7.0,33.0,135.0,4.55,219.7,242.19,,182.03,1.35,0.38,23.0,,9.68,,0.45,6.98,5.74,40.0,,,,,,,,,,,,,
2021-09-02,10.5,5.55,38.0,465.0,66.5,8.3,1.6,11.45,35.0,2.9,13.45,31.45,16.85,65.25,175.75,14.0,51.5,1.03,3.69,365.0,88.5,47.15,4.6,,2.48,1.38,4.53,6.0,3.83,383.25,8.32,320.0,4.03,,4.12,27.95,25.1,2.1,10.4,7.8,18.5,94.0,4.33,136.5,42.45,18.05,10.5,3.5,1.33,25.05,14.95,0.26,7.0,33.0,135.0,4.2,217.1,240.06,,180.97,1.34,0.39,22.7,,9.66,,0.45,6.96,6.3,39.95,,,,,,,,,,,,,
2021-09-03,10.55,5.55,38.05,461.75,67.5,8.3,1.6,11.5,35.0,2.84,13.4,32.9,16.85,65.0,175.5,14.0,49.9,1.02,3.66,360.0,88.5,46.8,4.73,,2.5,1.36,4.53,6.0,3.83,383.25,8.3,320.0,3.99,,4.12,27.2,25.0,2.2,10.4,8.56,18.7,94.0,4.63,136.25,42.15,18.65,10.5,3.5,1.33,25.15,14.95,0.26,7.0,33.0,135.0,4.2,215.03,237.97,,179.47,1.33,0.39,22.75,,9.76,,0.45,6.84,6.88,36.0,,,,,,,,,,,,,
2021-09-06,10.4,5.55,39.75,460.5,65.5,8.3,1.6,11.1,35.0,2.77,13.55,33.0,16.7,65.0,171.25,12.95,49.2,1.01,3.61,365.0,90.0,46.25,4.69,,2.5,1.49,4.53,6.0,3.83,383.0,8.28,320.0,3.99,,4.12,27.05,25.0,2.2,10.4,9.4,18.7,91.0,5.06,135.5,42.15,18.1,10.5,3.63,1.33,25.05,14.95,0.24,6.32,32.95,142.25,4.0,213.53,236.73,,178.84,1.32,0.38,22.5,,9.98,,0.45,6.9,7.56,36.0,,,,,,,,,,,,,
2021-09-07,10.3,5.55,39.8,463.75,67.75,8.22,1.59,11.05,35.0,2.76,13.45,32.95,16.85,64.5,175.5,12.95,49.05,0.96,3.67,360.25,90.0,46.35,4.86,,2.51,1.55,4.53,6.0,3.83,383.0,8.0,320.0,4.0,,4.12,27.1,25.0,2.2,10.4,9.0,18.7,91.0,5.56,135.25,41.6,18.1,10.7,3.48,1.4,25.15,15.0,0.25,6.3,32.95,142.25,4.0,213.58,235.69,,177.65,1.34,0.38,22.6,,9.74,,0.45,6.9,8.08,36.0,,,,,,,,,,,,,
2021-09-08,10.3,5.55,38.6,463.0,69.75,8.22,1.6,11.1,35.0,2.8,13.45,32.65,16.85,64.75,175.0,13.0,49.6,0.96,3.66,353.5,88.5,46.3,4.94,,2.5,1.7,4.53,6.0,3.83,385.25,8.2,320.0,3.99,,4.12,27.4,25.15,2.2,10.4,8.54,18.8,89.25,5.74,135.25,42.0,18.0,10.85,3.48,1.38,25.2,15.45,0.26,6.6,32.95,142.25,4.0,214.46,237.01,,178.74,1.35,0.39,22.5,,9.82,,0.45,7.02,8.08,35.0,,,,,,,,,,,,,
2021-09-09,10.3,5.55,38.95,460.0,68.5,8.32,1.6,11.1,33.5,2.81,13.35,32.4,16.85,64.25,175.0,12.85,49.85,0.94,3.73,358.0,88.5,46.3,4.95,,2.52,1.62,4.53,6.0,3.83,385.25,8.04,320.0,4.0,,4.12,27.65,25.5,2.01,10.4,8.58,19.5,90.5,5.46,135.0,42.5,18.0,9.92,3.8,1.38,25.25,15.45,0.26,6.9,32.95,134.0,4.0,215.01,238.44,,179.98,1.35,0.4,22.5,,9.78,,0.45,7.18,7.42,32.65,,,,,,,,,,,,,
2021-09-10,10.4,5.55,38.15,462.0,74.5,8.34,1.59,11.0,33.5,2.8,13.4,32.25,16.95,64.0,175.0,13.8,51.0,0.92,3.79,359.25,88.5,46.6,4.98,,2.52,1.58,4.53,6.0,3.83,385.25,7.64,320.0,4.0,,4.12,27.65,25.55,2.01,10.4,8.58,20.15,89.25,5.56,135.0,42.5,18.0,9.92,3.54,1.38,25.7,14.95,0.26,6.66,32.95,134.0,4.4,216.56,239.44,,180.14,1.35,0.39,22.5,,9.72,,0.45,7.16,6.82,29.8,,,,,,,,,,,,,
2021-09-13,10.45,5.55,37.1,461.0,75.0,8.3,1.58,11.0,32.6,2.82,13.4,32.05,17.0,65.0,174.75,13.45,52.0,0.96,3.81,360.0,88.5,46.8,4.96,,2.52,1.61,4.53,6.0,3.83,385.25,8.34,320.0,4.0,,4.12,28.0,25.6,2.02,10.4,8.58,20.45,90.75,5.36,135.0,42.4,18.0,9.92,3.85,1.38,25.65,15.0,0.25,7.16,32.95,141.25,4.4,217.49,239.9,,180.3,1.33,0.39,22.5,,9.36,,0.45,7.2,6.18,30.0,,,,,,,,,,,,,
2021-09-14,10.6,5.55,37.15,455.5,74.25,8.32,1.48,11.0,32.6,2.85,13.35,32.0,17.1,63.25,175.0,13.45,51.5,0.94,3.87,360.0,88.5,46.75,4.93,,2.6,1.62,4.53,6.0,3.83,385.25,8.3,320.0,4.0,,4.12,28.0,25.45,2.1,10.4,8.6,20.75,91.0,5.4,135.0,42.45,17.7,10.7,3.73,1.32,25.55,15.0,0.24,7.0,32.95,140.0,4.4,217.09,239.64,,180.23,1.35,0.4,22.6,,9.1,,0.45,7.12,5.9,29.05,,,,,,,,,,,,,
2021-09-15,10.6,5.55,37.25,451.0,74.25,8.34,1.55,11.15,32.6,2.82,13.05,32.0,17.05,63.5,175.0,13.45,51.0,1.02,3.9,360.0,90.0,46.85,4.67,,2.6,1.6,4.53,6.0,3.83,385.25,8.26,350.0,4.0,,4.12,27.75,25.6,2.17,10.4,8.7,20.3,91.0,5.38,134.25,42.45,16.05,11.0,3.51,1.34,25.5,15.0,0.22,7.0,32.95,140.0,4.4,215.83,239.12,,179.81,1.34,0.4,22.95,,9.0,,0.45,7.04,5.98,28.0,,,,,,,,,,,,,
2021-09-16,10.45,5.55,37.95,455.0,74.25,8.3,1.57,11.35,32.6,2.79,13.1,31.65,17.0,63.25,175.0,13.45,52.0,1.01,4.0,360.0,90.0,46.95,4.82,,2.53,1.7,4.53,6.0,3.83,385.25,7.72,350.0,4.0,,4.12,27.65,25.2,2.02,10.4,8.52,20.3,91.0,5.22,131.0,42.65,16.05,11.45,3.44,1.35,25.5,15.0,0.21,7.0,32.95,140.0,4.4,217.3,240.33,,180.52,1.31,0.4,22.8,,9.26,,0.45,6.9,6.32,28.0,,,,,,,,,,,,,
2021-09-17,10.35,5.55,37.55,450.0,74.25,8.32,1.59,11.55,32.6,2.71,13.5,32.0,17.0,62.75,176.0,13.45,53.25,1.01,3.92,350.25,90.0,48.55,4.85,,2.53,1.7,4.53,6.0,3.83,385.25,8.0,320.0,4.14,,4.12,27.65,25.1,2.0,10.4,8.48,20.15,91.0,5.2,134.5,43.2,16.05,11.5,3.44,1.37,25.5,15.5,0.22,7.0,32.95,140.0,4.4,220.82,243.89,,182.75,1.35,0.4,22.65,,9.26,,0.45,7.02,6.46,28.45,,,,,,,,,,,,,
2021-09-20,10.35,5.55,37.45,449.25,74.25,8.24,1.6,11.85,31.0,2.74,13.25,32.0,17.0,63.25,175.0,14.0,53.0,0.97,3.84,350.0,90.0,48.35,4.8,,2.5,1.68,4.53,6.0,3.83,385.25,8.3,320.0,4.03,,4.12,27.85,25.0,2.0,10.4,8.4,19.65,91.0,5.12,133.25,42.9,16.05,11.5,3.4,1.37,24.05,15.0,0.22,7.0,32.95,140.0,4.4,219.53,242.53,,181.64,1.35,0.4,22.65,,9.82,,0.45,7.0,6.4,28.0,,,,,,,,,,,,,
2021-09-21,10.5,5.55,37.2,445.75,74.25,8.22,1.53,11.45,31.0,2.69,13.3,32.0,17.0,64.0,174.0,13.0,51.75,1.02,3.93,347.0,90.0,47.95,4.74,,2.5,1.68,4.53,6.0,3.83,385.25,8.12,320.0,4.3,,4.12,26.95,25.05,2.0,10.4,8.44,19.9,91.0,5.2,130.5,41.8,17.45,11.5,3.27,1.4,25.35,16.0,0.23,6.6,30.0,134.0,4.61,216.85,238.26,,178.2,1.35,0.4,22.65,,9.12,,0.45,7.0,6.78,28.0,,,,,,,,,,,,,
2021-09-22,10.5,5.55,36.85,445.0,72.75,8.16,1.55,11.9,31.0,2.68,13.55,32.0,17.05,64.0,173.25,13.0,51.25,0.98,3.99,350.0,90.0,47.05,4.75,,2.5,1.68,4.53,6.0,3.83,385.25,8.04,320.0,4.0,,4.12,27.85,25.05,2.0,10.4,8.26,19.95,91.0,5.4,130.25,41.85,17.45,11.75,3.21,1.3,24.5,16.0,0.24,6.86,30.0,134.0,4.61,215.8,237.57,,178.2,1.35,0.4,22.9,,9.08,,0.45,7.0,6.9,27.85,,,,,,,,,,,,,
2021-09-23,10.6,5.55,37.85,445.5,72.75,8.08,1.56,11.5,31.0,2.69,13.2,29.75,17.0,64.0,173.5,13.0,50.75,0.97,3.96,350.0,90.0,47.2,4.76,,2.5,1.69,4.53,6.0,3.83,385.25,8.14,320.0,4.2,,4.12,28.0,25.2,2.0,10.4,7.66,20.0,92.0,5.38,130.75,41.95,17.45,11.75,3.34,1.3,24.85,16.0,0.22,6.86,30.0,138.0,4.5,215.42,237.54,,178.33,1.35,0.4,22.6,,9.12,,0.45,6.94,7.32,27.95,,,,,,,,,,,,,
2021-09-24,10.55,5.55,38.0,446.0,71.0,8.08,1.56,12.0,31.0,2.73,13.2,26.8,17.05,63.5,173.5,12.8,50.5,1.05,4.08,368.75,90.75,47.1,4.7,,2.5,1.71,4.53,6.0,3.83,390.0,8.14,320.0,4.05,,4.12,27.05,25.0,2.0,10.4,7.9,20.1,92.0,5.4,130.0,41.8,17.45,11.9,3.5,1.35,24.75,15.35,0.22,6.78,30.0,138.0,4.5,214.88,237.1,,177.81,1.33,0.39,23.0,,9.1,,0.45,6.98,7.16,27.9,,,,,,,,,,,,,
2021-09-27,10.6,5.55,37.75,447.0,72.25,8.14,1.54,12.0,31.0,2.82,13.25,26.85,17.35,63.75,174.0,13.9,50.5,1.09,3.98,368.75,90.75,47.0,4.71,,2.5,1.7,4.53,6.0,3.83,390.0,7.76,320.0,4.2,,4.12,27.4,25.05,2.0,10.4,7.9,20.25,92.0,5.58,130.0,41.85,17.45,11.9,3.32,1.4,24.75,15.8,0.23,6.78,30.0,140.0,4.5,215.12,237.34,,178.07,1.35,0.38,22.8,,9.8,,0.45,6.9,6.54,28.35,,,,,,,,,,,,,
2021-09-28,10.55,5.55,37.9,445.75,72.25,8.16,1.55,11.45,34.0,2.93,13.1,27.0,17.5,63.5,174.0,13.8,50.75,1.04,3.87,368.75,90.0,46.9,4.7,,2.5,1.71,4.53,6.0,3.83,390.0,8.02,320.0,4.19,,4.12,26.7,24.65,2.0,10.4,8.2,20.2,92.0,5.54,129.75,41.55,17.45,12.0,3.5,1.4,25.4,15.35,0.24,7.0,30.0,139.25,4.5,214.71,236.46,,177.2,1.35,0.4,22.8,,9.66,,0.45,6.86,6.54,28.0,,,,,,,,,,,,,
2021-09-29,10.55,5.55,37.55,446.0,72.25,8.12,1.55,11.95,34.0,2.99,13.05,27.15,17.45,62.25,172.0,13.0,50.75,1.09,3.85,350.0,90.0,46.7,4.65,,2.5,1.72,4.53,6.0,3.83,390.0,8.02,300.0,4.0,,4.12,25.75,24.35,1.88,10.4,8.2,20.05,92.0,5.54,129.75,41.65,17.4,11.5,3.42,1.39,25.4,15.35,0.24,7.0,30.0,139.25,4.5,214.24,236.06,,177.04,1.34,0.4,22.8,,9.04,,0.45,6.78,6.38,28.0,,,,,,,,,,,,,
2021-09-30,10.55,5.55,37.5,451.0,71.0,8.08,1.53,11.95,34.0,2.98,13.35,27.15,17.6,62.25,170.75,13.0,50.75,1.16,3.87,350.0,90.0,46.75,4.65,,2.5,1.72,4.53,6.0,3.83,384.5,8.12,300.0,4.0,,4.12,26.0,23.35,1.88,10.4,8.2,20.0,92.0,5.26,130.25,42.1,17.4,11.5,3.26,1.39,25.35,15.35,0.24,7.0,30.0,139.0,4.45,215.09,237.4,,178.31,1.33,0.4,22.8,,9.5,,0.45,6.76,6.84,28.0,,,,,,,,,,,,,
2021-10-01,10.5,5.55,37.85,451.0,68.0,8.08,1.58,11.85,35.0,2.96,13.4,28.1,17.85,63.5,172.0,13.9,50.5,1.22,3.96,350.0,89.75,46.75,4.7,,2.5,1.74,4.53,6.0,3.83,384.5,8.12,300.0,4.0,,4.12,26.0,23.0,2.0,10.4,8.2,20.0,92.0,4.99,130.75,43.2,17.4,11.5,3.42,1.27,25.6,16.0,0.24,7.0,30.0,140.0,4.39,216.25,240.5,,181.23,1.33,0.4,22.75,,9.88,,0.45,6.9,6.88,28.0,,,,,,,,,,,,,
2021-10-04,10.4,5.55,37.4,448.75,71.5,8.06,1.51,11.5,36.0,2.88,13.45,30.9,17.75,63.25,170.25,13.9,50.0,1.18,3.87,350.0,89.75,46.6,4.71,,2.5,1.84,4.53,6.0,3.83,384.5,8.0,300.0,4.01,,4.12,25.95,22.5,1.95,10.4,7.9,19.1,88.0,5.0,130.5,43.6,17.4,11.5,3.26,1.32,25.5,16.0,0.23,6.62,30.0,139.25,4.39,215.67,240.78,,181.92,1.34,0.4,22.4,,9.46,,0.45,6.92,6.8,30.75,,,,,,,,,,,,,
2021-10-05,10.25,5.55,37.0,449.5,71.5,8.06,1.49,11.55,36.0,2.82,13.35,31.85,17.5,63.0,166.5,14.0,49.9,1.14,3.84,350.25,89.75,45.2,4.74,,2.48,1.82,4.53,6.0,3.83,384.5,7.94,300.0,4.2,,4.12,25.75,22.45,2.0,10.4,7.9,19.95,92.0,5.1,131.25,42.95,17.4,11.5,3.25,1.33,25.3,16.0,0.22,6.6,30.0,139.5,4.21,212.79,237.39,,179.69,1.31,0.4,22.4,,9.04,,0.45,6.76,6.32,30.1,,,,,,,,,,,,,
2021-10-06,10.3,5.55,36.05,450.0,71.5,8.06,1.5,11.45,36.0,2.83,13.3,32.0,17.5,63.0,166.75,13.0,49.45,1.18,3.88,350.25,89.75,45.5,4.8,,2.5,1.78,4.53,6.0,3.83,384.5,7.86,300.0,4.05,,4.12,25.55,22.55,2.0,10.4,7.9,19.1,92.0,5.02,131.0,42.95,16.1,12.0,3.39,1.39,25.25,16.5,0.22,6.62,30.0,135.0,4.4,212.69,237.31,,179.49,1.31,0.4,22.0,,9.7,,0.45,6.96,6.9,28.0,,,,,,,,,,,,,
2021-10-07,10.25,5.55,36.9,448.0,71.5,7.94,1.55,11.5,36.0,2.74,13.2,32.0,17.5,62.25,165.0,13.0,49.3,1.15,3.83,350.0,89.75,45.9,4.66,,2.48,1.77,4.53,6.0,3.83,384.5,7.86,300.0,4.05,,4.12,25.2,22.35,1.92,10.4,7.9,19.1,93.5,5.0,130.0,42.35,16.1,11.55,3.41,1.4,25.25,16.5,0.23,6.7,29.6,137.5,4.4,211.72,235.43,,177.7,1.32,0.39,22.0,,9.16,,0.45,6.84,6.32,28.0,,,,,,,,,,,,,
2021-10-08,10.25,5.55,37.05,445.5,70.5,8.08,1.52,11.65,36.0,2.81,13.15,30.65,17.4,60.5,164.75,13.0,49.35,1.14,3.69,350.0,89.75,46.1,4.78,,2.5,1.79,4.53,6.0,3.83,384.5,7.8,300.0,4.11,,4.12,25.25,22.35,1.95,10.4,7.9,19.0,86.25,4.93,129.25,41.65,16.1,11.9,3.14,1.4,25.25,16.5,0.23,6.64,29.6,135.0,4.4,211.3,233.55,,175.82,1.35,0.4,21.8,,9.12,,0.45,6.62,5.8,30.0,,,,,,,,,,,,,
2021-10-12,10.15,5.55,36.3,445.0,70.0,7.64,1.52,11.8,36.0,2.81,13.1,30.0,17.2,60.25,164.75,12.0,49.5,1.05,3.7,350.0,89.0,45.8,4.7,,2.5,1.77,4.53,6.0,3.83,384.5,7.8,300.0,3.99,,4.12,25.05,22.45,1.95,10.4,8.2,19.85,86.25,4.95,129.0,41.85,16.1,12.0,3.14,1.4,24.65,16.5,0.24,6.8,30.0,135.0,4.4,210.9,233.75,,176.09,1.35,0.4,21.55,,9.3,,0.45,6.5,6.32,30.0,,,,,,,,,,,,,
2021-10-13,10.1,5.55,36.15,441.25,70.0,7.56,1.51,11.55,36.0,2.77,13.1,30.0,17.45,60.25,163.5,12.0,49.15,1.06,3.77,350.0,87.25,45.4,4.65,,2.45,1.77,4.53,6.0,3.83,384.5,8.14,300.0,4.0,,4.12,25.35,22.25,1.91,10.4,8.1,19.15,86.25,5.04,128.75,42.0,17.1,11.95,3.14,1.4,25.0,16.0,0.24,6.5,30.0,135.0,4.4,209.96,233.43,,176.17,1.35,0.38,21.7,,9.04,,0.45,6.5,6.4,30.0,,,,,,,,,,,,,
2021-10-14,10.25,5.55,37.0,439.75,70.0,7.56,1.5,11.75,36.0,2.79,13.05,30.0,17.5,60.0,163.0,13.0,49.25,1.09,3.74,340.0,87.25,45.05,4.53,,2.46,1.77,4.53,6.0,3.83,384.5,7.78,330.0,3.97,,4.12,25.7,22.0,1.91,10.4,8.1,19.1,86.25,4.9,129.25,42.45,16.9,11.95,3.11,1.29,24.65,15.45,0.24,6.48,30.0,134.5,4.4,210.12,234.3,,177.1,1.35,0.38,21.6,,9.04,,0.45,6.5,5.94,28.2,,,,,,,,,,,,,
2021-10-15,10.15,5.55,37.0,435.5,70.0,7.64,1.48,11.7,36.0,2.69,13.0,30.0,17.5,59.5,164.75,13.0,49.5,1.09,3.71,348.5,88.0,45.1,4.57,,2.46,1.7,4.53,6.0,3.83,384.5,7.78,330.0,3.95,,4.12,25.75,22.15,2.0,10.4,8.1,19.05,86.0,4.91,128.25,43.1,16.9,11.95,3.15,1.4,24.45,16.0,0.23,6.66,30.0,130.75,4.4,210.88,236.31,,178.86,1.33,0.39,21.5,,9.0,,0.45,6.54,5.94,28.2,,,,,,,,,,,,,
2021-10-18,10.1,5.55,37.65,430.0,70.0,7.66,1.5,11.2,36.0,2.69,12.85,30.8,17.5,58.25,164.75,13.0,49.85,1.04,3.72,350.0,87.5,44.8,4.79,,2.45,1.68,4.53,6.0,3.83,384.5,8.0,330.0,3.96,,4.12,25.55,21.75,1.98,10.4,8.1,20.0,86.0,4.9,129.0,42.9,16.9,11.5,3.01,1.4,24.3,16.0,0.23,6.66,30.0,130.75,4.4,210.64,235.67,,178.36,1.33,0.37,21.55,,8.54,,0.45,6.52,6.36,28.0,,,,,,,,,,,,,
2021-10-19,10.2,5.55,37.35,430.0,70.0,7.5,1.47,11.3,36.0,2.69,12.75,30.8,17.5,57.75,165.0,13.0,49.65,1.05,3.98,350.0,87.5,44.6,4.72,,2.46,1.68,4.53,6.0,3.83,384.5,7.7,330.0,3.98,,4.12,25.1,21.65,2.0,10.4,8.0,21.5,90.0,4.75,129.25,42.15,16.15,11.5,3.07,1.37,24.65,16.25,0.22,6.9,30.0,130.75,4.4,209.47,233.36,,176.35,1.35,0.36,21.5,,8.94,,0.45,6.54,6.08,27.5,,,,,,,,,,,,,
2021-10-21,10.05,5.55,37.0,437.5,70.0,7.54,1.48,11.25,36.0,2.65,12.7,30.6,17.5,58.0,170.0,13.2,49.5,1.0,3.85,350.0,87.5,44.45,4.76,,2.45,1.7,4.53,6.0,3.83,384.5,7.8,330.0,3.97,,4.12,25.1,21.75,2.0,10.4,7.82,20.25,90.0,4.58,129.5,42.5,16.1,11.5,3.14,1.37,24.25,16.5,0.22,6.9,30.0,131.0,4.31,210.03,234.64,,177.39,1.35,0.39,21.5,,8.94,,0.45,6.98,5.54,27.5,,,,,,,,,,,,,
2021-10-22,10.05,5.55,37.0,435.5,70.0,7.5,1.44,11.2,36.0,2.63,12.75,30.9,17.5,58.25,169.25,13.2,49.95,0.9,3.76,350.0,87.5,44.2,4.72,,2.45,1.69,4.53,6.0,3.83,384.5,7.76,330.0,3.95,,4.12,25.0,21.75,2.0,10.4,7.62,21.0,90.0,4.59,129.25,42.95,15.3,11.65,3.02,1.38,24.3,16.45,0.22,6.84,30.0,130.75,3.88,210.49,235.84,,178.54,1.35,0.39,21.5,,8.98,,0.45,6.98,5.06,28.0,,,,,,,,,,,,,
2021-10-25,10.1,5.55,36.85,436.25,70.0,7.54,1.34,11.4,36.0,2.65,12.6,30.75,17.5,58.75,167.0,12.75,49.5,0.98,3.69,350.0,87.5,44.0,4.73,,2.46,1.65,4.53,6.0,3.83,384.5,7.8,330.0,3.95,,4.12,24.85,20.2,2.0,10.4,8.0,19.8,90.0,4.88,129.5,42.35,15.0,11.6,3.15,1.27,24.55,16.6,0.22,6.52,30.0,130.75,3.88,208.82,233.48,,176.59,1.35,0.37,21.5,,8.22,,0.45,6.78,4.84,27.5,,,,,,,,,,,,,
2021-10-26,10.1,5.55,36.3,435.0,64.5,7.56,1.34,11.5,35.0,2.6,12.55,30.5,17.55,59.75,166.0,12.75,49.9,1.04,3.75,350.0,85.0,43.95,4.73,,2.43,1.65,4.53,6.0,3.83,384.5,7.5,330.0,3.74,,4.12,24.65,21.25,1.91,10.4,8.0,19.0,90.0,4.8,129.25,42.05,14.75,11.5,3.0,1.26,24.55,16.95,0.23,6.32,30.0,130.75,3.5,208.62,232.78,,175.77,1.35,0.4,21.5,,8.32,,0.45,6.58,5.0,27.5,,,,,,,,,,,,,
2021-10-27,10.15,5.55,36.5,432.5,70.0,7.72,1.33,11.55,35.0,2.48,12.55,30.7,17.5,58.75,166.0,12.45,49.9,1.0,3.75,350.0,85.0,44.0,4.75,,2.4,1.69,4.53,6.0,3.83,385.0,8.0,330.0,3.82,,4.12,24.55,21.25,1.85,10.4,7.8,19.5,93.5,4.85,129.5,42.0,15.0,11.5,3.01,1.26,24.45,15.8,0.23,6.6,30.0,132.0,3.79,208.61,232.64,,175.82,1.35,0.39,21.5,,8.46,,0.45,6.88,5.4,27.5,,,,,,,,,,,,,
2021-10-28,10.2,5.55,36.45,430.0,70.0,8.0,1.32,11.5,36.0,2.46,12.5,30.9,17.8,58.0,165.0,12.45,49.7,0.96,3.89,349.5,85.0,44.0,4.76,,2.4,1.7,4.53,6.0,3.83,385.0,7.5,330.0,3.9,,4.12,24.4,21.6,1.9,10.4,7.8,20.0,93.5,4.8,129.25,42.85,15.0,11.5,3.01,1.27,24.45,15.45,0.23,6.6,30.0,140.0,4.0,209.21,234.69,,177.85,1.32,0.38,21.55,,8.48,,0.45,6.9,5.22,26.5,,,,,,,,,,,,,
2021-10-29,10.2,5.55,36.65,430.0,70.0,7.96,1.28,11.5,36.0,2.56,12.5,32.0,17.75,58.75,166.0,12.0,49.7,1.0,3.81,360.0,85.0,43.95,4.69,,2.42,1.72,4.53,6.0,3.83,385.0,8.0,330.0,3.91,,4.12,24.1,20.7,2.0,10.4,7.8,19.95,94.0,4.79,130.0,42.8,15.0,11.5,3.04,1.35,24.7,16.0,0.23,6.64,30.0,138.0,4.0,209.13,234.75,,177.96,1.35,0.4,21.45,,8.8,,0.45,6.72,5.04,29.0,,,,,,,,,,,,,
2021-11-01,10.1,5.55,36.75,430.0,70.0,8.0,1.25,11.8,36.0,2.48,12.65,32.0,17.6,57.25,165.75,12.45,49.75,1.01,3.99,360.0,90.0,43.95,4.57,,2.4,2.02,4.53,6.0,3.83,415.0,8.0,300.0,3.96,,4.12,24.1,21.05,2.0,10.4,8.1,20.0,92.75,4.73,129.25,41.95,15.0,11.7,2.86,1.32,24.25,16.0,0.23,6.88,30.0,138.0,4.19,208.4,232.48,,175.83,1.35,0.4,21.75,,9.18,,0.45,7.04,5.34,29.0,,,,,,,,,,,,,
2021-11-02,10.1,5.55,36.15,430.0,64.5,7.76,1.3,12.3,36.0,2.44,12.5,32.75,17.75,57.5,167.0,12.4,50.0,1.0,3.8,350.0,85.0,43.85,4.71,,2.39,1.98,4.53,6.0,3.83,385.0,8.06,300.0,3.93,,4.12,24.1,21.5,1.94,10.4,8.0,19.05,87.0,4.85,129.0,41.65,15.0,11.7,3.0,1.31,24.45,15.5,0.22,6.98,28.5,138.0,4.19,208.3,231.77,,174.85,1.34,0.38,21.9,,8.48,,0.45,7.04,5.12,28.75,,,,,,,,,,,,,
2021-11-03,10.15,5.55,36.05,430.0,70.0,7.72,1.3,13.25,36.0,2.45,12.5,32.0,17.65,57.0,169.25,13.55,50.0,1.04,3.72,350.0,85.0,43.55,4.72,,2.4,1.94,4.53,6.0,3.83,385.0,8.0,300.0,3.77,,4.12,24.5,21.5,2.0,10.4,8.0,20.0,95.0,4.89,130.0,41.6,15.0,12.0,3.0,1.3,24.35,15.5,0.22,6.98,28.5,138.0,4.19,208.21,231.72,,175.04,1.33,0.37,21.85,,8.54,,0.45,7.06,4.93,28.75,,,,,,,,,,,,,
2021-11-04,10.3,5.55,36.75,429.5,70.0,7.7,1.3,13.1,36.0,2.43,12.5,32.0,17.7,57.0,169.0,13.0,50.0,0.97,3.81,350.0,85.0,43.5,4.72,,2.39,1.91,4.53,6.0,3.83,385.0,7.5,300.0,3.71,,4.12,24.45,21.2,1.92,10.4,8.0,20.0,87.0,4.9,129.75,41.05,16.0,11.5,3.0,1.3,24.6,16.0,0.22,6.9,28.5,138.0,4.22,207.81,230.19,,173.4,1.23,0.4,21.7,,8.38,,0.45,7.1,4.83,28.75,,,,,,,,,,,,,
2021-11-05,10.25,5.55,36.45,430.0,70.0,7.82,1.41,13.05,36.0,2.4,12.5,32.0,17.65,57.0,169.0,13.0,49.9,0.96,3.82,343.75,85.0,43.5,4.68,,2.32,1.91,4.53,6.0,3.83,385.0,7.5,300.0,3.8,,4.12,24.1,21.55,1.92,10.4,8.0,19.65,87.0,4.85,129.75,40.2,16.0,12.4,3.01,1.3,24.25,16.0,0.22,6.4,28.5,138.0,4.22,206.7,227.71,,170.94,1.35,0.41,21.75,,8.32,,0.45,7.06,4.98,26.5,,,,,,,,,,,,,
2021-11-08,10.25,5.55,36.05,430.0,66.25,7.54,1.38,13.05,36.0,2.38,12.4,32.0,17.65,57.5,165.25,14.0,50.25,0.96,4.16,345.25,81.0,44.0,4.61,,2.32,1.9,4.53,6.0,3.83,385.0,6.8,300.0,3.91,,4.12,24.15,20.0,1.97,10.4,8.0,19.9,87.0,5.0,129.5,40.05,16.0,12.4,2.97,1.3,24.8,16.0,0.22,6.3,28.5,138.0,3.8,206.63,227.4,,170.41,1.35,0.4,21.85,,8.2,,0.45,7.0,4.97,26.5,,,,,,,,,,,,,
2021-11-09,10.4,5.55,35.5,428.25,68.75,7.54,1.28,13.05,36.0,2.36,12.4,33.6,17.7,60.0,165.0,14.0,51.75,0.95,4.17,345.25,81.0,44.4,4.52,,2.33,1.9,4.53,6.0,3.83,385.0,7.0,300.0,3.91,,4.12,24.15,20.0,1.97,10.4,8.0,19.0,87.0,4.54,129.25,40.1,16.0,12.5,2.81,1.3,24.8,16.0,0.22,6.4,28.5,134.0,3.8,208.37,228.8,,171.03,1.35,0.39,21.8,,8.4,,0.45,7.06,4.98,27.0,,,,,,,,,,,,,
2021-11-10,10.3,5.55,35.15,429.5,69.0,7.52,1.25,13.0,36.0,2.41,12.35,32.7,17.5,57.75,164.0,14.0,53.25,0.89,4.24,345.25,81.0,44.65,4.6,,2.32,1.88,4.53,6.0,3.83,385.0,7.0,300.0,3.95,,4.12,24.05,20.0,2.0,10.4,8.0,19.0,87.25,4.6,129.5,40.5,16.0,12.5,2.99,1.3,24.95,16.85,0.22,6.3,28.5,134.0,3.8,210.15,230.81,,172.48,1.35,0.4,22.25,,8.42,,0.45,6.94,4.96,28.5,,,,,,,,,,,,,
2021-11-11,10.3,5.55,35.6,429.0,70.0,7.52,1.22,13.0,36.0,2.41,12.45,30.75,15.95,58.0,162.75,12.7,53.0,0.85,4.23,340.0,81.0,44.65,4.6,,2.3,1.88,4.53,6.0,3.83,415.0,7.38,300.0,3.78,,4.12,24.0,20.0,2.0,10.4,8.0,18.45,94.0,4.57,129.25,40.5,16.0,11.5,2.99,1.17,24.75,16.55,0.21,6.38,28.5,134.0,3.5,209.54,230.32,,172.42,1.3,0.37,21.9,,8.44,,0.45,6.98,5.14,27.85,,,,,,,,,,,,,
2021-11-12,10.2,5.55,35.4,429.0,70.0,7.5,1.29,13.0,32.95,2.39,12.55,31.6,15.15,58.0,162.25,13.9,52.5,0.85,4.15,340.0,81.0,44.5,4.53,,2.33,1.84,4.53,6.0,3.83,415.0,7.02,300.0,3.93,,4.12,23.95,20.0,2.0,10.4,8.0,18.1,94.0,4.54,130.5,40.2,16.0,11.5,2.99,1.17,24.65,16.2,0.21,6.4,28.5,134.0,3.5,208.25,228.95,,171.47,1.33,0.37,21.95,,8.38,,0.45,6.98,5.32,28.5,,,,,,,,,,,,,
2021-11-15,10.4,5.55,36.5,429.0,70.0,7.56,1.23,12.95,32.5,2.33,12.5,30.5,15.25,57.5,160.0,13.9,52.0,0.89,4.45,340.0,81.0,44.35,4.56,,2.33,1.8,4.53,6.0,3.83,415.0,7.6,300.0,3.91,,4.12,24.0,20.0,2.0,10.4,8.0,18.25,94.0,4.5,129.5,40.05,14.45,11.85,2.89,1.2,24.55,16.2,0.22,6.4,28.5,132.0,3.8,207.63,227.9,,170.83,1.35,0.39,21.6,,8.24,,0.45,6.52,5.04,28.5,,,,,,,,,,,,,
2021-11-16,10.35,5.55,36.5,428.25,68.0,7.4,1.28,13.05,32.9,2.31,12.5,30.5,15.55,57.5,160.25,13.9,51.5,0.89,4.51,340.0,81.0,44.55,4.58,,2.27,1.78,4.53,6.0,3.83,385.0,7.0,300.0,3.92,,4.12,23.75,20.0,1.93,10.4,8.0,18.25,94.0,4.41,130.5,40.05,14.45,11.5,2.71,1.3,24.55,16.2,0.22,6.4,28.5,133.75,3.54,207.35,227.77,,170.54,1.35,0.38,21.55,,8.24,,0.45,6.54,4.92,26.9,,,,,,,,,,,,,
2021-11-17,10.35,5.55,35.35,428.75,68.0,7.22,1.29,13.15,32.9,2.32,12.45,30.5,15.35,57.25,158.5,13.9,51.5,0.93,4.49,328.0,81.0,44.55,4.56,,2.26,1.78,4.53,6.0,3.83,385.0,7.5,300.0,3.9,,4.12,23.75,20.15,1.82,10.4,7.2,18.0,90.5,4.38,129.75,39.85,14.45,11.5,2.71,1.19,24.5,15.6,0.22,6.8,28.5,133.75,3.54,206.72,226.84,,169.7,1.3,0.38,21.65,,8.5,,0.45,6.7,4.45,26.9,,,,,,,,,,,,,
2021-11-18,10.45,5.55,35.65,428.75,68.0,7.02,1.28,12.95,32.9,2.26,12.45,30.5,15.05,57.5,158.75,13.9,52.0,0.98,4.78,328.0,81.0,45.3,4.51,,2.23,1.76,4.53,6.0,3.83,385.0,7.5,297.0,3.98,,4.12,23.65,20.0,1.99,10.4,7.2,18.0,90.75,4.31,129.0,39.7,14.7,11.5,2.71,1.19,24.5,15.6,0.23,6.8,28.5,137.5,3.8,207.76,227.23,,169.5,1.3,0.38,21.5,,8.22,,0.45,6.7,4.1,26.9,,,,,,,,,,,,,
2021-11-19,10.5,5.55,36.0,426.5,68.0,7.24,1.3,13.0,35.5,2.3,12.3,30.5,15.05,57.0,157.0,13.9,52.0,0.89,4.9,328.0,82.0,45.9,4.6,,2.27,1.71,4.53,6.0,3.83,385.0,7.46,297.0,3.98,,4.12,23.75,20.0,2.0,10.4,7.2,18.65,91.75,4.26,128.75,39.25,15.5,11.5,2.85,1.18,24.4,15.6,0.24,6.8,28.5,134.0,3.8,207.7,226.22,,168.43,1.31,0.4,21.45,,8.32,,0.45,6.84,3.81,26.9,,,,,,,,,,,,,
2021-11-22,10.45,5.55,35.55,423.75,70.0,7.26,1.29,13.0,35.5,2.27,12.45,30.5,15.0,57.0,158.0,13.9,52.0,0.88,4.85,328.0,82.0,44.95,4.48,,2.26,1.73,4.53,6.0,3.83,385.0,7.04,300.0,4.0,,4.12,23.5,19.15,2.0,10.4,7.2,18.0,91.75,4.11,128.5,37.95,15.3,11.5,2.61,1.2,24.35,15.75,0.23,6.9,28.5,134.0,3.8,205.39,221.93,,164.81,1.33,0.4,21.0,,8.2,,0.45,6.96,4.18,26.4,,,,,,,,,,,,,
2021-11-23,10.75,5.55,35.55,424.0,68.75,7.14,1.27,13.0,35.5,2.15,12.35,30.5,15.1,57.0,157.5,14.0,51.75,0.88,4.7,340.0,82.0,44.7,4.34,,2.26,1.75,4.53,6.0,3.83,385.0,6.78,300.0,4.04,,4.12,23.55,19.5,1.82,10.4,7.2,18.0,91.75,4.25,128.5,37.55,14.85,11.5,2.87,1.3,24.4,15.45,0.23,6.5,28.5,130.5,3.8,204.51,220.64,,163.78,1.3,0.39,21.25,,8.24,,0.45,6.88,4.57,28.0,,,,,,,,,,,,,
2021-11-24,10.9,5.55,35.25,424.0,68.75,7.0,1.2,13.1,35.5,2.0,12.3,30.5,14.9,55.75,155.0,14.0,51.5,0.85,4.46,340.0,82.0,44.0,4.43,,2.26,1.74,4.53,6.0,3.83,423.5,6.74,300.0,4.0,,4.12,23.1,19.35,2.0,10.4,7.6,18.0,91.75,4.22,128.0,36.95,14.85,11.4,2.65,1.3,24.45,15.0,0.22,6.5,28.5,131.75,4.05,202.81,218.02,,161.84,1.28,0.39,21.15,,8.3,,0.45,6.8,5.0,27.0,,,,,,,,,,,,,
2021-11-25,10.9,5.55,35.25,424.0,67.25,7.46,1.29,12.9,35.5,2.18,12.3,30.5,14.55,56.25,153.5,14.0,51.5,0.85,4.14,349.0,82.0,44.0,4.45,,2.29,1.76,4.53,6.0,3.83,423.5,6.8,300.0,3.97,,4.12,23.25,18.65,1.95,10.4,7.6,18.0,93.0,4.24,127.75,37.0,15.0,11.0,2.63,1.3,24.25,15.0,0.22,6.9,28.5,131.75,3.8,202.65,218.07,,162.14,1.3,0.38,21.15,,8.28,,0.45,6.6,5.3,27.0,,,,,,,,,,,,,
2021-11-26,10.95,5.55,35.6,434.0,70.0,7.42,1.29,12.9,35.5,2.3,12.35,30.5,14.95,57.0,154.0,14.0,51.5,0.88,4.32,340.0,82.0,43.85,4.4,,2.36,1.79,4.53,6.0,3.83,423.5,6.8,300.0,3.93,,4.12,23.5,18.85,2.0,10.4,7.6,18.1,91.0,4.24,127.5,38.0,14.85,11.0,2.65,1.23,24.5,15.0,0.23,6.9,27.55,131.0,3.8,204.19,220.88,,164.77,1.35,0.39,20.9,,8.42,,0.45,6.68,5.68,26.6,,,,,,,,,,,,,
2021-11-29,11.25,5.55,35.15,430.0,70.0,7.5,1.29,11.65,32.45,2.29,12.3,30.5,15.45,56.5,154.5,12.9,50.25,0.92,4.33,345.0,82.0,43.55,4.38,,2.31,1.76,4.53,6.0,3.83,423.5,6.8,300.0,3.9,,4.12,24.2,18.7,1.98,10.4,7.0,18.2,92.25,4.16,128.25,38.05,14.9,11.85,2.68,1.24,24.25,14.2,0.21,6.9,27.55,131.0,3.8,203.02,220.21,,164.77,1.3,0.4,21.0,,8.7,,0.45,6.7,6.1,26.6,,,,,,,,,,,,,
2021-11-30,11.05,5.55,35.25,430.25,70.0,7.2,1.29,11.2,32.45,2.24,12.2,30.5,15.05,56.0,153.0,12.7,49.0,0.86,4.21,340.0,82.0,43.4,4.42,,2.33,1.75,4.53,6.0,3.83,423.5,6.56,300.0,3.91,,4.12,24.7,18.15,1.81,10.4,7.0,18.2,92.25,4.01,128.25,37.95,15.0,11.5,2.68,1.31,24.25,14.2,0.23,6.9,27.55,130.25,3.8,201.01,218.59,,163.9,1.3,0.4,20.8,,8.64,,0.45,6.72,6.0,26.6,,,,,,,,,,,,,
2021-12-01,10.9,5.55,35.5,430.0,70.0,7.2,1.24,11.0,35.5,2.19,12.05,30.5,15.05,54.75,152.0,12.8,48.25,0.92,4.2,340.0,82.0,42.25,4.42,,2.33,1.75,4.53,6.0,3.83,423.5,6.74,300.0,3.9,,4.12,24.6,18.8,1.99,10.4,7.04,19.0,91.75,4.02,129.0,37.9,13.55,11.5,2.74,1.26,23.75,15.4,0.23,6.9,27.55,129.0,3.8,198.73,216.91,,163.2,1.28,0.39,20.9,,8.66,,0.45,6.54,5.98,26.6,,,,,,,,,,,,,
2021-12-02,10.8,5.55,35.45,428.5,70.0,7.14,1.24,11.15,31.95,2.08,11.8,30.5,14.8,55.5,149.75,13.95,47.35,0.94,4.17,340.0,82.0,41.1,4.04,,2.37,1.75,4.53,6.0,3.83,423.5,6.52,300.0,3.64,,4.12,24.25,17.95,1.99,10.4,7.0,19.0,90.75,4.07,129.0,37.9,13.5,11.5,2.89,1.26,24.05,15.4,0.24,6.9,27.55,129.25,3.8,195.42,214.88,,162.24,1.28,0.4,20.75,,8.68,,0.45,6.7,5.98,27.0,,,,,,,,,,,,,
2021-12-03,11.05,5.55,35.05,427.0,70.0,6.94,1.25,11.05,35.0,2.16,11.8,30.6,14.35,55.25,150.0,13.95,46.6,0.96,4.1,339.75,82.0,41.15,4.34,,2.32,1.74,4.53,6.0,3.83,423.5,6.98,300.0,3.9,,4.12,24.0,18.35,1.99,10.4,7.0,19.0,90.5,4.07,129.0,37.05,14.65,11.5,2.77,1.3,25.0,15.4,0.22,6.9,27.55,129.25,4.17,194.49,212.33,,160.03,1.3,0.4,20.6,,8.58,,0.45,6.68,5.88,27.0,,,,,,,,,,,,,
2021-12-06,10.8,5.55,34.25,420.25,70.0,6.9,1.28,10.9,35.0,2.23,12.0,30.6,14.4,58.5,148.5,13.8,45.0,1.01,3.88,339.75,82.0,41.1,4.21,,2.28,1.74,4.53,6.0,3.83,423.5,7.04,300.0,3.9,,4.12,23.15,17.8,1.94,10.4,7.0,18.4,87.0,4.09,129.0,36.95,13.55,11.4,2.89,1.31,24.0,14.0,0.22,6.9,27.65,127.0,4.17,192.14,210.91,,159.06,1.25,0.4,21.1,,8.58,,0.45,6.54,6.0,27.0,,,,,,,,,,,,,
2021-12-07,10.85,5.55,33.55,421.5,71.0,7.0,1.19,10.8,35.0,2.18,11.8,30.5,14.9,57.0,150.0,13.8,45.15,1.02,3.99,306.0,90.0,41.0,4.23,,2.23,1.74,4.53,6.0,3.83,423.5,7.24,300.0,3.99,,4.12,23.15,18.0,1.97,10.4,7.0,18.4,87.0,4.22,128.75,36.5,14.45,11.55,3.0,1.25,24.05,14.0,0.22,6.3,27.65,126.0,4.17,191.79,209.41,,157.53,1.35,0.37,21.0,,8.5,,0.45,6.16,5.6,24.3,,,,,,,,,,,,,
2021-12-08,10.95,5.55,33.9,421.5,72.0,6.8,1.25,10.8,35.0,2.13,11.95,30.5,14.3,56.5,150.5,13.8,46.95,1.02,3.99,336.0,90.0,42.75,4.29,,2.29,1.8,4.53,6.0,3.83,423.5,7.0,300.0,3.95,,4.12,23.5,17.7,1.99,10.4,7.0,18.4,87.25,4.11,127.5,36.6,13.55,11.5,2.7,1.34,24.5,14.0,0.22,6.3,27.65,126.0,4.17,195.6,212.43,,158.96,1.35,0.39,21.0,,8.58,,0.45,6.2,5.94,26.35,,,,,,,,,,,,,
2021-12-09,10.95,5.55,33.8,430.0,72.0,6.96,1.21,10.8,31.5,2.15,12.0,31.1,14.8,58.0,149.5,13.8,47.05,1.02,4.0,336.0,90.0,43.15,4.28,,2.27,1.76,4.53,6.0,3.83,423.5,6.9,300.0,3.98,,4.12,23.95,17.9,1.99,10.4,7.0,18.85,87.0,4.14,124.0,36.95,14.9,11.5,2.7,1.28,24.5,15.4,0.22,6.3,27.65,126.0,4.17,196.69,213.71,,160.03,1.35,0.39,20.95,,8.52,,0.45,6.4,5.98,26.35,,,,,,,,,,,,,
2021-12-10,11.05,5.55,35.15,430.0,72.0,6.98,1.24,10.8,34.0,2.16,12.2,31.1,14.45,56.0,149.0,13.95,47.5,1.02,3.97,336.0,90.0,43.25,4.49,,2.29,1.74,4.53,6.0,3.83,423.5,7.16,300.0,4.0,,4.12,24.05,18.9,1.99,10.4,6.48,20.6,92.25,4.04,127.0,37.8,14.9,11.5,2.75,1.28,24.0,15.4,0.23,6.3,27.65,126.0,4.17,198.78,216.6,,162.77,1.35,0.39,20.95,,8.44,,0.45,6.52,6.04,26.35,,,,,,,,,,,,,
2021-12-14,11.2,5.55,34.95,427.5,72.0,7.18,1.22,10.8,34.0,2.13,12.3,31.1,14.6,56.0,149.0,13.6,48.65,1.04,4.0,330.0,90.0,43.2,4.55,,2.29,1.73,4.53,6.0,3.83,423.5,7.32,300.0,4.0,,4.12,24.5,18.6,1.95,10.4,7.0,20.6,92.25,3.98,127.0,37.75,13.6,11.5,2.69,1.3,24.0,15.05,0.23,6.9,27.65,126.0,4.17,200.05,217.2,,163.11,1.35,0.39,20.95,,8.5,,0.45,6.62,6.14,26.35,,,,,,,,,,,,,
2021-12-15,11.05,5.55,35.0,429.0,72.0,7.24,1.25,10.7,34.0,2.11,12.3,31.1,14.75,56.0,149.0,13.6,48.95,1.03,3.96,330.0,90.0,43.75,4.51,,2.35,1.7,4.53,6.0,3.83,385.0,7.32,300.0,3.98,,4.12,24.95,18.75,1.8,10.4,6.52,22.4,92.25,4.0,127.0,37.7,13.65,11.55,2.69,1.3,24.05,15.4,0.23,6.9,27.65,126.0,4.17,200.66,217.54,,163.13,1.35,0.38,20.65,,8.58,,0.45,6.6,6.16,26.35,,,,,,,,,,,,,
2021-12-16,11.0,5.55,35.0,429.0,72.0,7.02,1.28,10.8,34.0,2.12,12.3,31.1,14.6,57.0,150.0,13.6,49.35,1.04,3.81,329.75,90.0,44.0,4.48,,2.32,1.7,4.53,6.0,3.83,385.0,7.04,300.0,3.95,,4.12,25.05,18.15,1.95,10.4,6.06,20.55,92.25,3.96,126.75,37.75,14.95,11.55,2.69,1.3,23.15,15.4,0.23,6.9,27.65,126.0,4.15,201.2,218.1,,163.31,1.35,0.39,20.35,,8.5,,0.45,6.62,6.0,26.35,,,,,,,,,,,,,
2021-12-17,11.2,5.55,35.05,435.0,72.0,7.1,1.28,10.8,34.0,2.14,12.3,31.5,14.45,57.0,148.25,13.6,48.65,1.02,3.74,329.75,90.0,44.1,4.13,,2.22,1.73,4.53,6.0,3.83,385.0,7.24,300.0,4.0,,4.12,25.05,18.5,1.98,10.4,6.06,20.3,92.5,3.91,126.5,37.95,14.5,11.5,2.8,1.3,23.2,15.4,0.23,6.9,27.65,126.0,4.15,200.52,218.11,,163.64,1.35,0.39,20.8,,8.5,,0.45,6.62,6.48,26.4,,,,,,,,,,,,,
2021-12-20,11.1,5.55,34.65,435.0,72.0,7.06,1.21,10.8,34.0,2.11,12.2,30.5,14.4,57.25,151.0,12.85,48.75,1.01,3.96,329.75,90.0,44.5,4.27,,2.32,1.7,4.53,6.0,3.83,385.0,7.24,305.0,4.0,,4.12,25.0,18.95,2.0,10.4,6.06,20.3,94.0,4.0,127.5,38.0,14.95,11.55,2.77,1.3,23.5,15.4,0.23,6.9,27.65,138.5,4.15,201.47,219.0,,164.09,1.35,0.4,20.95,,8.46,,0.45,6.66,6.34,26.65,,,,,,,,,,,,,
2021-12-21,11.2,5.55,34.1,435.0,72.0,6.74,1.29,10.8,33.9,2.07,12.45,30.5,14.5,57.0,161.75,12.85,49.0,1.04,3.69,328.5,90.0,44.65,4.28,,2.3,1.7,4.53,6.0,3.83,385.0,7.0,335.0,3.95,,4.12,25.05,20.0,1.92,10.4,6.06,21.95,92.0,4.0,127.0,38.05,14.95,11.55,2.73,1.25,24.1,15.4,0.23,6.9,27.65,129.0,4.15,203.6,220.69,,164.92,1.35,0.39,21.15,,8.32,,0.45,6.6,6.22,27.4,,,,,,,,,,,,,
2021-12-22,11.2,5.55,34.25,436.0,72.0,7.04,1.26,10.65,33.9,2.12,12.5,30.5,14.2,57.25,164.5,12.85,49.15,1.01,3.85,310.25,90.0,44.75,4.28,,2.32,1.73,4.53,6.0,3.83,385.0,7.24,335.0,3.99,,4.12,25.5,18.05,2.0,10.4,6.06,21.85,92.0,4.0,127.0,38.65,14.95,11.55,2.54,1.3,23.95,15.4,0.23,7.0,27.65,138.5,3.85,204.8,222.62,,166.79,1.35,0.37,21.25,,8.32,,0.45,6.56,6.22,28.65,,,,,,,,,,,,,
2021-12-23,11.3,5.55,36.45,440.0,70.5,7.08,1.22,11.0,33.9,2.1,12.5,30.5,14.25,57.25,165.0,13.8,48.65,0.96,4.0,310.25,89.0,44.9,4.31,,2.3,1.75,4.53,6.0,3.83,385.0,7.04,335.0,3.96,,4.12,25.45,18.95,1.97,10.4,6.06,21.95,92.0,4.0,127.0,39.95,14.95,11.55,2.78,1.3,24.0,15.4,0.24,7.0,27.65,135.0,3.85,206.38,226.23,,170.12,1.34,0.39,21.25,,8.42,,0.45,6.52,5.76,28.0,,,,,,,,,,,,,
2021-12-24,11.55,5.55,36.6,440.0,70.5,7.04,1.22,11.0,33.9,2.2,12.45,30.5,14.1,59.5,168.0,13.8,48.5,0.99,3.9,310.25,89.0,45.2,4.24,,2.29,1.74,4.53,6.0,3.83,385.0,7.04,320.0,3.96,,4.12,25.75,19.95,1.78,10.4,6.06,21.9,92.0,4.05,128.0,40.0,14.95,11.55,2.78,1.3,24.95,15.25,0.23,7.0,27.65,130.25,3.85,207.44,227.09,,170.57,1.35,0.4,21.5,,8.42,,0.45,6.48,5.36,28.0,,,,,,,,,,,,,
2021-12-28,11.6,5.55,36.05,435.0,70.0,7.48,1.21,11.0,33.95,2.2,12.7,31.95,14.2,60.0,168.0,13.5,49.6,0.95,3.91,316.75,89.0,44.95,4.15,,2.25,1.73,4.53,6.0,3.83,385.0,7.18,320.0,4.0,,4.12,25.45,18.15,1.81,10.4,6.06,21.9,86.75,4.11,128.0,39.35,13.55,11.55,2.68,1.19,25.2,15.0,0.23,7.0,27.65,130.0,4.04,207.46,225.9,,169.1,1.35,0.39,21.5,,8.38,,0.45,6.5,5.08,28.95,,,,,,,,,,,,,
2021-12-29,11.8,5.55,37.15,441.5,70.0,7.68,1.2,10.9,31.0,2.18,12.9,31.95,14.2,60.0,167.75,13.5,50.0,0.98,3.88,316.75,95.5,45.0,4.19,,2.29,1.74,4.53,6.0,3.83,385.0,7.4,320.0,4.0,,4.12,25.3,18.35,1.97,10.4,6.06,20.75,86.75,4.0,128.0,38.75,13.55,11.55,2.78,1.17,25.7,15.25,0.23,6.74,27.65,130.0,4.1,207.86,224.85,,167.88,1.35,0.37,21.4,,8.3,,0.45,6.52,5.56,28.5,,,,,,,,,,,,,
2021-12-30,11.7,5.55,37.65,441.5,70.0,7.66,1.23,11.0,33.95,2.29,12.9,31.95,14.2,59.5,165.25,13.5,51.0,0.98,3.93,316.75,95.5,45.15,4.1,,2.24,1.74,4.53,6.0,3.83,385.0,7.4,320.0,4.0,,4.12,26.0,18.15,1.99,10.4,6.06,18.7,88.0,4.11,128.0,37.65,13.55,11.55,2.78,1.17,25.7,15.25,0.23,6.74,27.65,130.0,4.1,207.14,222.24,,165.27,1.33,0.39,21.4,,8.26,,0.45,6.26,5.78,29.0,,,,,,,,,,,,,
2021-12-31,11.85,5.55,38.0,441.5,70.0,7.5,1.2,11.0,33.95,2.21,12.95,30.5,14.1,59.5,165.0,13.5,52.75,0.98,3.9,316.75,95.5,45.45,4.19,,2.3,1.75,4.53,6.0,3.83,385.0,7.0,320.0,4.0,,4.12,25.2,18.45,2.0,10.4,6.66,18.7,87.25,4.14,128.25,37.95,13.55,11.55,2.86,1.17,25.0,15.25,0.24,6.74,27.65,130.0,4.1,209.5,224.4,,166.46,1.26,0.4,21.1,,8.0,,0.45,6.26,6.06,29.0,,,,,,,,,,,,,
2023-01-03,12.2,5.55,31.45,460.0,70.75,5.2,0.85,11.95,49.0,1.91,12.1,41.5,8.2,49.85,170.0,10.5,45.05,0.72,3.15,198.75,115.75,38.35,3.22,,1.87,1.62,4.11,6.0,3.83,385.0,5.04,420.0,3.0,0.27,4.12,38.95,15.8,2.96,10.4,6.8,22.45,102.0,2.87,145.0,24.05,10.45,9.58,2.12,0.99,23.85,13.0,0.21,7.48,32.0,160.0,4.63,,,,127.34,1.1,0.34,17.05,,6.8,,0.45,,3.94,30.0,,,,4.66,,,,,,,,,
2023-01-04,12.1,5.55,31.15,459.5,70.75,5.14,0.86,12.3,49.0,1.97,12.1,40.0,8.46,51.0,169.0,10.55,45.15,0.69,3.06,193.25,115.75,38.2,3.26,,1.86,1.67,4.11,6.0,3.83,385.0,4.59,420.0,3.0,0.27,4.12,38.8,15.9,2.96,10.4,6.8,22.45,102.0,3.0,149.25,23.9,9.42,8.64,2.13,0.95,23.65,13.0,0.23,7.5,32.0,160.0,4.87,,,,126.94,1.1,0.34,17.05,,6.8,,0.45,,3.97,30.05,,,,4.66,,,,,,,,,
2023-01-05,12.05,5.55,31.3,459.75,71.0,5.26,0.86,12.4,48.2,1.95,12.25,38.0,8.5,51.25,174.25,10.55,45.35,0.71,3.12,191.0,104.25,38.35,3.26,,1.88,1.69,4.11,6.0,3.83,385.0,4.59,420.0,3.2,0.27,4.12,38.6,16.35,2.98,10.4,7.46,22.4,102.25,3.03,148.75,23.9,8.74,7.94,2.12,1.04,21.85,13.0,0.23,7.5,32.0,154.75,5.0,,,,127.32,1.1,0.35,17.15,,6.96,,0.45,,4.32,30.0,,,,4.66,,,,,,,,,
2023-01-06,12.05,5.55,31.45,460.0,71.0,5.4,0.9,12.4,47.0,1.95,12.4,38.0,8.32,52.0,173.75,10.55,45.55,0.7,3.1,200.0,104.25,39.2,3.24,,1.89,1.68,4.11,6.0,3.83,385.0,4.66,420.0,3.25,0.27,4.12,39.65,16.25,2.72,10.4,7.46,21.95,102.25,3.02,150.5,23.5,8.74,7.94,2.12,1.13,24.0,13.9,0.23,7.5,32.0,160.0,4.5,,,,126.85,1.1,0.35,17.4,,6.98,,0.45,,4.66,30.0,,,,4.66,,,,,,,,,
2023-01-09,12.1,5.55,31.0,458.75,71.0,5.32,0.98,12.4,48.0,1.92,12.4,38.0,8.56,53.0,174.0,10.55,45.5,0.74,3.1,200.0,104.25,39.05,3.23,,1.92,1.68,4.11,6.0,3.83,385.0,4.57,420.0,3.2,0.27,4.12,40.0,16.0,2.96,10.4,7.64,22.4,107.5,3.0,153.75,23.35,8.74,8.72,2.33,1.13,23.95,13.9,0.24,7.54,31.0,160.0,4.5,,,,126.69,1.1,0.35,17.15,,6.86,,0.45,,4.77,30.0,,,,4.66,,,,,,,,,
2023-01-10,12.05,5.55,30.35,459.25,71.0,5.3,0.98,12.4,47.0,1.85,12.3,38.0,8.48,55.25,172.25,10.55,45.5,0.71,3.1,200.0,104.25,39.05,3.21,,1.9,1.63,4.11,6.0,3.83,385.0,4.59,420.0,3.02,0.27,4.12,39.8,15.95,2.96,10.4,7.64,22.1,108.75,3.01,156.0,22.95,8.74,8.92,2.2,1.09,23.95,13.0,0.23,7.54,31.0,156.25,4.95,,,,125.54,1.1,0.33,17.0,,6.82,,0.45,,4.76,30.0,,,,4.66,,,,,,,,,
2023-01-11,12.25,5.55,30.55,455.25,72.0,5.36,1.04,12.4,48.0,1.94,12.5,38.35,8.56,54.0,171.5,11.35,46.05,0.71,3.11,199.5,104.25,38.95,3.19,,1.86,1.64,4.11,6.0,3.83,385.0,5.04,420.0,3.0,0.27,4.12,39.55,15.95,2.98,10.4,8.0,21.9,108.5,3.0,159.0,22.65,9.6,9.04,2.38,1.11,22.9,12.0,0.22,8.0,31.0,156.25,5.1,,,,125.05,1.1,0.32,17.0,,7.0,,0.45,,4.74,30.0,,,,4.66,,,,,,,,,
2023-01-12,12.35,5.55,30.05,451.0,72.0,5.5,1.05,12.4,45.0,1.95,12.3,38.35,8.5,53.0,170.0,11.35,46.9,0.69,3.13,199.75,108.75,38.9,3.17,,1.86,1.59,4.11,6.0,3.83,385.25,5.04,420.0,3.0,0.27,4.12,39.95,16.0,3.0,10.4,7.5,20.9,108.5,3.2,156.25,22.25,10.3,9.04,2.16,1.12,22.4,12.0,0.22,8.12,31.0,156.25,5.1,,,,124.01,1.1,0.35,17.0,,6.92,,0.45,,4.7,30.0,,,,4.66,,,,,,,,,
2023-01-13,12.25,5.55,29.05,450.0,72.0,5.56,1.01,12.35,45.0,1.95,12.6,38.35,8.34,53.0,172.5,11.25,46.55,0.73,3.14,195.0,109.0,38.7,3.18,,1.86,1.58,4.11,6.0,3.83,385.25,5.52,420.0,3.27,0.27,4.12,38.7,15.65,3.0,11.4,6.94,21.4,108.75,3.14,155.5,22.0,10.5,9.04,2.16,1.12,22.4,12.0,0.22,8.1,31.0,156.0,5.1,,,,123.26,1.1,0.35,17.0,,6.9,,0.45,,4.53,30.0,,,,4.66,,,,,,,,,
2023-01-16,12.25,5.55,29.9,449.75,72.0,5.52,0.99,12.4,45.0,1.95,12.3,39.0,8.58,54.5,172.0,11.25,46.5,0.73,3.2,195.0,109.0,38.5,3.16,,1.82,1.52,4.11,6.0,3.83,385.25,5.52,420.0,3.27,0.27,4.12,39.1,15.9,2.79,11.4,6.94,20.65,108.75,3.17,155.75,21.55,9.54,9.04,2.16,1.15,22.65,12.0,0.23,8.04,31.0,155.0,5.1,,,,121.96,1.0,0.35,17.0,,6.9,,0.45,,4.31,30.0,,,,4.66,,,,,,,,,
2023-01-17,12.25,5.55,29.9,449.75,72.0,5.52,0.99,12.4,45.0,1.95,12.3,39.0,8.58,54.5,172.0,11.25,46.5,0.73,3.2,195.0,109.0,38.5,3.16,,1.82,1.52,4.11,6.0,3.83,385.25,5.52,420.0,3.27,0.27,4.12,39.1,15.9,2.79,11.4,6.94,20.65,108.75,3.17,155.75,21.55,9.54,9.04,2.16,1.15,22.65,12.0,0.23,8.04,31.0,155.0,5.1,,,,121.96,1.0,0.35,17.0,,6.9,,0.45,,4.31,30.0,,,,4.66,,,,,,,,,
2023-01-18,12.15,5.55,30.45,450.0,65.0,5.42,1.01,12.3,45.0,1.94,12.3,38.0,8.34,54.5,170.0,11.3,46.0,0.7,3.13,199.75,109.0,38.25,3.11,,1.8,1.53,4.11,6.0,3.83,420.0,5.0,420.0,3.02,0.27,4.12,38.85,16.0,2.91,11.4,6.92,20.3,110.5,3.04,155.25,20.6,9.96,8.3,2.31,1.2,22.65,12.45,0.23,8.26,31.0,154.25,5.0,,,,119.37,1.0,0.32,17.1,,6.76,,0.45,,4.35,31.0,,,,4.66,,,,,,,,,
2023-01-19,12.2,5.55,30.4,450.0,65.5,5.36,1.1,12.3,45.0,1.94,12.3,38.0,8.32,53.0,170.0,11.3,46.0,0.7,3.2,199.5,109.0,38.4,3.14,,1.84,1.5,4.11,6.0,3.83,420.0,4.99,420.0,3.2,0.27,4.12,38.4,16.3,2.7,12.5,6.92,20.3,110.25,3.0,154.75,21.75,9.96,8.3,2.36,1.2,23.5,12.45,0.23,8.18,31.0,155.0,5.0,,,,122.2,1.1,0.32,17.0,,6.88,,0.45,,4.23,31.0,,,,4.66,,,,,,,,,
2023-01-20,12.3,5.55,30.4,451.75,65.5,5.36,1.03,12.3,45.0,1.91,12.4,38.0,8.36,51.25,168.5,11.3,46.0,0.7,3.13,196.25,109.0,38.4,3.18,,1.8,1.52,4.11,6.0,3.83,418.25,4.83,420.0,3.1,0.27,4.12,38.3,16.2,2.52,12.5,6.94,21.45,111.75,3.0,155.0,22.55,9.96,8.34,2.27,1.23,23.5,12.0,0.22,8.5,31.0,155.0,4.91,,,,124.27,1.01,0.3,17.1,,6.76,,0.45,,4.0,31.0,,,,4.66,,,,,,,,,
2023-01-23,12.5,5.55,30.1,450.0,68.5,5.36,1.0,12.1,45.0,1.95,12.65,37.0,8.44,52.0,169.5,10.4,45.95,0.66,3.15,199.5,109.0,38.4,3.13,,1.8,1.53,4.11,6.0,3.83,418.25,4.95,420.0,3.26,0.27,4.12,38.2,16.3,2.7,12.5,6.94,21.3,114.0,3.14,154.25,23.0,9.6,8.34,2.12,1.3,23.8,12.0,0.23,8.74,31.0,155.0,4.53,,,,125.67,1.05,0.33,17.0,,6.66,,0.45,,3.61,31.6,,,,4.66,,,,,,,,,
2023-01-24,12.4,5.55,30.0,450.0,70.0,5.2,0.99,12.25,45.0,1.96,12.45,36.0,8.52,51.0,168.25,11.3,45.75,0.7,3.14,194.25,100.0,38.55,3.15,,1.8,1.51,4.11,6.0,3.83,418.25,5.0,420.0,3.25,0.27,4.12,36.05,15.8,2.8,12.5,6.94,21.0,114.0,3.0,155.0,23.05,10.3,8.34,2.12,1.27,23.85,12.4,0.22,8.62,31.0,155.0,4.53,,,,125.31,1.0,0.33,17.0,,6.68,,0.45,,3.25,32.0,,,,4.66,,,,,,,,,
2023-01-25,12.4,5.55,29.65,450.0,70.0,5.2,1.02,12.3,44.35,1.96,12.35,35.8,8.7,51.5,167.25,11.3,45.7,0.7,3.11,194.25,100.0,38.55,3.14,,1.82,1.52,4.11,6.0,3.83,418.25,4.97,420.0,3.01,0.27,4.12,37.0,15.05,2.8,13.7,6.94,21.0,114.0,3.0,157.75,23.55,10.15,8.34,2.24,1.27,23.5,12.0,0.22,8.78,31.0,153.0,4.5,,,,126.63,1.0,0.32,17.0,,6.42,,0.45,,3.01,32.0,,,,4.66,,,,,,,,,
2023-01-26,12.35,5.55,29.2,449.0,70.0,5.2,0.93,12.35,40.4,1.86,12.5,35.8,8.7,50.0,168.75,11.4,45.55,0.7,3.26,194.25,100.0,38.45,3.08,,1.78,1.53,4.11,6.0,3.83,420.0,4.99,420.0,3.25,0.27,4.12,37.0,14.75,2.85,13.7,6.38,21.0,114.0,3.0,157.25,23.25,10.15,8.34,2.3,1.2,22.8,12.0,0.22,8.78,31.0,155.0,4.51,,,,125.81,1.0,0.32,17.0,,6.4,,0.45,,3.25,32.0,,,,4.66,,,,,,,,,
2023-01-27,12.45,5.55,29.5,449.25,70.0,5.24,1.0,12.35,37.0,1.89,12.6,39.0,8.72,51.25,172.0,11.4,45.4,0.7,3.28,194.25,110.0,38.5,3.07,,1.8,1.55,4.11,6.0,3.83,420.0,4.8,420.0,3.25,0.27,4.12,37.0,15.1,2.85,13.7,6.38,21.0,112.0,2.99,157.0,23.25,10.15,8.34,2.29,1.25,23.3,12.0,0.23,8.88,31.0,160.75,4.55,,,,126.07,1.03,0.32,17.0,,6.4,,0.45,,3.52,32.0,,,,4.66,,,,,,,,,
2023-01-30,12.5,5.55,29.45,444.0,70.0,5.28,0.95,12.45,37.0,1.93,12.5,38.9,8.8,50.75,174.5,11.4,44.95,0.69,3.41,194.0,120.0,38.3,3.01,,1.8,1.51,4.11,6.0,3.83,420.0,4.65,420.0,3.03,0.27,4.12,37.05,15.05,2.85,13.7,6.32,21.05,112.0,2.9,157.0,23.05,10.5,8.34,2.3,1.25,22.85,12.0,0.23,9.56,31.0,175.0,4.55,,,,125.54,1.01,0.32,17.0,,6.4,,0.45,,3.51,32.0,,,,4.66,,,,,,,,,
2023-01-31,12.4,5.55,29.0,449.75,70.0,5.08,0.95,12.4,36.0,1.91,12.45,38.65,8.9,50.0,176.25,11.2,44.0,0.65,3.32,182.5,120.0,38.1,2.96,,1.79,1.52,4.11,6.0,3.83,406.0,4.54,420.0,3.02,0.27,4.12,35.9,14.95,2.61,13.7,6.38,21.1,110.0,2.97,157.25,23.4,10.6,8.34,2.33,1.29,23.05,12.0,0.22,9.68,31.0,175.0,4.55,,,,125.91,1.0,0.32,17.0,,6.4,,0.45,,3.21,32.0,,,,4.66,,,,,,,,,
2023-02-01,12.45,5.55,29.1,447.25,70.0,5.1,1.0,12.3,36.0,1.99,12.4,38.65,8.78,50.0,176.5,11.4,45.05,0.68,3.45,184.75,120.0,38.1,2.91,,1.8,1.53,4.11,6.0,3.83,406.0,4.54,420.0,3.2,0.27,4.12,35.0,14.95,2.61,13.7,6.38,21.6,110.75,2.9,157.0,24.0,10.6,8.34,2.33,1.26,22.6,13.0,0.22,9.52,30.05,175.0,4.55,,,,127.64,1.0,0.34,17.0,,6.38,,0.45,,3.48,32.0,,,,4.66,,,,,,,,,
2023-02-02,12.4,5.55,29.2,445.0,70.0,5.06,1.0,12.3,36.0,1.98,12.45,38.65,8.7,50.0,176.25,11.4,45.3,0.69,3.35,192.25,122.0,38.0,2.85,,1.79,1.56,4.11,6.0,3.83,405.0,4.54,420.0,3.2,0.27,4.12,34.6,15.0,2.61,15.0,6.38,21.5,110.75,2.97,158.0,24.0,10.5,8.34,2.33,1.26,22.6,14.2,0.2,9.56,28.0,175.0,4.55,,,,127.66,1.05,0.34,17.1,,6.56,,0.45,,3.5,32.0,,,,4.66,,,,,,,,,
2023-02-03,12.4,5.55,29.1,445.0,70.0,5.1,0.95,12.25,34.4,2.0,12.45,35.2,8.74,49.9,178.0,11.4,45.8,0.69,3.24,185.75,122.0,38.2,2.84,,1.77,1.52,4.11,6.0,3.83,405.0,4.6,420.0,3.2,0.27,4.12,35.5,15.0,2.61,15.0,6.38,23.0,110.75,3.0,158.0,24.5,10.5,8.34,2.3,1.27,23.55,14.2,0.21,9.58,28.0,165.0,4.4,,,,129.24,1.05,0.34,17.15,,6.7,,0.45,,3.5,32.0,,,,4.66,,,,,,,,,
2023-02-06,12.3,5.55,28.6,445.0,70.0,5.04,0.98,12.2,34.25,1.98,12.45,35.2,8.9,49.95,177.25,10.8,46.0,0.69,3.27,182.5,122.0,38.5,2.89,,1.76,1.56,4.11,6.0,3.83,405.0,4.99,420.0,3.14,0.27,4.12,38.1,14.65,2.61,15.0,6.1,21.7,110.75,2.98,157.25,24.45,10.5,7.86,2.4,1.16,23.05,14.2,0.2,9.52,27.5,165.0,4.4,,,,129.34,1.04,0.31,17.0,,6.9,,0.45,,3.55,31.7,,,,4.66,,,,,,,,,
2023-02-07,12.45,5.55,28.65,445.0,70.25,5.2,0.9,12.1,35.05,1.96,12.5,35.2,8.76,50.0,178.25,11.4,45.1,0.69,3.5,181.0,128.0,38.5,2.89,,1.75,1.58,4.11,6.0,3.83,400.0,4.99,420.0,3.0,0.27,4.12,38.1,14.55,2.61,15.0,6.7,21.5,110.75,3.0,157.5,24.0,10.4,8.32,2.45,1.19,22.7,14.2,0.18,9.62,27.0,165.0,4.4,,,,128.13,1.01,0.32,17.05,,6.82,,0.45,,3.43,32.0,,,,4.66,,,,,,,,,
2023-02-08,12.55,5.55,28.95,445.0,70.25,5.38,0.88,12.05,34.0,2.0,12.5,35.45,9.0,50.0,179.75,11.45,45.0,0.68,3.54,182.0,125.0,38.5,2.88,,1.75,1.57,4.11,6.0,3.83,400.0,4.99,420.0,3.01,0.27,4.12,37.55,14.95,2.61,15.0,6.16,21.5,111.0,2.99,158.0,24.0,10.4,8.32,2.48,1.13,22.55,14.2,0.19,9.8,27.0,164.25,4.4,,,,128.26,1.01,0.34,17.2,,6.78,,0.45,,3.49,32.0,,,,4.66,,,,,,,,,
2023-02-09,12.55,5.55,28.8,445.5,70.25,5.32,0.82,12.05,36.0,2.0,12.3,35.45,9.0,50.0,180.0,11.45,45.75,0.68,3.53,182.0,125.0,38.55,2.86,,1.75,1.56,4.11,6.0,3.83,400.0,4.99,420.0,3.03,0.27,4.12,37.5,15.4,2.61,15.0,6.16,21.5,112.0,2.94,157.75,24.1,10.45,8.32,2.48,1.15,22.1,14.2,0.19,9.74,27.0,164.0,4.4,,,,128.62,1.0,0.31,17.2,,6.58,,0.45,,3.54,31.6,,,,4.66,,,,,,,,,
2023-02-10,12.55,5.55,28.8,445.5,70.25,5.32,0.82,12.05,36.0,2.0,12.3,35.45,9.0,50.0,180.0,11.45,45.75,0.68,3.53,182.0,125.0,38.55,2.86,,1.75,1.56,4.11,6.0,3.83,400.0,4.99,420.0,3.03,0.27,4.12,37.5,15.4,2.61,15.0,6.16,21.5,112.0,2.94,157.75,24.1,10.45,8.32,2.48,1.15,22.1,14.2,0.19,9.74,27.0,164.0,4.4,,,,128.62,1.0,0.31,17.2,,6.58,,0.45,,3.54,31.6,,,,4.66,,,,,,,,,
2023-02-13,12.5,5.55,28.9,445.0,70.25,5.38,0.89,12.3,36.0,1.96,12.5,35.3,8.8,50.0,181.25,11.45,45.55,0.73,3.6,183.0,125.0,38.75,2.8,,1.8,1.57,4.11,6.0,3.83,418.25,4.88,420.0,3.0,0.27,4.12,37.45,15.1,2.61,15.0,6.16,22.4,111.75,2.96,159.0,23.75,10.25,8.32,2.35,1.18,22.95,13.8,0.19,9.8,24.65,174.75,4.8,,,,127.91,0.92,0.32,17.25,,6.98,,0.45,,3.71,31.6,,,,4.66,,,,,,,,,
2023-02-14,12.5,5.55,28.85,445.0,70.0,5.18,0.91,12.3,36.0,1.97,12.6,32.3,9.0,49.8,180.25,11.4,45.95,0.67,3.59,183.0,125.0,38.7,2.76,,1.79,1.58,4.11,6.0,3.83,415.0,4.88,420.0,3.2,0.27,4.12,37.25,15.0,2.42,15.0,6.16,21.6,111.75,2.99,159.25,23.7,10.2,8.72,2.39,1.17,22.75,13.8,0.18,9.8,24.4,174.0,4.8,,,,127.74,1.0,0.32,17.35,,6.44,,0.45,,3.5,31.6,,,,4.66,,,,,,,,,
2023-02-15,12.45,5.55,27.35,445.0,70.0,5.26,0.94,12.4,36.6,1.96,12.6,35.0,8.98,50.0,179.75,11.45,46.15,0.72,3.56,183.0,126.0,38.7,2.77,,1.8,1.61,4.11,6.0,3.83,386.0,4.88,420.0,3.0,0.27,4.12,37.55,15.1,2.41,15.0,6.16,21.65,111.0,2.99,159.25,23.7,10.2,8.5,2.3,1.17,22.7,13.8,0.19,10.0,23.95,175.0,4.8,,,,127.85,1.02,0.31,18.1,,6.88,,0.45,,3.65,31.5,,,,4.66,,,,,,,,,
2023-02-16,12.5,5.55,28.45,445.0,70.0,5.0,0.93,12.4,36.6,1.98,12.5,35.4,8.92,50.5,181.5,11.0,46.35,0.69,3.59,183.0,126.0,38.65,2.71,,1.82,1.6,4.11,6.0,3.83,415.0,4.84,400.0,3.05,0.27,4.12,37.55,14.75,2.43,15.0,6.16,21.1,110.5,3.09,161.25,23.6,10.15,8.18,2.39,1.17,22.7,13.8,0.19,10.0,21.85,175.0,4.8,,,,127.66,1.11,0.31,18.0,,6.84,,0.45,,3.5,31.0,,,,4.66,,,,,,,,,
2023-02-17,12.55,5.55,27.9,479.75,70.0,5.12,0.9,12.45,36.0,1.99,12.6,35.4,9.0,50.0,180.25,11.2,46.45,0.66,3.67,183.0,126.0,38.55,2.67,,1.82,1.58,4.11,6.0,3.83,415.0,4.99,400.0,3.0,0.27,4.12,37.35,15.5,2.62,15.0,6.02,21.5,111.0,3.03,161.25,23.65,10.15,8.58,2.4,1.1,22.55,13.8,0.19,9.96,21.85,175.0,4.51,,,,128.02,1.19,0.3,18.0,,6.58,,0.45,,3.79,31.0,,,,4.66,,,,,,,,,
2023-02-20,12.5,5.55,27.25,468.0,70.0,5.32,0.92,12.4,33.0,1.98,12.5,35.4,9.0,50.0,174.0,11.0,46.25,0.7,3.63,183.0,135.0,38.5,2.7,,1.82,1.6,4.11,6.0,3.83,415.0,4.96,400.0,3.0,0.27,4.12,37.45,14.85,2.62,15.0,6.6,21.5,111.0,2.91,161.25,23.5,10.25,9.1,2.3,1.1,22.15,13.8,0.2,9.84,22.95,175.0,4.95,,,,127.11,1.29,0.3,18.0,,6.68,,0.45,,3.43,31.0,,,,4.66,,,,,,,,,
2023-02-21,12.6,5.55,27.4,463.25,70.0,5.26,0.93,12.15,34.0,1.97,12.6,35.4,9.0,50.0,176.0,10.0,46.25,0.64,3.58,183.0,137.0,38.5,2.68,,1.82,1.6,4.11,6.0,3.83,415.0,5.0,400.0,2.96,0.27,4.12,37.0,15.45,2.62,15.0,6.6,21.55,111.0,3.0,163.0,23.45,10.25,8.98,2.13,1.1,22.0,13.8,0.2,9.78,22.45,175.0,4.95,,,,127.12,1.3,0.32,18.0,,6.42,,0.45,,3.7,31.0,,,,4.66,,,,,,,,,
2023-02-22,12.6,5.55,27.05,463.75,77.0,5.08,0.96,12.25,36.25,1.97,12.7,35.4,9.08,49.7,174.0,10.0,46.0,0.65,3.53,183.0,137.0,38.45,2.62,,1.83,1.58,4.11,6.0,3.83,415.0,4.98,400.0,2.82,0.27,4.12,36.95,15.1,2.87,15.0,6.5,22.3,111.0,2.98,163.5,23.5,10.25,8.34,2.15,1.1,21.9,13.8,0.19,9.82,22.3,179.0,4.46,,,,127.04,1.18,0.3,17.75,,6.34,,0.45,,3.5,31.0,,,,4.66,,,,,,,,,
2023-02-23,12.6,5.55,27.1,460.25,77.0,5.04,0.96,12.4,37.3,1.97,12.65,35.05,9.04,49.0,174.0,10.95,45.85,0.64,3.52,183.0,137.0,38.4,2.52,,1.81,1.57,4.11,6.0,3.83,415.0,4.72,400.0,2.54,0.27,4.12,36.45,14.55,2.85,15.0,6.5,22.6,111.0,3.0,163.0,23.4,10.25,8.98,2.15,1.12,22.0,13.8,0.19,9.76,22.2,179.0,4.46,,,,126.58,1.17,0.31,18.05,,6.48,,0.45,,3.45,31.0,,,,4.66,,,,,,,,,
2023-02-24,12.55,5.55,27.0,479.75,77.0,5.14,0.96,12.2,36.5,2.01,12.55,35.05,9.04,48.1,175.75,11.35,45.95,0.62,3.56,182.25,137.0,38.3,2.51,,1.77,1.58,4.11,6.0,3.83,382.5,4.99,400.0,2.78,0.27,4.12,36.2,14.6,2.83,15.0,6.56,22.0,109.0,3.05,163.0,23.35,10.25,8.72,2.15,1.09,22.0,12.5,0.2,9.9,22.15,179.0,4.4,,,,126.47,1.08,0.32,18.0,,6.58,,0.45,,3.35,31.0,,,,4.66,,,,,,,,,
2023-02-27,12.7,5.55,27.0,459.25,77.0,5.06,0.96,12.3,36.5,2.02,12.5,35.0,9.04,49.95,175.0,11.8,45.6,0.65,3.52,183.0,130.0,38.3,2.48,,1.82,1.59,4.11,6.0,3.83,383.0,4.99,400.0,2.96,0.27,4.12,36.05,14.9,2.6,15.0,7.0,22.0,107.0,2.92,164.0,23.0,10.25,8.72,2.31,1.09,21.75,13.75,0.2,9.9,22.2,179.0,4.4,,,,125.36,1.08,0.31,18.05,,6.44,,0.45,,3.32,31.0,,,,4.66,,,,,,,,,
2023-02-28,12.5,5.55,27.5,454.25,77.0,5.16,0.94,12.3,36.5,2.0,12.65,35.0,9.02,50.0,174.75,11.75,45.5,0.64,3.52,183.0,130.0,38.25,2.49,,1.77,1.51,4.11,6.0,3.83,383.0,4.99,400.0,2.88,0.27,4.12,36.7,14.75,2.85,15.0,7.0,22.25,105.0,2.98,163.5,23.3,10.1,8.72,2.34,1.13,22.0,13.75,0.2,9.8,22.2,179.0,4.4,,,,125.98,1.17,0.32,17.9,,6.54,,0.45,,3.35,30.0,,,,4.66,,,,,,,,,
2023-03-01,12.35,5.55,27.65,450.25,77.0,5.06,0.87,12.3,36.5,1.97,12.7,35.0,9.02,49.55,175.0,11.0,45.5,0.64,3.28,184.0,130.0,38.3,2.45,,1.8,1.5,4.11,6.0,3.83,383.0,5.0,400.0,2.78,0.27,4.12,36.7,14.55,2.9,15.0,7.0,22.4,100.25,3.0,161.75,23.35,10.1,8.58,2.21,1.1,22.05,13.75,0.2,9.84,22.2,175.0,4.4,,,,125.88,1.1,0.32,18.0,,6.56,,0.45,,3.47,30.0,,,,4.66,,,,,,,,,
2023-03-02,12.35,5.55,27.45,450.0,77.0,5.04,0.91,12.2,36.5,1.94,12.7,35.0,9.0,49.55,174.75,11.5,45.4,0.61,3.51,183.0,130.0,38.25,2.41,,1.76,1.49,4.11,6.0,3.83,383.0,4.99,400.0,2.78,0.27,4.12,37.0,14.6,2.88,15.0,7.0,22.0,100.0,3.0,162.0,23.5,10.1,8.58,2.21,1.1,22.0,13.6,0.2,9.86,22.2,175.0,4.4,,,,126.21,1.18,0.32,18.0,,6.44,,0.45,,3.55,30.0,,,,4.66,,,,,,,,,
2023-03-06,12.45,5.55,29.2,467.0,77.0,5.02,0.95,12.6,34.0,1.96,12.65,35.0,9.06,49.95,187.0,11.5,44.8,0.67,3.28,176.5,130.0,38.25,2.38,,1.73,1.47,4.11,6.0,3.83,400.25,5.0,400.0,2.84,0.27,4.12,37.05,14.75,2.65,15.0,7.0,22.55,106.0,2.97,165.25,23.0,10.1,8.72,2.17,1.06,22.3,14.0,0.2,9.92,22.0,175.0,4.4,,,,125.79,1.19,0.31,18.0,,6.22,,0.45,,3.51,30.0,,,,4.66,,,,,,,,,
2023-03-07,12.5,5.55,28.15,450.25,77.0,5.0,0.88,13.0,33.0,1.97,12.6,35.0,8.96,49.75,174.5,11.55,44.4,0.68,3.59,178.25,132.0,38.0,2.32,,1.72,1.47,4.11,6.0,3.83,400.25,4.99,400.0,2.78,0.27,4.12,36.65,14.6,2.73,15.0,7.0,22.85,106.0,2.95,165.0,22.55,9.8,8.82,2.26,1.09,22.0,13.9,0.2,10.05,21.55,175.0,4.4,,,,123.68,1.18,0.31,18.0,,6.66,,0.45,,3.53,30.25,,,,4.66,,,,,,,,,
2023-03-08,12.5,5.55,28.05,452.0,77.0,4.87,0.82,12.5,33.0,2.0,12.55,38.0,9.0,48.6,172.75,11.5,43.85,0.66,3.25,178.25,132.0,37.9,2.32,,1.73,1.41,4.11,6.0,3.83,400.25,4.7,400.0,3.0,0.27,4.12,36.05,14.75,2.73,15.0,7.0,24.4,106.0,2.92,165.0,20.95,9.82,8.72,2.2,1.08,20.7,13.0,0.2,10.0,22.0,176.25,4.72,,,,119.19,1.13,0.3,18.0,,6.06,,0.45,,3.39,30.0,,,,4.66,,,,,,,,,
2023-03-09,12.5,5.55,28.05,452.0,77.0,4.87,0.82,12.5,33.0,2.0,12.55,38.0,9.0,48.6,172.75,11.5,43.85,0.66,3.25,178.25,132.0,37.9,2.32,,1.73,1.41,4.11,6.0,3.83,400.25,4.7,400.0,3.0,0.27,4.12,36.05,14.75,2.73,15.0,7.0,24.4,106.0,2.92,165.0,20.95,9.82,8.72,2.2,1.08,20.7,13.0,0.2,10.0,22.0,176.25,4.72,,,,119.19,1.13,0.3,18.0,,6.06,,0.45,,3.39,30.0,,,,4.66,,,,,,,,,
2023-03-10,12.55,5.55,28.05,450.25,77.0,4.92,0.83,12.9,32.95,1.97,12.5,35.0,8.94,49.7,169.75,11.5,43.0,0.63,3.5,175.75,132.0,37.45,2.32,,1.7,1.38,4.11,6.0,3.83,400.25,4.51,400.0,2.82,0.27,4.12,36.8,14.75,2.47,15.0,6.3,25.0,108.75,3.0,167.0,20.6,9.0,8.72,2.19,1.0,19.15,13.45,0.2,10.0,20.15,175.0,4.98,,,,117.89,1.24,0.3,18.0,,6.26,,0.45,,3.31,28.45,,,,4.66,,,,,,,,,
2023-03-13,12.7,5.55,28.5,450.25,77.0,4.95,0.83,12.55,30.0,1.99,12.35,35.0,9.02,48.95,167.0,11.5,42.9,0.66,3.55,174.0,132.0,37.05,2.24,,1.74,1.38,4.11,6.0,3.83,385.5,4.45,400.0,2.82,0.27,4.12,37.0,14.3,2.58,15.0,6.3,25.0,111.0,2.95,167.0,19.6,8.8,8.7,2.19,1.07,19.0,13.45,0.19,9.72,20.15,175.0,4.98,,,,115.03,1.3,0.3,17.9,,6.06,,0.45,,3.31,28.45,,,,4.66,,,,,,,,,
2023-03-14,12.55,5.55,28.95,450.0,77.0,4.75,0.84,12.75,30.0,1.99,12.2,35.0,9.0,49.0,171.5,11.5,42.25,0.67,3.59,165.0,132.0,37.0,2.2,,1.63,1.4,4.11,6.0,3.83,385.5,4.5,400.0,2.82,0.27,4.12,36.45,14.8,2.68,15.0,6.3,25.45,111.0,2.98,167.0,19.1,9.5,8.88,2.19,1.0,20.35,13.45,0.2,9.98,19.0,160.0,4.98,,,,113.75,1.34,0.3,17.85,,6.06,,0.45,,3.5,31.0,,,,4.66,,,,,,,,,
2023-03-15,12.65,5.55,28.4,445.75,77.0,4.64,0.84,12.75,30.0,1.94,12.0,35.0,9.02,49.45,170.75,11.5,41.8,0.65,3.64,165.0,130.0,37.05,2.25,,1.7,1.48,4.11,6.0,3.83,385.5,4.74,400.0,2.82,0.27,4.12,36.25,14.9,2.73,15.0,6.3,25.45,109.0,3.0,167.0,18.0,9.5,9.08,2.19,1.0,19.05,13.6,0.2,9.98,18.95,160.0,4.98,,,,110.62,1.36,0.3,17.65,,6.22,,0.45,,3.17,31.0,,,,4.66,,,,,,,,,
2023-03-16,12.2,5.55,27.5,440.0,77.0,4.66,0.82,12.5,32.2,1.96,12.25,38.0,8.98,48.45,168.5,11.5,40.15,0.65,3.57,165.0,130.0,34.35,2.15,,1.63,1.43,4.11,6.0,3.83,385.5,4.5,400.0,2.82,0.27,4.12,36.05,14.15,2.89,15.0,6.3,25.1,111.0,3.0,167.0,17.0,9.66,9.14,2.17,1.0,18.25,13.65,0.2,9.96,18.0,160.0,4.98,,,,106.81,1.26,0.3,17.65,,6.48,,0.45,,3.01,31.0,,,,4.66,,,,,,,,,
2023-03-17,12.0,5.55,27.75,430.25,77.0,4.55,0.8,12.45,32.2,1.9,12.3,35.0,9.0,48.45,170.5,11.5,38.15,0.65,3.49,151.5,130.0,31.0,2.19,,1.59,1.45,4.11,6.0,3.83,384.25,4.8,400.0,2.59,0.27,4.12,34.05,14.6,2.68,15.0,6.3,25.1,110.5,2.81,167.0,16.35,9.4,8.72,2.06,0.98,18.3,13.65,0.2,9.8,16.6,161.0,4.5,,,,103.41,1.25,0.29,17.05,,6.04,,0.45,,3.21,28.65,,,,4.66,,,,,,,,,
2023-03-20,12.0,5.55,26.75,424.25,70.0,4.47,0.75,12.6,32.2,1.95,12.35,35.0,8.94,45.95,170.0,11.5,38.0,0.66,3.5,150.0,130.0,30.0,2.2,,1.54,1.4,4.11,6.0,3.83,384.25,4.83,400.0,2.84,0.27,4.12,32.95,14.5,2.68,15.0,6.3,27.0,111.0,2.99,167.0,17.95,9.4,8.72,2.15,1.03,18.3,13.65,0.2,9.8,16.9,150.0,4.5,,,,107.03,1.32,0.31,17.0,,6.06,,0.45,,3.01,28.65,,,,4.66,,,,,,,,,
2023-03-21,11.75,5.55,27.45,420.75,70.0,4.6,0.8,12.05,30.0,1.96,12.4,35.0,9.02,44.0,170.0,11.5,38.05,0.65,3.49,150.0,130.0,31.95,2.19,,1.6,1.41,4.11,6.0,3.83,384.25,4.79,400.0,2.84,0.27,4.12,32.1,14.5,2.59,15.0,6.3,25.85,110.0,2.8,167.0,18.95,9.4,8.72,2.09,1.0,19.95,13.35,0.2,9.82,16.0,160.0,4.5,,,,109.9,1.3,0.31,17.0,,6.06,,0.45,,3.25,30.0,,,,4.66,,,,,,,,,
2023-03-22,11.6,5.55,28.0,427.0,70.0,4.7,0.8,12.0,32.9,1.94,12.4,35.0,9.0,44.0,169.75,11.5,38.05,0.66,3.45,150.0,130.0,34.95,2.2,,1.59,1.4,4.11,6.0,3.83,240.0,4.79,400.0,2.6,0.27,4.12,32.8,14.6,2.59,15.0,6.3,26.9,110.0,2.84,167.0,19.1,9.4,9.12,2.15,1.0,21.9,13.35,0.2,9.8,15.0,160.0,4.8,,,,110.86,1.3,0.3,17.05,,6.2,,0.45,,3.33,30.0,,,,4.66,,,,,,,,,
2023-03-23,11.8,5.55,27.2,425.25,70.0,4.68,0.81,12.0,30.95,1.99,12.5,38.0,9.0,47.75,170.0,11.55,37.9,0.65,3.49,148.25,130.0,35.95,2.22,,1.69,1.4,4.11,6.0,3.83,240.0,4.76,400.0,2.8,0.27,4.12,32.1,14.85,2.58,15.0,6.3,25.55,110.0,2.89,169.75,19.0,9.8,9.12,2.15,1.0,22.25,13.0,0.2,9.12,16.0,160.0,4.91,,,,110.91,1.25,0.3,17.05,,6.44,,0.45,,3.54,30.0,,,,4.66,,,,,,,,,
2023-03-24,11.9,5.55,28.0,425.0,70.0,4.67,0.84,12.4,30.95,1.97,12.6,38.0,8.74,47.75,170.75,11.55,38.65,0.67,3.42,150.0,130.0,35.5,2.21,,1.82,1.4,4.11,6.0,3.83,240.0,4.76,400.0,2.79,0.27,4.12,32.75,14.9,2.75,15.0,6.36,25.6,109.0,2.97,167.75,18.9,9.8,9.12,2.13,1.0,20.45,13.0,0.21,9.96,15.95,160.0,5.2,,,,110.93,1.25,0.28,17.05,,6.12,,0.45,,3.41,30.0,,,,4.66,,,,,,,,,
2023-03-27,11.95,5.55,27.85,433.0,70.0,4.63,0.89,12.1,30.5,1.92,12.55,37.0,8.68,46.25,170.75,11.55,41.95,0.67,3.75,150.0,130.0,35.5,2.2,,1.69,1.47,4.11,6.0,3.83,240.0,4.86,400.0,2.79,0.27,4.12,34.05,14.95,2.62,15.0,6.36,25.6,107.75,2.99,168.0,18.85,10.0,9.0,2.09,1.0,22.4,13.0,0.21,10.1,17.0,160.0,5.2,,,,111.83,1.3,0.3,17.9,,6.16,,0.45,,3.6,29.85,,,,4.66,,,,,,,,,
2023-03-28,12.1,5.55,27.9,446.25,70.0,4.72,0.86,12.0,28.15,1.99,12.65,38.0,8.42,49.55,171.0,11.5,42.65,0.65,3.67,163.25,130.0,35.0,2.19,,1.72,1.49,4.11,6.0,3.83,240.0,4.75,400.0,2.79,0.27,4.12,36.05,15.0,2.62,15.0,6.36,27.0,107.25,2.99,168.0,18.5,10.05,8.2,2.15,1.0,21.0,13.5,0.2,10.1,17.0,160.0,5.18,,,,111.56,1.3,0.3,18.1,,6.02,,0.45,,3.72,30.0,,,,4.66,,,,,,,,,
2023-03-29,12.2,5.55,28.0,450.0,70.0,4.74,0.83,12.0,29.5,2.0,12.85,35.4,8.5,50.75,174.5,11.95,44.25,0.63,3.56,165.0,130.0,35.0,2.17,,1.8,1.51,4.11,6.0,3.83,240.0,4.48,400.0,2.6,0.27,4.12,35.0,15.45,2.62,15.0,6.36,27.0,108.5,2.84,168.5,18.5,9.1,8.2,2.15,1.0,22.0,13.9,0.19,10.85,17.0,160.0,5.18,,,,112.48,1.26,0.31,19.8,,6.46,,0.45,,3.71,30.0,,,,4.66,,,,,,,,,
2023-03-30,12.65,5.55,28.0,450.0,70.0,4.57,0.85,12.6,28.1,2.11,13.0,35.4,8.72,51.25,171.25,12.3,44.6,0.65,3.61,170.0,130.0,35.0,2.19,,1.88,1.52,4.11,6.0,3.83,264.0,4.8,400.0,2.6,0.27,4.12,35.95,15.55,2.6,15.0,6.36,26.95,109.0,2.98,169.5,18.0,8.52,8.8,2.15,1.0,20.4,13.95,0.2,11.25,18.6,160.0,5.18,,,,111.74,1.29,0.31,21.0,,6.48,,0.45,,3.68,30.0,,,,4.66,,,,,,,,,
2023-03-31,12.8,5.55,28.05,463.75,70.0,4.65,0.85,12.6,29.2,1.96,13.15,38.9,8.96,51.25,170.0,12.15,45.5,0.66,3.81,177.0,117.0,35.5,2.2,,1.89,1.54,4.11,6.0,3.83,264.0,4.81,400.0,2.61,0.27,4.12,36.7,15.85,2.6,15.0,5.94,25.75,110.0,2.88,170.0,18.1,8.52,8.22,2.33,0.96,21.5,13.95,0.2,11.65,18.6,165.0,5.18,,,,112.76,1.29,0.31,20.85,,6.24,,0.45,,3.68,31.8,,,,4.66,,,,,,,,,
2023-04-03,12.9,5.55,28.5,462.0,70.0,4.65,0.89,12.55,30.6,2.05,13.15,35.5,8.94,53.5,170.0,12.0,45.95,0.67,3.95,183.0,115.0,36.2,2.28,,1.92,1.55,4.11,6.0,3.83,264.0,4.8,400.0,2.6,0.27,4.12,36.35,16.0,2.6,15.0,6.52,25.7,110.0,2.8,170.0,18.15,9.0,8.2,2.33,1.03,22.0,14.0,0.2,12.05,19.0,165.0,5.4,,,,113.25,1.28,0.31,20.8,,6.22,,0.45,,3.72,31.0,,,,4.66,,,,,,,,,
2023-04-04,12.9,5.55,27.95,462.0,77.0,4.58,0.85,12.2,30.25,2.07,13.15,35.45,8.68,54.0,170.0,12.0,45.5,0.68,4.03,178.0,115.0,36.15,2.38,,1.93,1.55,4.11,6.0,3.83,264.0,4.8,400.0,2.6,0.27,4.12,36.35,15.95,2.6,15.0,6.52,27.9,111.25,2.77,169.5,18.0,9.36,8.2,2.3,1.0,21.65,14.0,0.2,12.25,18.45,170.0,5.28,,,,112.8,1.28,0.31,20.85,,6.46,,0.45,,3.37,31.2,,,,4.66,,,,,,,,,
2023-04-05,12.95,5.55,28.0,450.0,77.0,4.34,0.84,12.2,30.55,1.99,13.1,35.5,8.66,53.5,167.25,11.75,45.45,0.68,4.13,178.0,115.0,36.0,2.4,,2.0,1.56,4.11,6.0,3.83,264.0,4.61,400.0,2.51,0.27,4.12,37.5,16.0,2.4,15.0,6.52,27.9,111.5,2.78,168.75,18.05,9.26,8.2,2.3,0.93,21.8,14.95,0.2,12.3,17.8,162.75,5.28,,,,112.79,1.28,0.31,20.9,,6.04,,0.45,,3.06,32.5,,,,4.66,,,,,,,,,
2023-04-06,12.85,5.55,30.0,450.5,77.0,4.7,0.82,12.4,30.55,2.03,13.05,35.5,8.58,53.0,170.75,12.0,45.5,0.69,4.18,168.75,115.0,35.9,2.4,,2.0,1.61,4.11,6.0,3.83,264.0,4.44,400.0,2.51,0.27,4.12,36.55,16.6,2.62,15.0,6.3,29.0,107.0,2.83,169.0,18.6,9.3,8.58,2.3,0.88,22.0,13.8,0.2,12.45,18.5,174.0,5.28,,,,114.26,1.29,0.31,20.9,,6.44,,0.45,,3.11,33.0,,,,4.66,,,,,,,,,
2023-04-11,12.85,5.55,30.0,450.5,77.0,4.7,0.82,12.4,30.55,2.03,13.05,35.5,8.58,53.0,170.75,12.0,45.5,0.69,4.18,168.75,115.0,35.9,2.4,,2.0,1.61,4.11,6.0,3.83,264.0,4.44,400.0,2.51,0.27,4.12,36.55,16.6,2.62,15.0,6.3,29.0,107.0,2.83,169.0,18.6,9.3,8.58,2.3,0.88,22.0,13.8,0.2,12.45,18.5,174.0,5.28,,,,114.26,1.29,0.31,20.9,,6.44,,0.45,,3.11,33.0,,,,4.66,,,,,,,,,
2023-04-12,12.75,5.55,29.95,450.75,77.0,4.51,0.91,12.25,30.0,1.91,13.25,35.5,8.76,52.5,169.5,12.0,45.0,0.68,3.84,156.25,115.0,35.0,2.39,,1.87,1.55,4.11,6.0,3.83,264.0,4.03,400.0,2.47,0.27,4.12,36.95,15.55,2.64,15.0,6.58,29.15,108.0,2.85,168.75,18.35,9.0,8.2,2.23,0.91,22.05,14.95,0.2,13.75,20.0,170.0,5.28,,,,113.2,1.28,0.31,20.8,,6.28,,0.45,,3.4,30.75,,,,4.66,,,,,,,,,
2023-04-13,12.7,5.55,29.65,475.25,77.0,4.38,0.9,12.1,30.0,1.92,13.2,35.5,8.84,52.75,169.0,12.0,44.5,0.65,3.68,157.0,120.0,34.4,2.4,,1.84,1.53,4.11,6.0,3.83,264.0,4.0,400.0,2.41,0.27,4.12,36.9,15.1,2.65,15.0,6.3,29.05,110.25,2.83,169.75,17.85,8.16,8.0,2.07,0.93,22.4,14.95,0.2,13.8,19.9,170.0,5.28,,,,111.9,1.28,0.31,20.6,,6.24,,0.45,,3.21,33.0,,,,4.66,,,,,,,,,
2023-04-14,12.7,5.55,28.2,472.0,77.0,4.57,0.9,12.15,30.0,1.94,13.0,35.0,8.7,53.0,168.5,12.0,44.5,0.69,3.81,158.75,127.75,33.9,2.4,,1.82,1.52,4.11,6.0,3.83,264.0,3.71,400.0,2.3,0.27,4.12,37.0,15.35,2.65,15.0,6.9,27.2,110.75,2.85,170.0,17.8,8.16,8.0,2.07,0.92,21.1,14.95,0.2,15.05,20.95,170.0,5.28,,,,111.56,1.16,0.31,20.55,,6.2,,0.45,,3.21,31.25,,,,4.66,,,,,,,,,
2023-04-17,12.65,5.55,28.0,472.0,77.0,4.44,0.9,12.35,30.0,1.98,13.05,36.0,8.52,52.5,168.75,12.0,45.35,0.69,3.74,158.75,127.75,33.55,2.38,,1.94,1.51,4.11,6.0,3.83,290.25,3.91,400.0,2.25,0.27,4.12,37.5,15.55,2.65,15.0,7.04,27.35,110.75,2.8,170.25,17.05,8.94,8.0,2.18,0.99,20.4,14.95,0.2,13.85,20.95,169.5,5.28,,,,109.74,1.16,0.33,20.5,,6.02,,0.45,,3.0,31.55,,,,4.66,,,,,,,,,
2023-04-18,12.55,5.55,28.0,472.0,77.0,4.39,0.91,12.25,30.0,1.88,13.1,35.5,8.5,53.0,167.5,11.5,44.8,0.68,3.72,174.25,127.75,34.1,2.36,,1.82,1.51,4.11,6.0,3.83,290.25,3.93,400.0,2.04,0.27,4.12,37.95,15.45,2.65,15.0,7.04,27.8,111.5,2.87,171.0,16.85,8.82,7.26,2.15,0.99,22.15,14.95,0.21,13.85,20.95,169.5,5.02,,,,109.24,1.16,0.3,20.45,,6.32,,0.45,,2.92,31.55,,,,4.66,,,,,,,,,
2023-04-19,12.45,5.55,28.0,458.0,77.0,4.39,0.91,12.45,31.0,1.86,13.05,37.0,8.5,53.75,165.0,11.5,45.05,0.67,3.8,174.25,127.75,33.9,2.36,,1.81,1.5,4.11,6.0,3.83,290.25,4.24,400.0,2.08,0.27,4.12,38.1,15.85,2.66,15.0,7.04,27.4,113.0,2.89,170.25,16.7,9.04,7.84,2.07,1.0,20.8,14.65,0.2,13.85,20.95,169.5,5.0,,,,108.65,1.16,0.32,20.3,,6.04,,0.45,,2.92,31.55,,,,4.66,,,,,,,,,
2023-04-20,12.35,5.55,27.95,469.75,70.25,4.34,0.95,12.5,31.0,1.81,13.05,37.0,8.74,53.75,158.25,11.5,45.15,0.65,3.82,189.25,127.75,32.95,2.36,,1.83,1.5,4.11,6.0,3.83,290.25,3.96,400.0,2.1,0.27,4.12,39.0,15.05,2.66,15.0,7.04,27.8,114.5,2.75,170.0,16.5,9.04,7.84,2.0,1.0,20.35,14.65,0.21,13.95,22.9,169.5,5.0,,,,107.84,1.16,0.31,20.25,,6.02,,0.45,,2.95,31.55,,,,4.66,,,,,,,,,
2023-04-24,12.3,5.55,28.4,460.0,70.0,4.28,0.87,13.0,31.0,1.86,13.15,36.5,8.74,53.75,164.75,11.5,45.3,0.65,3.7,182.5,123.0,33.0,2.35,,1.82,1.5,4.11,6.0,3.83,319.25,3.94,400.0,2.1,0.27,4.12,40.0,16.0,2.66,15.0,7.0,27.4,114.25,2.7,154.0,16.7,9.48,7.84,1.84,1.07,21.95,14.65,0.2,14.2,22.9,169.5,5.0,,,,108.44,1.16,0.31,18.75,,6.0,,0.45,,2.74,34.4,,,,4.66,,,,,,,,,
2023-04-25,12.2,5.55,28.5,460.0,77.0,4.09,0.9,13.0,30.85,1.82,13.15,36.5,8.72,53.75,160.0,11.0,46.35,0.66,3.78,181.75,123.0,33.4,2.32,,1.89,1.47,4.11,6.0,3.83,319.25,3.93,400.0,2.01,0.27,4.12,40.4,16.0,2.66,15.0,7.0,28.0,113.25,2.9,145.75,16.5,9.48,7.94,2.0,1.0,20.0,14.65,0.21,14.35,22.5,169.5,5.0,,,,107.69,1.27,0.3,17.6,,6.0,,0.45,,3.0,34.5,,,,4.66,,,,,,,,,
2023-04-26,12.15,5.55,27.8,460.0,77.0,4.17,0.9,13.15,30.85,1.81,13.35,36.5,9.0,54.0,160.75,11.0,46.0,0.7,3.75,181.75,123.0,34.0,2.37,,1.78,1.45,4.11,6.0,3.83,351.0,3.65,400.0,2.03,0.27,4.12,40.45,16.15,2.55,15.0,7.0,27.0,116.25,2.82,147.25,16.7,9.5,7.94,2.0,1.0,19.9,14.65,0.2,14.05,23.0,169.5,5.0,,,,108.49,1.22,0.3,18.0,,5.98,,0.45,,2.99,34.5,,,,4.66,,,,,,,,,
2023-04-27,12.05,5.55,28.0,460.0,77.0,4.16,0.9,13.25,29.8,1.81,13.2,40.0,9.0,54.75,160.0,11.0,45.9,0.77,3.8,184.5,125.75,34.1,2.38,,1.87,1.49,4.11,6.0,3.83,386.0,4.0,400.0,2.1,0.27,4.12,40.9,16.0,2.51,15.0,7.0,27.45,116.75,2.99,148.0,16.7,9.5,8.12,1.9,0.98,19.9,14.6,0.19,13.9,23.0,169.5,5.0,,,,108.57,1.27,0.31,17.65,,5.96,,0.45,,2.82,34.5,,,,4.66,,,,,,,,,
2023-04-28,12.15,5.55,24.05,470.0,75.0,4.29,0.96,13.35,28.15,1.73,13.3,39.7,8.76,54.75,158.75,11.5,45.8,0.79,3.88,180.0,125.75,32.85,2.37,,1.89,1.47,4.11,6.0,3.83,424.5,3.98,400.0,2.22,0.27,4.12,39.5,15.55,2.51,15.0,7.0,27.45,116.0,2.73,149.0,16.5,9.2,8.12,2.08,0.98,19.75,14.85,0.19,14.15,23.0,169.5,4.8,,,,107.63,1.27,0.3,17.3,,6.0,,0.45,,3.09,34.5,,,,4.66,,,,,,,,,
2023-05-02,10.7,5.55,23.95,470.0,75.0,4.17,0.97,13.5,28.15,1.87,13.1,41.0,8.66,53.75,156.0,12.0,45.85,0.78,3.72,180.0,125.75,32.8,2.37,,1.88,1.46,4.11,6.0,3.83,424.5,3.9,400.0,2.22,0.27,4.12,36.5,16.35,2.49,15.0,7.0,27.45,116.25,3.0,145.75,16.5,9.2,8.0,2.14,0.98,19.8,14.5,0.18,14.0,23.0,185.0,4.7,,,,106.52,1.24,0.29,17.5,,6.0,,0.45,,2.85,34.5,,,,4.66,,,,,,,,,
2023-05-03,10.5,5.55,24.35,477.25,80.75,4.14,0.92,13.5,28.05,1.88,12.9,40.6,8.5,52.0,149.5,12.0,45.65,0.8,3.91,181.0,125.75,32.05,2.37,,1.88,1.44,4.11,6.0,3.83,426.0,4.2,400.0,2.21,0.27,4.12,33.4,16.5,2.73,15.0,7.0,28.9,117.25,2.95,145.25,16.05,9.2,8.0,2.0,0.98,19.95,14.8,0.19,14.0,23.0,185.0,4.7,,,,104.3,1.29,0.29,17.4,,6.26,,0.45,,2.69,32.45,,,,4.66,,,,,,,,,
2023-05-04,10.15,5.55,24.1,468.5,80.75,4.07,0.99,13.45,30.0,1.82,12.8,41.25,8.5,53.5,149.5,11.95,45.65,0.82,3.71,185.75,126.0,31.95,2.35,,1.87,1.45,4.11,6.0,3.83,430.0,4.15,400.0,2.21,0.27,4.12,33.35,16.3,2.95,15.0,6.9,28.9,117.75,2.97,143.5,16.25,9.2,8.2,2.01,0.95,19.35,13.4,0.2,13.95,23.0,170.0,4.65,,,,104.47,1.33,0.29,16.8,,6.2,,0.45,,2.74,32.45,,,,4.66,,,,,,,,,
2023-05-05,10.1,5.55,23.75,468.5,80.75,4.15,0.99,13.5,30.0,1.85,12.8,41.5,8.44,53.75,149.0,11.9,45.55,0.87,3.77,185.75,126.0,31.6,2.38,,1.81,1.45,4.11,6.0,3.83,428.0,4.15,400.0,2.21,0.27,4.12,33.45,16.5,2.91,15.0,6.3,28.65,117.25,2.91,142.75,15.75,9.1,8.6,2.01,0.95,20.75,13.4,0.2,13.95,23.0,170.5,4.65,,,,103.05,1.37,0.29,16.85,,6.24,,0.45,,2.93,32.0,,,,4.66,,,,,,,,,
2023-05-08,10.5,5.55,23.35,468.75,84.0,4.05,1.0,13.4,30.0,1.89,12.75,41.5,8.52,52.25,149.0,12.0,44.95,0.87,3.88,181.0,126.0,31.2,2.36,,1.84,1.47,4.11,6.0,3.83,430.0,4.0,400.0,2.31,0.27,4.12,35.0,16.45,3.02,15.0,5.7,29.75,117.75,2.84,142.0,15.95,9.1,8.6,2.19,0.94,20.9,14.5,0.21,14.1,23.0,170.0,4.65,,,,103.6,1.34,0.29,16.9,,6.2,,0.45,,2.83,32.0,,,,4.66,,,,,,,,,
2023-05-09,10.4,5.55,24.0,469.75,84.0,4.06,0.99,13.3,28.0,1.89,12.7,41.15,8.5,53.5,146.75,11.9,44.35,0.84,3.8,181.0,126.0,30.25,2.35,,1.81,1.44,4.11,6.0,3.83,425.0,3.99,400.0,2.31,0.27,4.12,34.4,16.0,3.02,15.0,5.7,28.55,115.5,2.9,142.25,15.6,9.1,8.6,2.06,0.95,22.0,14.5,0.2,14.0,23.0,177.0,4.65,,,,102.09,1.33,0.28,17.0,,6.2,,0.45,,2.99,32.0,,,,4.66,,,,,,,,,
2023-05-10,10.25,5.55,24.45,469.5,84.0,4.15,0.9,13.6,27.9,1.84,12.25,41.65,8.1,52.25,143.75,11.9,43.3,0.86,3.77,180.0,126.0,29.45,2.34,,1.8,1.44,4.11,6.0,3.83,425.0,4.0,400.0,2.31,0.27,4.12,34.55,16.45,3.2,15.0,5.7,31.4,115.0,2.81,141.25,15.3,9.1,8.6,2.06,0.91,21.2,14.5,0.2,14.0,23.0,181.0,4.65,,,,100.51,1.37,0.29,17.0,,6.04,,0.45,,2.83,32.0,,,,4.66,,,,,,,,,
2023-05-11,10.25,5.55,24.55,470.5,90.25,4.12,0.9,13.1,27.9,1.8,12.0,42.5,8.12,52.0,142.0,11.5,42.4,0.87,3.81,180.0,130.0,29.2,2.35,,1.87,1.41,4.11,6.0,3.83,430.0,4.0,400.0,2.3,0.27,4.12,33.9,16.4,3.09,15.0,5.7,31.3,113.25,2.82,138.5,14.7,9.1,8.6,2.1,0.88,21.2,14.9,0.18,14.0,23.0,170.5,4.7,,,,98.34,1.37,0.29,16.95,,6.08,,0.45,,2.8,32.0,,,,4.66,,,,,,,,,
2023-05-12,10.2,5.55,24.5,466.5,90.25,4.12,0.92,12.9,27.9,1.73,12.0,41.5,8.14,50.75,140.25,11.55,40.8,0.84,3.76,180.0,130.0,28.5,2.35,,1.82,1.42,4.11,6.0,3.83,430.0,3.69,400.0,2.28,0.27,4.12,32.05,16.3,3.0,15.0,5.7,31.3,112.0,2.85,135.25,13.25,9.7,8.6,2.1,0.88,20.4,14.9,0.17,14.0,21.0,170.5,4.7,,,,93.58,1.37,0.3,16.95,,5.94,,0.45,,2.96,32.0,,,,4.66,,,,,,,,,
2023-05-15,10.25,5.55,24.0,460.25,90.25,4.15,0.96,12.5,28.45,1.71,12.4,41.5,8.04,49.85,142.0,11.55,40.5,0.84,3.76,180.0,130.0,29.0,2.33,,1.81,1.39,4.11,6.0,3.83,430.0,3.7,400.0,2.35,0.27,4.12,30.7,16.35,3.0,15.0,5.7,31.05,111.25,2.81,138.25,13.0,9.7,8.6,2.12,0.88,20.15,14.9,0.18,14.0,21.0,170.0,4.7,,,,93.04,1.35,0.3,16.9,,6.1,,0.45,,2.96,32.0,,,,4.66,,,,,,,,,
2023-05-16,10.35,5.55,24.0,455.0,90.25,4.13,0.91,12.65,29.35,1.75,12.3,41.5,8.06,45.55,145.0,11.3,39.9,0.84,3.81,179.75,130.0,31.2,2.32,,1.82,1.41,4.11,6.0,3.83,399.0,3.7,400.0,2.35,0.27,4.12,31.4,16.05,2.85,15.0,5.7,30.0,111.25,2.81,141.0,14.3,9.7,8.4,2.2,0.87,21.85,14.9,0.19,13.95,18.9,170.0,4.33,,,,96.82,1.35,0.29,17.0,,6.0,,0.45,,2.82,32.0,,,,4.66,,,,,,,,,
2023-05-17,10.35,5.55,24.0,455.0,85.0,4.2,0.99,13.0,29.35,1.76,12.3,41.5,8.0,46.3,147.0,11.5,39.45,0.92,3.8,179.75,130.0,31.55,2.31,,1.81,1.4,4.11,6.0,3.83,399.0,3.7,420.0,2.57,0.27,4.12,32.25,16.05,2.85,15.0,5.52,28.65,111.0,2.81,140.25,15.5,8.8,8.4,2.2,0.88,21.85,13.5,0.18,13.75,18.9,170.0,4.33,,,,99.98,1.35,0.29,17.0,,5.96,,0.45,,2.82,32.0,,,,4.66,,,,,,,,,
2023-05-18,10.35,5.55,23.25,455.0,76.5,4.12,0.95,12.9,27.65,1.72,12.3,42.85,8.24,44.05,149.0,11.5,38.75,1.0,4.11,179.75,130.0,31.0,2.2,,1.79,1.41,4.11,6.0,3.83,429.75,3.97,420.0,2.48,0.27,4.12,34.4,16.2,2.85,15.0,5.98,29.9,111.0,2.78,140.5,14.85,8.8,8.54,2.2,0.81,21.5,13.5,0.19,13.9,19.0,170.0,4.33,,,,98.34,1.36,0.3,16.95,,6.08,,0.45,,2.98,32.0,,,,4.66,,,,,,,,,
2023-05-19,10.4,5.55,24.0,457.25,70.0,4.17,0.99,13.5,28.0,1.69,12.25,42.85,8.24,46.0,147.0,11.5,38.4,1.08,4.19,179.75,130.0,30.85,2.29,,1.8,1.4,4.11,6.0,3.83,429.75,3.96,420.0,2.6,0.27,4.12,32.6,15.5,2.71,15.0,5.98,28.75,110.0,2.57,140.0,15.0,9.04,8.0,2.07,0.83,21.55,13.5,0.19,14.05,19.0,170.0,4.33,,,,98.52,1.23,0.28,17.0,,5.92,,0.45,,2.93,34.5,,,,4.66,,,,,,,,,
2023-05-22,10.45,5.55,23.4,450.5,70.0,4.15,0.99,13.4,28.0,1.68,12.25,42.85,8.42,45.7,146.0,10.35,36.55,1.13,4.27,179.75,130.0,29.95,2.26,,1.78,1.41,4.11,6.0,3.83,429.75,3.96,420.0,2.35,0.27,4.12,33.8,15.35,2.71,15.0,5.5,28.15,109.0,2.61,140.0,15.05,9.1,8.0,2.05,0.77,21.55,12.2,0.18,14.05,19.0,170.5,4.33,,,,97.75,1.23,0.28,16.3,,5.96,,0.45,,2.93,32.0,,,,4.66,,,,,,,,,
2023-05-23,10.35,5.55,23.85,450.0,70.0,4.14,0.98,12.55,28.0,1.69,12.35,42.7,8.38,45.3,145.25,10.5,35.8,1.24,4.21,173.0,130.0,30.05,2.31,,1.8,1.4,4.11,6.0,3.83,429.75,3.96,420.0,2.36,0.27,4.12,33.6,15.4,2.7,15.0,5.9,27.25,98.25,2.8,140.0,15.3,9.04,8.0,2.09,0.73,21.15,12.2,0.18,14.0,19.05,170.25,4.33,,,,97.98,1.2,0.3,16.15,,5.62,,0.45,,2.94,34.45,,,,4.66,,,,,,,,,
2023-05-24,10.45,5.55,24.0,450.75,77.0,4.17,0.98,12.5,28.0,1.81,12.5,43.0,8.78,45.0,146.0,10.5,36.55,1.36,4.24,180.0,130.0,30.5,2.3,,1.78,1.47,4.11,6.0,3.83,429.75,3.99,420.0,2.36,0.27,4.12,33.95,15.6,2.84,15.0,5.98,27.25,100.25,2.83,140.75,15.25,8.54,8.0,2.1,0.77,20.65,12.5,0.18,14.0,19.05,171.0,4.33,,,,98.5,1.18,0.31,16.7,,6.0,,0.45,,2.76,34.25,,,,4.66,,,,,,,,,
2023-05-25,10.45,5.55,26.3,457.25,77.0,4.2,0.95,12.5,27.0,1.87,11.15,39.0,8.22,44.95,146.0,10.5,36.8,1.49,4.25,177.5,130.0,31.0,2.31,,1.8,1.53,4.11,6.0,3.83,429.75,3.99,420.0,2.3,0.27,4.12,34.15,16.6,2.8,15.0,5.98,27.15,97.25,2.83,145.0,15.05,9.02,7.8,2.1,0.8,21.0,12.5,0.19,14.05,19.05,171.0,4.33,,,,97.67,1.19,0.31,16.1,,6.0,,0.45,,2.51,34.25,,,,4.66,,,,,,,,,
2023-05-26,10.8,5.55,26.2,449.0,77.0,4.16,0.94,12.5,27.0,1.88,11.4,40.3,8.22,45.0,146.25,11.35,36.9,1.56,4.29,178.0,128.75,31.05,2.28,,1.76,1.51,4.11,6.0,3.83,422.25,4.07,420.0,2.36,0.27,4.12,34.6,18.25,2.52,15.0,5.8,26.15,98.25,2.81,145.75,15.05,8.86,7.8,1.97,0.78,20.85,12.2,0.2,14.1,19.05,172.0,3.95,,,,97.93,1.2,0.31,15.85,,6.0,,0.45,,2.66,33.95,,,,4.66,,,,,,,,,
2023-05-29,11.0,5.55,26.0,408.0,84.5,4.22,0.92,12.9,26.45,1.84,12.0,42.05,8.76,44.9,150.0,11.3,37.4,1.51,4.21,178.0,128.75,31.85,2.29,,1.8,1.55,4.11,6.0,3.83,415.0,4.0,420.0,2.31,0.27,4.12,35.0,19.65,2.55,15.0,5.8,26.2,102.25,2.87,148.5,15.25,9.0,7.9,2.07,0.8,20.5,12.5,0.2,14.2,20.0,181.0,3.59,,,,99.33,1.23,0.31,16.6,,5.98,,0.45,,2.56,34.0,,,,4.66,,,,,,,,,
2023-05-30,11.2,5.55,26.0,401.5,82.0,4.3,0.92,13.3,26.45,1.83,12.0,42.6,8.76,45.45,154.0,11.3,38.1,1.6,4.51,178.0,132.0,31.85,2.31,,1.8,1.54,4.11,6.0,3.83,419.0,4.14,420.0,2.31,0.27,4.12,35.7,20.85,2.75,15.0,5.8,26.0,102.25,2.8,158.5,15.9,9.02,7.86,2.15,0.85,20.25,12.5,0.2,14.15,20.0,185.0,3.28,,,,101.8,1.25,0.3,16.9,,6.0,,0.45,,2.77,33.5,,,,4.66,,,,,,,,,
2023-05-31,11.35,5.55,25.2,402.25,90.0,4.58,0.95,13.45,26.45,1.87,12.1,43.1,8.78,45.7,151.75,11.3,37.9,1.71,4.23,183.5,132.0,31.8,2.36,,1.91,1.52,4.11,6.0,3.83,419.0,4.3,420.0,2.3,0.27,4.12,36.0,19.8,3.0,15.0,5.8,27.1,103.0,2.88,159.25,16.6,9.02,7.9,2.17,0.93,20.0,12.5,0.2,14.15,20.0,180.0,3.28,,,,103.69,1.25,0.31,16.9,,6.28,,0.45,,2.51,33.5,,,,4.66,,,,,,,,,
2023-06-02,11.6,5.55,25.35,424.0,90.0,4.59,0.93,13.0,26.45,1.87,12.1,42.9,8.56,45.9,154.75,11.3,38.15,1.74,4.31,180.0,132.0,31.9,2.3,,1.94,1.52,4.11,6.0,3.83,395.0,4.0,420.0,2.2,0.27,4.12,37.0,19.85,3.0,15.0,6.0,28.5,104.75,2.98,159.0,16.95,9.04,7.14,2.17,0.86,20.2,12.5,0.18,14.2,20.0,182.0,3.28,,,,105.1,1.26,0.31,16.85,,5.94,,0.45,,2.56,33.15,,,,4.66,,,,,,,,,
2023-06-05,11.8,5.55,25.2,430.75,90.0,4.69,0.98,13.0,25.2,1.99,12.1,43.9,9.02,45.95,163.5,11.3,38.4,1.8,4.5,180.0,132.0,31.9,2.33,,1.97,1.6,4.11,6.0,3.83,395.0,4.3,420.0,2.35,0.27,4.12,37.45,20.0,3.0,15.0,6.1,31.0,110.0,3.18,158.25,16.95,9.04,7.2,2.17,0.8,21.5,12.5,0.18,14.4,20.0,185.0,3.28,,,,106.09,1.36,0.31,16.95,,5.98,,0.45,,2.8,33.15,,,,4.66,,,,,,,,,
2023-06-06,11.8,5.55,24.75,425.0,90.0,4.88,0.97,13.1,26.45,1.99,12.0,43.9,8.7,45.2,165.0,11.3,38.5,1.85,4.48,187.0,138.0,31.85,2.38,,1.96,1.69,4.11,6.0,3.83,420.0,4.3,420.0,2.51,0.27,4.12,37.65,20.0,3.0,15.0,6.1,28.7,110.25,2.97,157.0,17.0,9.04,7.5,2.37,0.81,21.5,12.5,0.19,15.5,20.0,185.0,3.28,,,,106.51,1.36,0.33,16.95,,5.98,,0.45,,3.0,34.5,,,,4.66,,,,,,,,,
2023-06-07,11.7,5.55,24.3,427.0,90.0,4.91,0.97,13.3,26.45,1.97,12.1,43.45,8.92,48.85,162.75,11.3,38.35,1.76,4.21,181.5,133.0,31.8,2.32,,1.91,1.7,4.11,6.0,3.83,420.0,4.4,420.0,2.26,0.27,4.12,38.8,20.0,3.05,15.0,6.18,27.3,110.75,3.0,159.25,16.95,9.04,7.22,2.54,0.87,20.55,11.3,0.2,15.5,20.0,183.0,3.28,,,,106.43,1.43,0.33,17.0,,5.88,,0.45,,3.19,35.0,,,,4.66,,,,,,,,,
2023-06-08,11.45,5.55,24.0,429.5,90.0,4.94,0.95,13.2,25.0,1.92,12.25,43.45,8.92,48.45,162.5,11.3,38.05,1.78,4.5,186.5,141.0,31.9,2.31,,1.94,1.67,4.11,6.0,3.83,420.0,4.8,420.0,2.48,0.27,4.12,39.75,20.0,3.05,15.0,6.18,29.75,109.0,2.98,160.5,16.7,9.04,7.26,2.73,0.9,20.9,11.65,0.2,15.85,19.0,183.0,3.28,,,,105.9,1.41,0.33,16.95,,5.98,,0.45,,3.22,35.0,,,,4.66,,,,,,,,,
2023-06-09,11.55,5.55,25.35,429.25,90.0,4.98,0.95,13.4,25.0,1.95,12.2,43.0,9.0,48.0,165.25,11.3,37.9,1.62,4.52,187.5,141.0,31.8,2.3,,1.99,1.62,4.11,6.0,3.83,395.5,4.35,420.0,2.54,0.27,4.12,39.9,20.05,3.27,15.0,6.18,30.0,110.0,2.99,160.25,16.6,9.04,7.9,2.48,0.93,21.0,12.4,0.2,15.9,19.0,186.0,3.4,,,,105.84,1.4,0.35,16.95,,6.02,,0.45,,3.33,35.5,,,,4.66,,,,,,,,,
2023-06-12,11.6,5.55,26.2,425.0,90.0,4.97,0.91,13.45,25.0,1.89,12.2,43.0,8.98,48.1,167.0,11.35,37.85,1.54,4.53,188.75,142.0,31.55,2.36,,2.02,1.54,4.11,6.0,3.83,395.5,4.3,420.0,2.33,0.27,4.12,39.65,20.15,3.44,15.0,6.18,29.85,110.0,2.81,160.25,15.75,9.04,7.9,2.5,0.95,21.1,12.4,0.21,16.2,19.45,197.5,3.4,,,,103.82,1.35,0.34,16.95,,6.18,,0.45,,3.44,37.0,,,,4.66,,,,,,,,,
2023-06-13,11.75,5.55,26.05,425.0,90.0,4.91,0.95,13.55,27.4,1.85,12.25,42.55,8.94,49.0,165.0,11.35,37.1,1.4,4.49,190.0,145.0,31.0,2.3,,2.0,1.58,4.11,6.0,3.83,380.0,4.3,420.0,2.26,0.27,4.12,39.6,20.45,3.37,15.0,6.18,30.0,110.0,2.82,160.25,15.05,9.04,7.96,2.55,0.95,21.45,12.85,0.21,16.45,19.9,195.0,3.4,,,,101.68,1.28,0.34,16.85,,6.08,,0.45,,3.46,36.95,,,,4.66,,,,,,,,,
2023-06-14,11.75,5.55,26.8,424.75,90.0,5.0,0.96,13.5,27.4,1.92,12.2,42.5,8.92,48.75,163.0,11.15,37.1,1.35,4.58,189.25,145.0,31.0,2.32,,2.0,1.56,4.11,6.0,3.83,418.0,4.3,430.0,2.26,0.27,4.12,39.75,20.5,3.37,15.0,5.6,30.0,109.75,2.84,160.25,14.95,9.04,8.0,2.56,0.9,21.35,12.8,0.22,16.0,19.85,194.5,3.4,,,,101.34,1.28,0.36,16.85,,5.94,,0.45,,3.43,36.75,,,,4.66,,,,,,,,,
2023-06-15,11.7,5.55,27.0,420.25,90.0,4.97,0.96,13.55,27.4,1.9,12.25,42.75,8.52,45.65,160.5,11.5,37.1,1.34,4.94,184.25,141.0,29.5,2.32,,1.99,1.55,4.11,6.0,3.83,418.0,4.3,430.0,2.3,0.27,4.12,39.45,20.5,3.7,15.0,5.98,30.0,110.25,2.86,159.25,14.85,9.8,7.98,2.79,0.9,21.45,11.8,0.23,15.75,19.9,195.0,3.4,,,,100.36,1.4,0.35,16.85,,5.96,,0.45,,3.41,35.0,,,,4.66,,,,,,,,,
2023-06-16,11.55,5.55,26.8,420.25,90.0,4.95,0.92,13.5,25.0,1.86,12.2,43.0,8.74,45.8,158.75,12.0,37.15,1.34,4.96,184.25,141.0,29.45,2.31,,1.98,1.56,4.11,6.0,3.83,418.0,3.92,430.0,2.3,0.27,4.12,39.3,20.5,3.7,15.0,5.68,30.0,111.25,2.85,160.75,14.9,8.82,7.78,2.52,0.89,20.65,11.8,0.23,15.95,19.0,199.25,3.4,,,,100.35,1.38,0.34,16.95,,5.94,,0.45,,3.38,35.0,,,,4.66,,,,,,,,,
2023-06-19,11.6,5.55,26.5,425.25,90.0,5.1,0.92,13.5,27.4,1.87,12.2,43.0,8.98,48.35,155.0,12.0,37.5,1.33,5.04,184.25,145.0,29.5,2.3,,1.81,1.56,4.11,6.0,3.83,418.0,3.88,430.0,2.46,0.27,4.12,39.45,18.5,3.7,15.0,5.32,30.0,111.0,2.82,160.25,16.05,8.82,7.02,2.52,0.89,20.9,11.8,0.22,16.05,19.0,202.5,3.29,,,,103.39,1.31,0.35,17.0,,5.94,,0.45,,3.3,36.75,,,,4.66,,,,,,,,,
2023-06-20,11.7,5.55,25.95,426.25,90.0,4.97,0.92,13.55,27.4,1.91,12.1,42.9,8.98,49.65,151.5,12.0,37.9,1.3,5.08,184.25,145.0,29.35,2.33,,1.81,1.57,4.11,6.0,3.83,418.0,3.9,430.0,2.31,0.27,4.12,38.65,18.45,3.7,15.0,5.4,30.0,107.5,2.85,160.25,16.25,8.82,7.7,2.56,0.89,20.9,11.8,0.24,17.0,19.0,202.0,3.25,,,,103.73,1.26,0.33,17.0,,5.94,,0.45,,3.31,36.75,,,,4.66,,,,,,,,,
2023-06-21,11.75,5.55,25.5,426.25,90.0,4.99,0.96,13.5,27.4,1.9,12.2,43.8,9.0,49.85,152.25,12.5,37.85,1.32,5.0,170.0,155.0,29.45,2.3,,1.83,1.58,4.11,6.0,3.83,418.0,3.6,430.0,2.09,0.27,4.12,39.1,18.6,3.35,15.0,5.42,30.0,110.0,2.89,160.25,16.8,9.0,7.8,2.55,0.8,20.65,11.8,0.24,17.15,18.5,204.0,3.45,,,,105.29,1.26,0.34,16.95,,5.98,,0.45,,3.38,36.75,,,,4.66,,,,,,,,,
2023-06-22,11.75,5.55,25.0,425.0,90.0,5.14,0.88,13.8,26.65,1.81,12.35,44.0,9.0,49.7,152.0,13.0,37.45,1.23,4.93,170.0,155.0,29.5,2.32,,1.79,1.62,4.11,6.0,3.83,418.0,3.6,430.0,2.2,0.27,4.12,38.2,19.25,3.35,15.0,5.94,30.0,110.0,2.9,161.75,17.45,9.0,7.8,2.59,0.73,20.2,11.8,0.24,17.75,18.5,208.0,3.69,,,,106.9,1.28,0.36,16.9,,5.96,,0.45,,3.4,36.45,,,,4.66,,,,,,,,,
2023-06-23,11.75,5.55,25.0,425.0,89.0,5.2,0.81,13.6,26.65,1.9,12.3,43.6,9.02,49.55,152.0,13.0,37.5,1.23,5.0,180.0,153.0,29.5,2.39,,1.81,1.57,4.11,6.0,3.83,418.0,3.6,430.0,2.2,0.27,4.12,38.95,19.3,3.35,15.0,6.04,29.75,112.0,2.9,161.75,17.5,9.04,7.98,2.53,0.72,20.2,11.8,0.23,17.6,17.0,208.0,4.0,,,,107.24,1.3,0.36,16.95,,6.3,,0.45,,3.45,36.7,,,,4.66,,,,,,,,,
2023-06-26,11.75,5.55,26.4,429.5,89.0,5.02,0.79,13.55,26.65,1.87,12.2,44.75,8.98,49.5,154.0,12.0,37.5,1.32,5.08,180.0,153.0,29.3,2.3,,1.82,1.56,4.11,6.0,3.83,418.0,3.7,430.0,2.41,0.27,4.12,39.1,19.0,3.25,15.0,6.5,30.8,112.0,2.9,161.25,17.5,8.66,7.98,2.5,0.73,20.0,11.8,0.23,17.1,17.0,210.0,3.6,,,,107.21,1.24,0.35,16.95,,6.02,,0.45,,3.3,36.7,,,,4.66,,,,,,,,,
2023-06-27,11.7,5.55,25.4,425.0,81.25,5.02,0.8,13.65,26.15,1.88,12.25,44.55,8.94,50.0,156.25,12.0,38.75,1.36,4.96,181.0,157.0,29.45,2.29,,1.79,1.59,4.11,6.0,3.83,382.0,3.7,430.0,2.42,0.27,4.12,38.95,19.25,3.57,15.0,6.04,30.8,112.0,2.9,160.75,17.4,8.5,7.98,2.5,0.75,20.0,11.8,0.23,16.15,17.0,208.0,3.6,,,,107.19,1.2,0.35,17.0,,6.02,,0.45,,3.32,36.9,,,,4.66,,,,,,,,,
2023-06-29,11.7,5.55,25.05,425.0,81.25,5.02,0.77,13.85,26.55,1.85,12.25,40.15,8.98,50.0,158.25,12.0,38.75,1.35,5.0,180.25,173.0,29.45,2.29,,1.78,1.59,4.11,6.0,3.83,382.5,4.05,430.0,2.5,0.27,4.12,38.4,18.9,3.57,15.0,5.96,29.8,112.0,2.82,160.75,17.45,9.16,7.98,2.62,0.68,19.3,11.8,0.22,14.55,15.3,232.75,3.6,,,,107.17,1.2,0.34,17.05,,5.96,,0.45,,3.43,36.9,,,,4.66,,,,,,,,,
2023-06-30,11.8,5.55,25.2,432.75,81.25,5.02,0.79,13.85,26.0,1.9,12.2,43.85,9.0,49.85,155.0,12.0,38.25,1.44,5.02,180.0,188.25,29.3,2.31,,1.8,1.58,4.11,6.0,3.83,382.5,4.05,430.0,2.45,0.27,4.12,38.85,19.05,3.91,15.0,6.04,30.0,111.25,2.89,160.5,17.5,9.16,7.3,2.65,0.66,19.15,11.65,0.24,13.2,15.3,244.25,3.6,,,,107.0,1.2,0.35,17.1,,5.98,,0.45,,3.33,36.9,,,,4.66,,,,,,,,,
2023-07-03,11.85,5.55,26.0,427.75,77.0,5.0,0.73,14.7,28.0,1.85,12.15,44.65,8.96,48.1,160.0,13.1,38.3,1.35,5.02,180.0,191.75,29.3,2.32,,1.8,1.61,4.11,6.0,3.83,382.5,3.95,430.0,2.45,0.27,4.12,38.85,20.0,4.0,15.0,6.14,29.85,111.5,2.91,160.75,17.75,9.16,7.24,2.7,0.68,19.5,11.65,0.26,12.0,15.3,245.0,3.6,,,,107.79,1.2,0.35,17.6,,6.06,,0.45,,3.36,35.95,,,,4.66,,,,,,,,,
2023-07-04,12.0,5.55,26.05,441.75,77.0,5.14,0.74,15.25,28.0,1.9,12.2,44.65,9.0,48.0,156.5,13.1,39.2,1.47,5.0,180.0,205.0,29.45,2.3,,1.78,1.62,4.11,6.0,3.83,382.5,3.95,430.0,2.58,0.27,4.12,38.3,20.0,4.25,15.0,6.14,29.85,112.0,2.91,161.0,17.8,9.5,7.94,2.51,0.66,19.65,11.65,0.26,11.9,15.3,246.0,3.6,,,,108.22,1.3,0.35,18.25,,6.14,,0.45,,3.4,35.95,,,,4.66,,,,,,,,,
2023-07-05,12.1,5.55,26.05,440.75,77.0,5.04,0.77,15.2,30.0,1.91,12.1,44.8,8.98,48.0,157.25,12.0,39.25,1.53,4.85,181.25,206.5,29.3,2.31,,1.81,1.61,4.11,6.0,3.83,382.5,4.07,430.0,2.57,0.27,4.12,38.95,20.0,4.42,15.0,6.48,29.85,118.0,2.97,161.75,17.7,9.08,8.06,2.5,0.62,19.4,11.65,0.24,10.85,16.6,247.75,3.6,,,,108.0,1.26,0.35,18.05,,6.22,,0.45,,3.49,34.1,,,,4.66,,,,,,,,,
2023-07-06,12.3,5.55,26.4,443.75,77.0,5.22,0.81,15.1,29.5,1.93,12.05,44.8,8.92,48.05,160.0,12.0,39.85,1.57,4.83,189.0,210.0,29.15,2.35,,1.83,1.63,4.11,6.0,3.83,390.0,4.07,410.0,2.45,0.27,4.12,39.5,20.0,4.67,15.0,6.36,30.05,120.0,2.91,162.0,17.85,9.08,8.0,2.25,0.61,20.05,11.65,0.23,10.05,18.2,236.0,3.6,,,,108.81,1.26,0.35,18.5,,6.44,,0.45,,3.31,33.05,,,,4.66,,,,,,,,,
2023-07-07,12.1,5.55,25.9,450.5,77.0,5.1,0.82,15.15,29.5,1.95,12.2,44.35,9.06,50.0,158.75,13.1,40.0,1.54,4.82,189.0,217.25,29.15,2.32,,1.84,1.63,4.11,6.0,3.83,418.0,4.24,410.0,2.46,0.27,4.12,39.4,20.0,5.1,15.0,6.5,29.0,119.75,2.97,162.0,18.9,9.08,8.0,2.24,0.63,20.05,11.65,0.23,9.98,18.6,240.0,3.6,,,,111.37,1.32,0.35,18.5,,6.3,,0.45,,3.32,30.4,,,,4.66,,,,,,,,,
2023-07-10,12.1,5.55,25.65,442.5,78.0,5.0,0.9,15.0,29.5,1.98,12.2,44.8,8.98,48.75,157.75,13.0,40.85,1.66,4.82,189.0,218.0,29.05,2.32,,1.86,1.63,4.11,6.0,3.83,418.0,4.01,410.0,2.36,0.27,4.12,39.25,19.95,5.18,15.0,6.5,30.5,116.5,2.93,161.75,19.55,9.48,8.0,2.3,0.61,20.0,12.5,0.24,10.0,18.6,240.0,3.69,,,,112.98,1.32,0.35,18.5,,6.32,,0.45,,3.47,29.65,,,,4.66,,,,,,,,,
2023-07-11,12.15,5.55,25.6,441.5,78.0,5.08,0.98,15.1,29.45,1.97,12.05,44.8,8.98,49.0,160.0,13.0,41.55,1.58,4.85,189.5,225.0,29.0,2.33,,1.85,1.56,4.11,6.0,3.83,418.0,4.2,410.0,2.42,0.27,4.12,39.4,20.0,5.1,15.0,6.5,29.15,120.0,2.91,161.5,19.7,9.16,8.0,2.3,0.66,20.0,12.5,0.26,10.95,18.6,236.75,3.69,,,,113.83,1.32,0.34,18.5,,6.48,,0.45,,3.2,30.75,,,,4.66,,,,,,,,,
2023-07-12,12.15,5.55,25.3,440.0,77.0,5.16,0.99,15.15,29.85,1.99,12.05,44.8,8.98,48.05,161.75,13.0,42.5,1.71,4.85,189.5,225.0,29.1,2.31,,1.86,1.6,4.11,6.0,3.83,418.0,4.2,410.0,2.51,0.27,4.12,39.5,20.0,5.18,15.0,6.5,28.0,120.0,2.92,161.5,19.7,9.28,8.4,2.52,0.67,20.6,12.5,0.26,12.0,18.0,231.75,3.69,,,,114.47,1.32,0.34,18.55,,6.46,,0.45,,3.45,33.8,,,,4.66,,,,,,,,,
2023-07-13,12.2,5.55,25.25,445.0,77.0,5.22,0.91,15.0,30.0,1.99,12.0,41.0,9.0,48.3,164.25,13.0,43.0,1.55,4.58,189.75,225.0,29.85,2.39,,1.86,1.6,4.11,6.0,3.83,418.0,4.15,410.0,2.65,0.27,4.12,39.35,19.95,5.1,15.0,6.4,28.2,120.5,2.91,161.75,19.4,9.48,8.4,2.65,0.66,20.25,12.45,0.26,13.0,16.9,234.75,3.69,,,,114.2,1.32,0.32,18.4,,6.42,,0.45,,3.2,33.8,,,,4.66,,,,,,,,,
2023-07-14,12.2,5.55,25.85,441.25,77.0,5.14,0.97,15.15,30.0,1.99,12.1,44.0,8.98,47.65,164.0,13.0,43.05,1.65,4.52,190.0,220.0,30.15,2.4,,1.85,1.6,4.11,6.0,3.83,418.0,4.15,410.0,2.65,0.27,4.12,39.85,20.0,5.16,15.0,7.02,29.0,120.0,2.85,161.75,19.2,9.16,8.4,2.6,0.71,19.25,13.65,0.25,14.0,18.55,236.0,3.69,,,,113.93,1.33,0.34,18.1,,6.34,,0.45,,3.27,33.8,,,,4.66,,,,,,,,,
2023-07-17,12.2,5.55,26.05,441.25,77.0,5.48,0.98,15.4,30.0,2.0,12.05,44.0,9.06,48.0,165.5,14.0,43.5,1.67,4.72,185.75,220.0,31.6,2.4,,1.84,1.6,4.11,6.0,3.83,418.0,4.01,420.0,2.5,0.27,4.12,39.85,20.1,5.16,15.0,7.08,29.0,129.5,2.94,161.5,19.3,9.1,8.3,2.6,0.7,19.1,12.4,0.26,13.95,18.45,243.0,3.81,,,,115.02,1.33,0.36,18.35,,6.34,,0.45,,3.41,34.8,,,,4.66,,,,,,,,,
2023-07-18,12.25,5.55,26.05,451.25,77.0,5.3,0.98,15.35,30.0,1.99,12.0,42.0,9.18,47.95,165.0,14.0,44.0,1.63,4.58,189.5,220.0,31.2,2.39,,1.84,1.6,4.11,6.0,3.83,418.0,4.02,420.0,2.52,0.27,4.12,38.75,19.85,5.36,15.0,6.52,27.9,129.75,2.91,161.25,18.55,9.24,8.2,2.68,0.65,19.15,11.75,0.26,13.45,18.45,240.0,3.66,,,,112.96,1.33,0.35,18.45,,6.58,,0.45,,3.51,34.8,,,,4.66,,,,,,,,,
2023-07-19,12.25,5.55,26.25,440.0,77.0,5.24,0.98,15.4,30.0,2.01,11.9,41.0,9.1,48.0,164.5,14.3,44.2,1.61,4.27,189.0,222.25,30.25,2.37,,1.82,1.58,4.11,6.0,3.83,418.0,4.28,420.0,2.52,0.27,4.12,38.7,20.05,5.16,15.0,6.52,29.0,129.75,2.85,161.75,18.15,9.1,8.2,2.68,0.67,19.5,11.75,0.26,13.1,18.45,238.25,3.66,,,,111.63,1.33,0.34,18.6,,6.4,,0.45,,3.51,34.9,,,,4.66,,,,,,,,,
2023-07-20,12.35,5.55,26.0,440.5,77.0,5.14,0.96,15.45,30.0,2.0,11.85,41.0,9.34,47.9,164.25,14.35,44.25,1.46,4.62,185.0,222.25,29.7,2.38,,1.8,1.58,4.11,6.0,3.83,418.0,4.28,420.0,2.52,0.27,4.12,38.9,20.0,5.16,15.0,6.52,28.0,121.0,2.85,162.0,18.05,9.0,8.2,2.77,0.65,19.35,11.7,0.24,12.05,18.7,235.0,3.66,,,,110.9,1.32,0.32,18.35,,6.36,,0.45,,3.45,34.85,,,,4.66,,,,,,,,,
2023-07-21,12.35,5.55,25.2,440.0,77.0,5.18,0.91,15.75,30.0,2.2,11.95,42.95,9.5,47.75,160.75,14.0,44.45,1.51,4.77,185.25,222.25,29.55,2.39,,1.81,1.58,4.11,6.0,3.83,418.0,4.28,420.0,2.6,0.27,4.12,38.55,20.05,5.16,15.0,6.52,27.0,119.0,2.84,162.5,18.0,9.04,8.2,2.53,0.59,19.5,11.7,0.26,12.0,18.7,235.0,4.0,,,,110.65,1.32,0.32,18.85,,6.14,,0.45,,3.45,34.8,,,,4.66,,,,,,,,,
2023-07-24,12.25,5.55,25.15,437.75,77.0,5.1,0.95,16.0,30.0,2.17,12.0,42.95,9.06,47.8,160.75,14.0,44.5,1.59,4.65,185.25,222.25,29.45,2.4,,1.83,1.53,4.11,6.0,3.83,384.5,4.28,420.0,2.5,0.27,4.12,38.25,20.0,5.16,15.0,6.52,27.0,119.0,2.83,164.75,17.85,9.04,7.86,2.44,0.57,19.0,11.7,0.27,12.9,17.2,238.5,4.0,,,,110.27,1.34,0.35,18.9,,6.02,,0.45,,3.45,35.0,,,,4.66,,,,,,,,,
2023-07-25,12.2,5.55,26.0,435.0,72.0,5.02,0.95,16.0,29.05,2.18,11.95,40.0,9.0,47.55,161.75,14.0,44.9,1.55,4.65,186.0,205.0,29.0,2.4,,1.81,1.5,4.11,6.0,3.83,382.5,3.95,420.0,2.3,0.27,4.12,38.15,20.05,5.16,15.0,6.52,25.8,119.0,2.9,166.0,16.8,8.46,7.86,2.5,0.54,18.75,12.0,0.25,13.2,16.95,234.75,3.83,,,,107.52,1.34,0.32,19.0,,6.02,,0.45,,3.2,35.0,,,,4.66,,,,,,,,,
2023-07-26,12.2,5.55,26.05,420.75,72.0,4.94,0.94,16.7,29.05,2.1,11.9,42.0,9.0,47.75,161.75,14.0,42.65,1.56,4.66,186.0,205.0,28.7,2.39,,1.79,1.51,4.11,6.0,3.83,382.0,4.11,420.0,2.3,0.27,4.12,38.25,20.0,5.16,15.0,6.52,25.8,120.0,2.87,166.0,16.15,8.46,7.38,2.6,0.53,18.65,12.0,0.25,13.1,16.95,236.0,3.83,,,,105.16,1.25,0.32,18.85,,6.4,,0.45,,3.22,35.0,,,,4.66,,,,,,,,,
2023-07-27,12.25,5.55,25.0,420.0,72.0,4.91,0.92,17.0,28.15,2.2,11.85,42.0,9.02,47.7,164.5,14.0,39.7,1.53,4.78,186.75,205.0,28.65,2.39,,1.83,1.54,4.11,6.0,3.83,382.0,4.0,420.0,2.3,0.27,4.12,38.3,20.0,5.16,15.0,6.52,25.8,120.0,2.73,165.25,17.25,8.22,7.88,2.6,0.56,19.0,11.8,0.25,13.1,16.0,238.25,3.83,,,,107.34,1.25,0.32,18.55,,6.08,,0.45,,3.22,35.0,,,,4.66,,,,,,,,,
2023-07-28,12.4,5.55,24.95,418.5,72.0,4.99,0.98,16.95,28.1,2.2,11.85,40.0,9.0,46.1,153.5,14.0,40.6,1.53,4.65,185.0,210.0,28.55,2.31,,1.8,1.54,4.11,6.0,3.83,382.0,3.64,420.0,2.11,0.27,4.12,38.35,20.0,5.0,15.0,6.52,25.3,120.0,2.96,164.75,16.6,7.96,7.42,2.5,0.6,18.5,11.8,0.24,13.3,15.65,237.75,3.83,,,,105.29,1.26,0.31,18.65,,6.2,,0.45,,3.45,35.0,,,,4.66,,,,,,,,,
2023-07-31,12.35,5.55,24.9,418.25,72.0,5.04,0.95,16.9,28.1,2.18,11.9,42.0,8.96,47.7,141.0,14.0,41.0,1.58,4.78,185.0,210.0,28.5,2.32,,1.85,1.54,4.11,6.0,3.83,382.0,3.9,420.0,2.1,0.27,4.12,38.45,20.0,5.0,15.0,7.16,24.5,120.0,2.9,165.0,16.9,8.1,7.52,2.5,0.6,18.5,11.8,0.23,13.35,15.65,239.25,3.83,,,,105.49,1.26,0.3,19.0,,6.2,,0.45,,3.11,33.0,,,,4.66,,,,,,,,,
2023-08-01,12.3,5.55,25.15,420.0,72.0,4.8,0.95,17.0,28.1,2.2,11.95,42.0,8.6,47.7,141.25,14.0,41.5,1.63,4.5,184.0,210.0,28.5,2.37,,1.88,1.53,4.11,6.0,3.83,382.0,3.9,420.0,2.1,0.27,4.12,38.25,20.0,5.0,15.0,7.16,24.5,122.0,2.97,164.75,17.35,8.2,7.52,2.61,0.59,19.15,11.8,0.22,13.95,15.65,242.0,3.83,,,,106.88,1.26,0.33,18.95,,6.18,,0.45,,3.4,33.0,,,,4.66,,,,,,,,,
2023-08-02,12.3,5.55,26.0,430.75,73.0,4.64,0.95,16.85,28.1,2.13,11.95,42.0,9.0,47.8,143.25,13.1,40.45,1.67,4.76,184.0,210.0,28.6,2.41,,1.89,1.52,4.11,6.0,3.83,382.0,3.9,420.0,2.31,0.27,4.12,39.2,20.0,5.0,15.0,7.16,25.65,121.0,2.96,165.0,16.9,8.06,7.52,2.6,0.59,19.5,11.5,0.24,13.95,15.65,245.0,3.83,,,,105.8,1.26,0.33,19.0,,6.2,,0.45,,3.4,33.0,,,,4.66,,,,,,,,,
2023-08-03,12.35,5.55,26.0,430.0,73.0,4.31,0.95,16.65,28.1,2.18,12.0,41.55,9.0,48.0,145.5,13.1,40.55,1.52,4.93,188.0,221.0,29.0,2.45,,1.87,1.52,4.11,6.0,3.83,418.0,4.0,430.0,2.3,0.27,4.12,40.1,20.05,5.0,15.0,7.32,25.8,120.25,2.9,165.25,16.8,8.2,8.26,2.5,0.55,20.1,11.5,0.24,14.25,17.2,247.75,3.83,,,,105.94,1.33,0.32,18.95,,6.2,,0.45,,3.09,33.0,,,,4.66,,,,,,,,,
2023-08-04,12.4,5.55,26.0,435.0,73.0,4.35,0.95,16.75,30.9,2.21,12.05,41.0,9.1,48.35,143.0,13.1,41.0,1.55,4.98,186.25,219.75,29.4,2.4,,1.91,1.57,4.11,6.0,3.83,418.0,4.0,430.0,2.45,0.27,4.12,41.7,20.1,4.7,15.0,7.32,25.8,120.25,2.96,165.5,16.8,8.5,7.58,2.5,0.53,19.8,11.5,0.23,14.3,17.2,250.0,3.83,,,,106.17,1.33,0.33,19.0,,6.18,,0.45,,3.26,31.0,,,,4.66,,,,,,,,,
2023-08-07,12.45,5.55,26.0,435.0,73.0,4.54,0.95,16.85,33.8,2.15,12.0,40.0,9.18,47.0,144.75,14.4,41.0,1.61,4.9,189.25,219.5,30.0,2.4,,1.9,1.56,4.11,6.0,3.83,418.0,4.0,430.0,2.53,0.27,4.12,40.55,20.05,4.7,15.0,7.32,26.2,116.75,2.98,165.25,16.75,8.5,7.58,2.65,0.56,19.8,11.5,0.23,14.25,18.75,256.0,3.83,,,,106.15,1.33,0.33,19.0,,6.26,,0.45,,3.29,32.2,,,,4.66,,,,,,,,,
2023-08-08,12.45,5.55,25.05,435.0,73.0,4.55,0.9,17.0,33.9,2.18,12.05,42.0,9.12,47.05,141.25,14.4,41.0,1.47,4.9,189.25,224.75,29.85,2.42,,1.89,1.54,4.11,6.0,3.83,418.0,4.0,430.0,2.5,0.27,4.12,39.35,20.1,4.7,15.0,7.32,26.2,115.0,2.85,164.75,16.4,8.5,8.3,2.42,0.6,19.3,11.5,0.22,14.0,18.75,269.0,3.83,,,,104.91,1.33,0.33,18.95,,6.2,,0.45,,3.29,33.0,,,,4.66,,,,,,,,,
2023-08-09,12.45,5.55,26.15,435.0,73.0,4.81,0.92,16.95,33.15,2.15,12.0,40.25,9.16,47.0,144.75,14.4,41.0,1.52,4.81,189.25,235.5,29.25,2.4,,1.88,1.52,4.11,6.0,3.83,387.75,3.99,430.0,2.5,0.27,4.12,39.0,20.0,4.24,15.0,7.16,26.5,116.75,2.98,166.0,16.35,7.98,8.3,2.39,0.58,21.0,11.65,0.22,14.3,17.85,269.75,3.83,,,,105.05,1.33,0.34,18.65,,6.22,,0.45,,3.34,36.05,,,,4.66,,,,,,,,,
2023-08-10,12.45,5.55,26.0,445.0,73.0,5.16,0.9,16.85,33.15,2.04,11.9,40.0,9.2,46.6,139.75,14.4,41.0,1.49,4.9,189.25,237.25,29.0,2.39,,1.89,1.51,4.11,6.0,3.83,387.75,4.0,430.0,2.51,0.27,4.12,40.0,20.05,4.24,15.0,7.16,26.9,119.25,2.99,165.0,16.15,8.66,8.3,2.31,0.55,20.0,11.65,0.21,14.2,17.0,270.5,3.83,,,,104.33,1.26,0.32,18.7,,6.3,,0.45,,3.06,35.0,,,,4.66,,,,,,,,,
2023-08-11,12.45,5.55,27.0,435.0,73.0,5.14,0.9,16.45,33.9,2.1,11.95,42.0,9.28,47.0,138.0,14.4,41.0,1.45,4.97,189.25,237.0,28.9,2.39,,1.89,1.51,4.11,6.0,3.83,387.75,3.99,430.0,2.51,0.27,4.12,39.25,20.35,4.24,15.0,6.5,26.9,120.0,2.98,164.75,16.05,8.66,8.3,2.31,0.56,19.5,11.45,0.21,14.3,17.0,270.75,3.83,,,,104.0,1.27,0.34,19.0,,6.22,,0.45,,3.06,36.0,,,,4.66,,,,,,,,,
2023-08-14,12.2,5.55,25.25,435.0,73.0,4.99,0.86,16.4,34.0,2.17,11.75,38.0,9.16,47.6,137.0,14.0,41.0,1.32,4.57,187.25,236.25,28.5,2.37,,1.9,1.49,4.11,6.0,3.83,387.75,4.0,430.0,2.6,0.27,4.12,39.0,20.0,4.24,15.0,7.0,26.9,121.25,2.88,165.5,15.9,8.68,8.32,2.4,0.57,20.95,11.45,0.19,14.35,18.5,270.75,3.83,,,,103.23,1.27,0.33,18.55,,6.26,,0.45,,3.29,36.0,,,,4.66,,,,,,,,,
2023-08-15,12.15,5.55,25.15,430.0,73.0,4.95,0.85,16.75,34.0,2.04,11.7,40.0,9.0,46.8,135.0,14.0,40.7,1.23,4.81,182.75,238.75,28.1,2.37,,1.87,1.48,4.11,6.0,3.83,387.75,3.8,430.0,2.51,0.27,4.12,38.7,20.6,3.82,15.0,7.0,26.25,121.5,2.8,163.5,15.9,8.34,8.28,2.19,0.56,19.1,11.0,0.19,14.45,17.0,265.0,4.0,,,,102.77,1.29,0.31,18.95,,6.04,,0.45,,3.29,36.0,,,,4.66,,,,,,,,,
2023-08-16,12.05,5.55,25.0,425.0,73.0,4.9,0.89,16.5,34.0,2.01,11.7,42.0,8.86,46.8,129.75,14.0,40.65,1.15,5.0,189.75,231.75,27.75,2.36,,1.87,1.5,4.11,6.0,3.83,387.75,3.8,430.0,2.57,0.27,4.12,39.0,20.0,4.0,15.0,7.0,26.25,120.75,2.87,163.25,15.0,8.34,8.0,2.18,0.56,19.1,12.0,0.18,14.15,18.0,253.25,4.0,,,,100.02,1.29,0.34,18.75,,6.04,,0.45,,3.27,36.0,,,,4.66,,,,,,,,,
2023-08-17,11.95,5.55,25.4,424.5,73.0,4.98,0.93,16.5,36.95,2.01,11.6,39.7,8.82,46.85,132.5,14.0,40.75,1.21,5.1,179.0,225.0,27.65,2.32,,1.87,1.47,4.11,6.0,3.83,403.5,3.97,430.0,2.68,0.27,4.12,38.95,20.0,3.61,16.45,6.8,26.25,115.0,2.8,159.5,15.95,8.34,8.0,2.18,0.54,19.15,12.0,0.18,14.05,18.0,242.5,3.96,,,,102.21,1.3,0.34,18.5,,6.08,,0.45,,3.27,36.0,,,,4.66,,,,,,,,,
2023-08-18,11.9,5.55,24.9,420.5,73.0,4.96,0.91,16.5,40.0,1.99,11.45,39.7,8.8,47.05,125.25,14.0,40.6,1.25,5.0,170.0,232.75,27.5,2.32,,1.81,1.46,4.11,6.0,3.83,403.5,3.86,430.0,2.7,0.27,4.12,38.7,20.0,3.25,16.45,7.0,26.0,117.0,2.79,150.25,16.0,8.34,8.0,2.18,0.53,18.25,11.5,0.19,14.2,18.0,243.75,3.96,,,,101.35,1.29,0.31,18.45,,6.12,,0.45,,3.05,33.0,,,,4.66,,,,,,,,,
2023-08-21,11.85,5.55,24.6,420.0,73.0,4.8,0.94,16.0,40.0,1.96,11.55,39.75,8.78,47.2,125.0,14.0,39.05,1.24,5.0,170.0,226.75,27.0,2.38,,1.86,1.46,4.11,6.0,3.83,403.5,3.8,430.0,2.65,0.27,4.12,38.6,20.0,3.25,16.45,7.0,26.0,116.0,2.74,159.0,15.95,8.34,8.0,2.13,0.53,18.9,11.65,0.19,14.0,17.25,233.5,3.96,,,,100.86,1.3,0.31,18.3,,6.16,,0.45,,3.0,33.0,,,,4.66,,,,,,,,,
2023-08-22,11.75,5.55,25.0,423.75,73.0,4.69,0.94,16.0,41.5,2.05,11.5,39.75,8.98,49.0,125.25,14.0,39.15,1.24,5.0,170.0,237.75,26.95,2.36,,1.85,1.45,4.11,6.0,3.83,403.5,3.89,430.0,2.65,0.27,4.12,38.55,20.0,3.21,16.45,6.8,26.0,114.0,2.7,159.0,15.9,8.34,7.4,2.13,0.51,18.1,11.05,0.19,13.95,16.75,251.5,4.16,,,,100.69,1.3,0.31,18.25,,6.06,,0.45,,2.9,33.0,,,,4.66,,,,,,,,,
2023-08-23,11.8,5.55,26.0,422.25,73.0,5.0,0.89,15.7,41.5,1.96,11.5,39.75,8.86,49.0,126.0,14.0,39.45,1.31,4.96,170.0,225.75,26.9,2.29,,1.84,1.45,4.11,6.0,3.83,403.5,3.85,430.0,2.69,0.27,4.12,36.35,20.0,3.27,16.45,6.22,26.2,114.25,2.75,160.0,15.55,8.52,8.0,2.13,0.51,19.9,11.9,0.18,13.85,18.2,245.25,4.16,,,,99.74,1.3,0.33,18.15,,6.12,,0.45,,2.99,33.0,,,,4.66,,,,,,,,,
2023-08-24,11.6,5.55,25.2,419.75,73.5,4.97,0.9,15.95,41.5,2.08,11.4,41.0,8.98,48.15,135.0,14.0,39.45,1.36,4.99,172.0,211.25,25.15,2.31,,1.8,1.45,4.11,6.0,3.83,403.5,4.0,430.0,2.75,0.27,4.12,37.45,20.05,3.0,16.45,6.22,25.0,114.0,2.75,159.5,15.75,8.3,8.0,2.25,0.51,20.4,11.9,0.19,13.8,18.2,228.5,4.16,,,,100.32,1.26,0.34,18.1,,6.16,,0.45,,3.26,33.0,,,,4.66,,,,,,,,,
2023-08-25,11.1,5.55,25.75,420.0,73.5,5.0,0.9,15.95,41.5,2.07,11.4,38.5,8.9,48.15,134.25,14.0,39.5,1.27,4.98,172.25,211.25,23.8,2.3,,1.83,1.45,4.11,6.0,3.83,389.0,3.82,430.0,2.74,0.27,4.12,38.3,20.0,2.94,16.45,6.22,25.0,114.0,2.75,159.25,15.5,8.3,7.8,2.14,0.52,18.5,11.9,0.19,13.8,18.2,205.75,4.16,,,,99.38,1.3,0.34,18.2,,6.12,,0.45,,3.25,36.0,,,,4.66,,,,,,,,,
2023-08-28,11.2,5.55,24.3,418.25,73.5,5.06,0.87,15.8,41.5,2.1,11.4,38.5,8.7,48.0,134.75,14.0,39.55,1.37,4.8,172.25,205.0,23.8,2.31,,1.8,1.47,4.11,6.0,3.83,400.0,3.82,430.0,2.89,0.27,4.12,38.45,20.0,3.0,16.45,6.22,24.15,111.75,2.94,159.0,15.45,8.3,7.8,2.35,0.53,18.5,11.85,0.19,13.55,18.2,185.5,4.16,,,,99.17,1.26,0.33,18.0,,6.08,,0.45,,3.25,36.0,,,,4.66,,,,,,,,,
2023-08-29,11.35,5.55,25.95,418.75,73.5,5.04,0.86,15.8,41.5,2.14,11.3,38.55,8.84,47.2,132.75,13.4,39.5,1.45,4.8,172.25,205.0,23.75,2.3,,1.82,1.54,4.11,6.0,3.83,400.0,4.0,430.0,2.93,0.27,4.12,38.8,20.1,3.0,16.45,6.22,23.8,114.0,2.81,159.75,15.45,8.3,7.9,2.35,0.5,18.5,11.85,0.19,13.6,18.2,189.0,4.2,,,,99.08,1.3,0.34,18.25,,5.98,,0.45,,3.25,33.0,,,,4.66,,,,,,,,,
2023-08-30,11.5,5.55,26.0,419.5,73.5,5.18,0.86,15.9,41.5,2.09,11.6,38.55,9.0,47.7,134.75,13.4,39.5,1.4,4.71,172.25,205.0,23.75,2.21,,1.8,1.56,4.11,6.0,3.83,400.0,4.0,430.0,2.9,0.27,4.12,39.05,20.1,3.11,16.45,6.22,23.25,114.0,2.76,160.0,15.5,8.3,7.9,2.58,0.49,20.35,11.55,0.19,13.5,17.0,205.75,4.16,,,,99.5,1.3,0.33,18.15,,6.0,,0.45,,3.2,33.0,,,,4.66,,,,,,,,,
2023-08-31,11.7,5.55,24.9,419.75,73.5,5.42,0.82,15.25,38.95,2.06,11.65,38.55,9.0,48.7,135.25,13.45,38.85,1.46,4.96,175.25,197.25,23.6,2.3,,1.87,1.54,4.11,6.0,3.83,390.0,3.72,397.75,2.9,0.27,4.12,39.7,20.0,3.22,16.45,6.22,23.5,114.0,2.76,159.25,15.4,8.16,8.0,2.68,0.5,20.1,12.5,0.18,13.4,16.95,192.25,4.16,,,,99.23,1.3,0.34,18.0,,6.06,,0.45,,3.19,33.0,,,,4.66,,,,,,,,,
2023-09-01,11.75,5.55,24.6,420.0,73.5,5.32,0.83,15.05,39.65,2.06,11.85,38.55,8.96,48.45,135.5,13.45,38.45,1.45,4.5,176.0,197.25,23.45,2.34,,1.8,1.5,4.11,6.0,3.83,384.75,3.65,397.75,2.62,0.27,4.12,40.0,20.0,3.22,16.45,6.22,23.65,111.0,2.61,160.0,15.1,8.16,8.0,2.79,0.52,18.5,11.5,0.18,13.35,16.95,192.5,4.16,,,,98.14,1.3,0.34,18.05,,5.86,,0.45,,2.97,36.0,,,,4.66,,,,,,,,,
2023-09-04,11.75,5.55,25.95,418.0,73.5,5.68,0.88,15.5,39.65,2.06,12.0,38.5,8.8,47.0,134.25,13.45,38.1,1.36,4.66,176.0,197.25,23.45,2.32,,1.8,1.5,4.11,6.0,3.83,384.75,4.0,397.75,2.36,0.27,4.12,40.0,20.0,3.22,16.45,6.22,24.0,111.5,2.82,159.75,15.1,8.16,8.0,2.74,0.54,18.9,11.5,0.19,13.1,16.95,204.75,4.16,,,,98.1,1.3,0.35,18.0,,5.96,,0.45,,2.83,36.0,,,999.07,4.66,,,,,,,,,
2023-09-05,11.75,5.55,26.0,418.0,73.5,5.6,0.87,15.9,37.0,2.06,11.95,38.5,9.0,47.1,134.25,13.45,38.2,1.34,4.7,176.25,197.25,23.3,2.3,,1.8,1.5,4.11,6.0,3.83,384.75,3.99,397.75,2.31,0.27,4.12,40.0,20.05,3.22,16.45,6.22,24.0,110.0,2.88,160.0,15.1,8.48,8.0,2.6,0.53,18.65,11.5,0.18,13.2,16.95,196.0,4.16,,,,98.01,1.22,0.34,17.9,,5.9,,0.45,,2.86,36.0,,,997.63,4.66,,,,,,,,,
2023-09-06,11.75,5.55,25.15,418.0,73.5,5.54,0.89,16.2,37.0,2.16,11.9,38.5,9.0,49.4,131.0,13.45,38.7,1.45,4.55,175.0,197.25,23.35,2.31,,1.8,1.49,4.11,6.0,3.83,384.75,4.0,397.75,2.25,0.27,4.12,39.95,20.0,3.22,16.45,6.22,23.75,110.0,2.9,160.0,15.1,8.68,8.0,2.72,0.53,18.25,11.5,0.18,13.1,17.8,196.0,4.16,,,,97.98,1.28,0.35,17.9,,5.96,,0.45,,2.99,36.0,,,995.82,4.66,,,,,,,,,
2023-09-07,11.75,5.55,25.05,418.0,73.5,5.34,0.89,16.35,37.0,2.19,11.85,38.55,9.0,49.0,130.0,13.75,37.55,1.45,4.55,175.0,197.5,23.4,2.28,,1.8,1.48,4.11,6.0,3.83,384.75,4.0,397.75,2.25,0.27,4.12,40.0,20.0,3.22,18.0,6.22,24.0,111.0,2.85,160.0,15.25,8.7,8.08,2.59,0.54,18.95,12.2,0.19,12.6,18.1,198.0,4.16,,,,97.98,1.3,0.32,17.9,,5.98,,0.45,,2.99,36.0,,,989.66,4.66,,,,,,,,,
2023-09-08,11.75,5.55,26.0,421.0,77.0,5.3,0.89,16.0,37.0,2.17,11.8,40.0,8.86,49.0,130.75,13.45,37.2,1.45,4.5,175.75,199.25,23.35,2.35,,1.8,1.49,4.11,6.0,3.83,384.75,4.0,397.75,2.2,0.27,4.12,40.0,20.0,3.5,18.0,6.22,24.0,110.0,2.87,162.5,15.5,8.7,7.6,2.59,0.53,18.95,12.2,0.2,13.05,18.1,199.0,4.16,,,,98.7,1.3,0.32,17.9,,5.72,,0.45,,2.99,36.0,,,993.13,4.66,,,,,,,,,
2023-09-11,11.85,5.55,26.0,421.25,77.0,5.28,0.89,16.4,38.0,2.19,11.7,40.0,8.82,49.15,130.5,13.45,37.5,1.4,4.54,175.75,195.75,23.45,2.3,,1.8,1.5,4.11,6.0,3.83,384.75,4.0,397.75,2.15,0.27,4.12,40.4,20.4,3.85,19.5,6.5,22.75,110.0,2.85,161.0,15.75,8.7,7.48,2.59,0.54,18.35,12.2,0.2,13.0,18.1,199.0,4.57,,,,99.39,1.18,0.34,17.9,,5.72,,0.45,,2.95,36.0,,,997.66,4.66,,,,,,,,,
2023-09-12,11.75,5.55,25.7,419.75,77.0,5.3,0.91,16.55,38.0,2.19,11.8,40.0,8.94,49.3,130.5,13.45,37.5,1.35,4.51,188.5,196.0,23.1,2.3,,1.86,1.5,4.11,6.0,3.83,384.75,3.95,380.0,2.15,0.27,4.12,40.15,20.0,3.85,19.5,6.74,22.75,112.0,2.75,160.0,15.35,8.68,7.48,2.4,0.54,18.05,13.4,0.2,13.0,18.5,202.5,4.7,,,,98.35,1.18,0.34,17.9,,5.9,,0.45,,2.81,36.0,,,987.21,4.66,,,,,,,,,
2023-09-13,11.75,5.55,25.8,419.75,77.0,5.2,0.95,16.5,38.0,2.2,11.85,40.0,8.86,48.95,130.75,13.45,37.6,1.42,4.52,193.75,196.0,23.05,2.31,,1.83,1.51,4.11,6.0,3.83,384.75,4.0,380.0,2.15,0.27,4.12,40.3,20.0,3.85,19.5,6.74,23.05,110.25,2.61,160.0,15.3,8.48,7.48,2.61,0.56,18.05,13.35,0.2,13.05,18.15,202.5,4.7,,,,98.27,1.29,0.35,17.95,,6.0,,0.45,,2.92,36.0,,,986.03,4.66,,,,,,,,,
2023-09-14,11.8,5.55,25.95,420.0,75.0,5.04,0.92,16.55,38.0,2.2,11.8,36.8,8.86,49.0,131.0,13.45,37.7,1.4,4.51,190.0,196.0,22.65,2.29,,1.85,1.51,4.11,6.0,3.83,384.75,3.62,380.0,2.35,0.27,4.12,40.3,20.0,3.85,19.5,6.74,23.05,112.0,2.69,160.75,15.5,8.42,7.4,2.61,0.53,18.95,14.5,0.2,13.2,18.15,200.0,4.7,,,,98.63,1.29,0.34,17.35,,5.94,,0.45,,2.85,35.2,,,986.87,4.66,,,,,,,,,
2023-09-15,11.75,5.55,25.95,420.0,75.0,5.18,0.93,16.2,38.0,2.17,11.95,36.8,8.82,49.75,130.0,13.45,37.4,1.4,4.59,199.5,196.0,22.3,2.31,,1.83,1.47,4.11,6.0,3.83,384.75,3.71,380.0,2.55,0.27,4.12,37.4,20.0,3.85,19.5,7.4,23.1,110.5,2.74,159.5,15.75,7.92,7.22,2.61,0.53,18.85,14.25,0.21,13.2,18.1,205.0,4.7,,,,98.93,1.3,0.35,18.05,,5.94,,0.45,,2.83,35.8,,,985.47,4.66,,,,,,,,,
2023-09-18,11.75,5.55,25.05,420.0,78.0,4.99,0.95,16.0,38.0,2.2,11.9,36.0,8.88,49.5,130.0,13.45,37.4,1.26,4.52,199.5,188.0,22.4,2.33,,1.83,1.48,4.11,6.0,3.83,384.75,3.65,380.0,2.53,0.27,4.12,36.9,20.0,3.8,19.5,7.4,23.8,115.5,2.75,161.0,15.6,7.46,7.18,2.4,0.54,18.85,15.45,0.21,13.2,18.1,203.0,4.7,,,,98.61,1.29,0.34,18.0,,5.94,,0.45,,2.81,35.8,,,983.83,4.66,,,,,,,,,
2023-09-19,11.8,5.55,25.0,420.25,78.0,4.99,0.92,16.5,34.2,2.14,11.85,39.5,8.9,49.35,134.0,14.0,37.0,1.32,4.51,199.5,186.5,22.35,2.35,,1.84,1.49,4.11,6.0,3.83,384.75,3.65,380.0,2.3,0.27,4.12,37.3,20.0,3.8,19.5,7.4,26.0,111.0,2.73,161.0,15.4,7.4,7.18,2.64,0.54,18.25,15.45,0.23,13.35,18.8,202.0,4.7,,,,98.18,1.28,0.34,18.0,,5.6,,0.45,,2.81,35.85,,,983.86,4.66,,,,,,,,,
2023-09-20,11.95,5.55,25.3,420.0,85.0,4.97,0.94,16.05,30.8,2.05,11.85,39.5,8.9,51.25,134.0,14.0,37.0,1.34,4.7,180.75,186.5,22.35,2.34,,1.83,1.44,4.11,6.0,3.83,415.0,4.0,380.0,2.3,0.27,4.12,37.15,20.0,3.53,19.5,7.4,26.0,111.75,2.71,161.0,15.0,7.3,7.18,2.78,0.55,18.1,15.45,0.22,13.05,18.8,202.0,4.85,,,,97.17,1.29,0.34,18.15,,5.96,,0.45,,2.82,35.95,,,978.58,4.66,,,,,,,,,
2023-09-21,11.85,5.55,25.5,423.0,85.0,4.92,0.93,16.0,32.35,2.13,11.85,39.6,9.0,51.25,133.25,14.0,37.15,1.31,4.56,180.75,186.5,22.3,2.32,,1.81,1.42,4.11,6.0,3.83,385.0,3.75,380.0,2.1,0.27,4.12,37.35,20.0,3.6,19.5,7.4,23.8,111.0,2.65,161.25,14.95,7.3,7.18,2.69,0.54,18.05,14.2,0.23,13.25,18.8,204.5,4.85,,,,96.93,1.2,0.34,17.8,,5.94,,0.45,,2.99,35.95,,,976.29,4.66,,,,,,,,,
2023-09-22,11.85,5.55,25.1,419.5,85.0,4.85,0.93,15.55,32.35,2.13,11.8,39.6,9.0,48.0,131.0,14.0,36.9,1.36,4.46,180.75,186.5,22.35,2.3,,1.83,1.49,4.11,6.0,3.83,385.0,3.76,380.0,2.01,0.27,4.12,37.25,20.0,3.5,19.5,7.4,26.0,111.0,2.68,163.0,15.0,7.3,7.18,2.78,0.53,17.85,14.2,0.23,13.2,18.15,204.5,4.85,,,,96.79,1.23,0.31,17.5,,5.98,,0.45,,3.03,35.95,,,974.79,4.66,,,,,,,,,
2023-09-25,11.85,5.55,25.5,420.5,85.0,4.81,0.93,15.8,32.35,2.12,11.95,37.1,9.12,48.25,130.75,14.0,36.8,1.37,4.49,190.0,196.0,22.25,2.33,,1.83,1.46,4.11,6.0,3.83,385.0,4.0,380.0,2.09,0.27,4.12,37.35,20.0,3.5,19.5,7.4,24.0,111.5,2.72,164.0,14.95,7.16,7.0,2.7,0.5,17.35,14.2,0.24,13.15,18.15,200.0,4.85,,,,96.73,1.27,0.31,17.65,,5.82,,0.45,,2.97,35.95,,,971.21,4.66,,,,,,,,,
2023-09-26,11.85,5.55,25.5,419.5,85.0,4.91,0.94,15.8,29.95,2.18,11.9,39.5,9.28,47.25,130.0,14.0,36.65,1.35,4.7,186.0,196.0,22.05,2.3,,1.82,1.45,4.11,6.0,3.83,385.0,4.0,380.0,2.01,0.27,4.12,37.5,20.0,3.5,19.5,7.4,24.0,117.5,2.7,163.5,14.9,7.18,7.0,2.7,0.5,17.95,12.8,0.23,13.45,18.15,201.0,4.85,,,,96.63,1.3,0.32,17.6,,5.9,,0.45,,2.99,35.95,,,966.27,4.66,,,,,,,,,
2023-09-27,11.75,5.55,25.5,419.5,85.0,5.12,0.95,15.55,27.0,2.16,11.85,39.5,9.14,47.25,129.25,14.0,36.2,1.34,4.85,186.0,190.0,21.95,2.28,,1.76,1.43,4.11,6.0,3.83,385.0,4.0,380.0,2.01,0.27,4.12,37.55,20.0,3.45,19.5,7.4,25.0,115.0,2.72,161.0,14.7,7.18,7.02,2.78,0.51,17.95,12.8,0.23,13.6,17.5,200.25,4.6,,,,95.78,1.23,0.32,17.6,,5.9,,0.45,,2.81,36.0,,,956.59,4.66,,,,,,,,,
2023-09-28,11.85,5.55,25.1,417.25,85.0,5.2,0.92,15.7,27.0,2.13,11.85,38.0,9.0,47.25,129.25,14.0,35.95,1.38,4.67,185.75,200.0,20.9,2.29,,1.78,1.45,4.11,6.0,3.83,385.0,3.8,380.0,2.05,0.27,4.12,37.7,20.0,3.45,19.5,7.4,24.7,115.0,2.72,163.75,14.6,7.16,6.54,2.6,0.5,18.25,11.6,0.23,13.5,17.5,200.0,4.4,,,,95.3,1.26,0.31,17.55,,5.92,,0.45,,2.81,36.0,,,947.12,4.66,,,,,,,,,
2023-09-29,11.95,5.55,24.5,418.25,85.0,4.99,0.94,16.0,25.65,2.14,11.8,35.65,9.0,48.1,131.0,14.0,35.55,1.36,4.36,185.75,200.0,20.85,2.3,,1.77,1.45,4.11,6.0,3.83,385.0,3.6,380.0,2.19,0.27,4.12,37.85,20.0,3.45,19.5,7.4,24.1,115.25,2.72,165.0,14.6,7.16,6.54,2.49,0.5,17.95,12.75,0.21,13.05,17.5,205.0,4.05,,,,95.22,1.26,0.34,17.05,,6.02,,0.45,,3.08,36.0,,,947.74,4.66,,,,,,,,,
2023-10-02,11.85,5.55,25.5,419.5,85.0,4.75,0.92,15.8,25.65,2.19,11.8,39.0,9.0,49.35,131.75,14.0,35.8,1.4,4.08,187.25,195.0,21.0,2.26,,1.76,1.45,4.11,6.0,3.83,385.0,3.59,380.0,2.19,0.27,4.12,37.65,20.0,3.45,19.5,7.0,23.85,115.5,2.71,164.75,14.65,7.16,7.0,2.49,0.54,18.7,11.55,0.23,13.45,17.5,205.0,4.05,,,,95.54,1.26,0.34,17.65,,5.86,,0.45,,3.0,36.0,,,950.16,4.66,,,,,,,,,
2023-10-03,11.85,5.55,25.5,419.5,85.0,4.75,0.92,15.8,25.65,2.19,11.8,39.0,9.0,49.35,131.75,14.0,35.8,1.4,4.08,187.25,195.0,21.0,2.26,,1.76,1.45,4.11,6.0,3.83,385.0,3.59,380.0,2.19,0.27,4.12,37.65,20.0,3.45,19.5,7.0,23.85,115.5,2.71,164.75,14.65,7.16,7.0,2.49,0.54,18.7,11.55,0.23,13.45,17.5,205.0,4.05,,,,95.54,1.26,0.34,17.65,,5.86,,0.45,,3.0,36.0,,,950.16,4.66,,,,,,,,,
2023-10-04,11.95,5.55,24.1,419.0,85.0,4.71,0.85,16.0,25.65,2.2,11.7,36.55,9.0,48.25,131.5,13.7,36.05,1.31,4.18,188.25,193.0,20.95,2.24,,1.72,1.42,4.11,6.0,3.83,415.0,3.6,380.0,2.24,0.27,4.12,37.65,20.0,3.38,19.5,7.3,22.35,117.25,2.61,160.25,14.65,7.16,7.7,2.5,0.52,18.1,11.55,0.21,13.2,17.1,229.5,3.93,,,,95.43,1.26,0.34,17.9,,6.46,,0.45,,2.9,35.5,,,947.56,4.66,,,,,,,,,
2023-10-05,11.9,5.55,24.3,423.0,85.0,4.78,0.87,16.0,25.65,2.16,11.55,36.75,9.06,47.15,131.75,13.7,36.3,1.32,4.04,188.25,210.0,20.95,2.22,,1.73,1.42,4.11,6.0,3.83,414.0,3.6,380.0,2.4,0.27,4.12,37.55,20.0,3.38,19.5,7.3,22.95,120.25,2.62,160.25,14.5,7.16,7.0,2.4,0.54,17.7,11.55,0.2,13.1,17.0,228.0,3.93,,,,95.1,1.22,0.32,17.9,,6.0,,0.45,,2.9,35.5,,,947.24,4.66,,,,,,,,,
2023-10-06,11.9,5.55,22.8,421.0,85.0,4.69,0.91,16.0,25.65,2.07,11.6,36.5,9.04,48.8,124.0,13.7,36.55,1.28,4.22,188.0,204.0,20.95,2.3,,1.76,1.43,4.11,6.0,3.83,406.0,3.6,380.0,2.4,0.27,4.12,39.1,20.0,3.38,19.5,7.3,21.7,115.0,2.58,160.25,14.0,7.16,7.7,2.6,0.51,17.6,11.6,0.2,13.3,17.0,220.75,4.0,,,,93.49,1.26,0.31,17.95,,5.94,,0.45,,2.87,35.0,,,931.0,4.66,,,,,,,,,
2023-10-09,11.9,5.55,23.9,423.5,85.0,4.65,0.95,15.85,26.75,2.13,11.55,36.5,9.44,47.55,130.25,13.7,36.2,1.37,3.85,186.0,210.0,20.95,2.24,,1.74,1.43,4.11,6.0,3.83,406.0,3.45,380.0,2.4,0.27,4.12,38.95,20.0,3.38,19.5,7.3,22.0,114.25,2.42,157.5,14.0,7.16,7.0,2.6,0.54,18.0,12.7,0.21,13.65,15.5,220.0,4.0,,,,93.6,1.2,0.31,17.65,,5.52,,0.45,,2.82,35.0,,,935.67,4.66,,,,,,,,,
2023-10-11,11.95,5.55,23.5,420.75,80.0,4.49,0.97,15.05,26.6,2.08,11.6,36.0,9.0,47.5,120.25,13.7,36.25,1.36,4.2,185.5,210.0,20.95,2.29,,1.76,1.43,4.11,6.0,3.83,406.0,3.79,380.0,2.58,0.27,4.12,38.9,20.0,3.06,19.5,7.3,22.0,115.0,2.43,163.0,13.9,7.86,7.0,2.64,0.54,17.8,12.7,0.22,13.6,15.5,224.75,4.0,,,,93.0,1.2,0.34,17.9,,5.84,,0.45,,2.8,35.0,,,923.62,4.66,,,,,,,,,
2023-10-12,11.95,5.55,24.55,420.0,80.0,4.44,0.92,15.8,26.6,2.11,11.6,34.2,8.8,47.15,130.0,13.5,36.25,1.36,4.24,185.0,210.0,20.9,2.3,,1.78,1.43,4.11,6.0,3.83,406.0,3.79,380.0,2.55,0.27,4.12,38.9,20.0,2.9,19.5,7.3,21.7,115.0,2.46,163.0,14.0,7.86,7.0,2.5,0.54,17.55,13.0,0.22,13.15,15.1,224.75,4.0,,,,93.69,1.2,0.32,17.9,,5.84,,0.45,,2.8,35.0,,,935.93,4.66,,,,,,,,,
2023-10-13,11.9,5.55,23.9,420.0,80.0,4.47,0.9,15.15,27.0,2.12,11.6,34.2,8.86,47.55,126.0,13.5,36.45,1.3,4.24,193.5,210.0,20.9,2.29,,1.78,1.43,4.11,6.0,3.83,406.0,4.0,380.0,2.51,0.27,4.12,38.95,20.15,2.9,19.5,7.3,21.7,115.0,2.6,163.5,13.95,7.86,7.7,2.38,0.52,17.4,12.5,0.22,12.85,15.0,220.0,4.0,,,,93.37,1.2,0.34,17.55,,5.94,,0.45,,2.8,35.0,,,930.15,4.66,,,,,,,,,
2023-10-16,11.85,5.55,23.55,420.5,80.0,4.15,0.96,15.35,26.0,2.1,11.55,34.2,8.98,47.55,129.25,13.7,36.7,1.22,4.21,188.0,213.25,20.65,2.29,,1.78,1.43,4.11,6.0,3.83,406.0,4.0,380.0,2.7,0.27,4.12,38.7,20.0,3.0,19.5,7.38,22.45,115.0,2.64,160.75,13.95,7.76,7.7,2.36,0.54,15.95,12.0,0.22,13.1,14.0,220.0,4.0,,,,93.35,1.2,0.33,17.5,,5.96,,0.45,,2.6,35.5,,,932.32,4.66,,,,,,,,,
2023-10-17,12.0,5.55,23.4,425.0,80.0,4.35,0.94,15.35,26.05,2.09,11.65,36.5,8.96,48.5,130.0,13.7,37.0,1.2,4.11,185.0,214.0,20.4,2.26,,1.76,1.42,4.11,6.0,3.83,406.0,4.0,380.0,2.47,0.27,4.12,39.45,20.0,3.0,19.5,8.0,23.0,113.5,2.52,161.25,13.8,7.76,7.7,2.33,0.54,16.55,12.0,0.22,13.05,15.0,220.0,4.0,,,,93.26,1.22,0.31,17.5,,6.1,,0.45,,2.78,35.5,,,931.15,4.66,,,,,,,,,
2023-10-18,12.0,5.55,23.4,425.0,80.0,4.46,0.91,15.35,26.05,2.02,11.6,37.0,8.98,47.15,135.0,13.5,37.0,1.14,4.19,185.0,210.0,20.05,2.22,,1.74,1.51,4.11,6.0,3.83,406.0,3.9,380.0,2.4,0.27,4.12,39.6,20.0,3.1,19.5,8.2,21.95,109.0,2.54,161.0,13.8,7.7,7.7,2.29,0.52,17.0,12.0,0.21,12.8,14.95,220.0,3.65,,,,93.24,1.22,0.32,17.35,,6.08,,0.45,,2.8,35.5,,,933.37,4.66,,,,,,,,,
2023-10-19,11.95,5.55,23.4,425.0,80.0,4.63,0.91,15.35,26.05,2.0,11.6,37.0,8.98,46.5,132.25,13.5,37.25,1.19,4.27,186.0,214.0,19.9,2.2,,1.77,1.52,4.11,6.0,3.83,406.0,3.8,380.0,2.4,0.27,4.12,39.8,20.0,3.2,19.5,8.2,21.1,109.0,2.56,160.0,13.8,7.7,7.7,2.29,0.51,17.1,11.8,0.22,12.8,15.0,220.0,3.65,,,,93.17,1.22,0.33,17.7,,6.26,,0.45,,3.08,35.5,,,929.96,4.66,,,,,,,,,
2023-10-23,11.95,5.55,23.15,419.0,80.0,4.54,0.9,15.45,26.05,1.98,11.6,37.0,8.92,45.95,131.75,13.2,37.0,1.27,4.2,186.0,214.5,19.9,2.25,,1.76,1.52,4.11,6.0,3.83,406.0,4.0,380.0,2.4,0.27,4.12,39.55,20.0,3.3,19.5,8.28,21.65,112.0,2.42,159.75,13.6,7.7,7.7,2.29,0.52,17.0,12.15,0.22,12.8,15.0,222.5,3.65,,,,92.58,1.27,0.33,17.9,,6.18,,0.45,,2.8,35.5,,,922.28,4.66,,,,,,,,,
2023-10-24,11.95,5.55,23.0,416.75,80.0,4.78,0.9,15.55,26.1,1.92,11.6,35.25,8.56,46.35,131.5,13.2,37.05,1.26,4.26,185.25,210.0,19.85,2.2,,1.77,1.5,4.11,6.0,3.83,405.0,4.0,380.0,2.36,0.27,4.12,39.7,21.0,3.4,19.5,8.28,21.4,110.75,2.55,159.75,13.0,7.7,7.7,2.28,0.5,17.5,11.0,0.2,13.65,15.0,208.25,3.54,,,,91.02,1.22,0.33,17.7,,5.8,,0.45,,2.8,35.5,,,912.89,4.66,,,,,,,,,
2023-10-25,11.8,5.55,22.55,418.5,80.0,5.0,0.89,16.05,28.7,1.93,11.6,35.25,8.44,45.9,132.25,14.0,37.95,1.25,3.99,185.0,210.0,19.5,2.17,,1.74,1.46,4.11,6.0,3.83,405.0,3.8,380.0,2.35,0.27,4.12,39.5,20.0,3.4,19.5,8.5,21.95,110.0,2.47,159.5,12.5,7.7,7.7,2.12,0.54,17.1,11.0,0.2,13.65,14.5,215.0,3.37,,,,89.82,1.2,0.34,17.5,,5.86,,0.45,,2.9,35.5,,,908.59,4.66,,,,,,,,,
2023-10-26,11.85,5.55,22.95,417.5,80.0,4.87,0.91,16.0,28.7,1.87,11.75,35.5,8.5,45.85,131.5,14.0,37.5,1.21,4.0,185.0,210.0,19.15,2.14,,1.71,1.47,4.11,6.0,3.83,386.0,3.9,380.0,2.16,0.27,4.12,38.9,20.0,3.29,19.5,8.76,24.0,110.0,2.55,158.25,12.45,7.7,7.4,2.29,0.5,17.35,12.0,0.2,14.95,15.0,229.0,3.37,,,,89.59,1.2,0.33,17.5,,6.24,,0.45,,2.9,35.5,,,901.2,4.66,,,,,,,,,
2023-10-27,11.85,5.55,23.1,418.5,80.0,4.76,0.9,16.0,28.7,1.87,11.8,35.5,8.74,45.0,128.5,13.4,38.0,1.25,4.0,185.0,215.0,18.85,2.29,,1.75,1.49,4.11,6.0,3.83,386.0,3.99,380.0,2.16,0.27,4.12,39.0,20.0,3.29,19.5,8.82,24.0,109.0,2.54,156.0,12.5,7.7,7.4,2.12,0.5,17.1,12.0,0.2,14.5,15.5,228.25,3.37,,,,89.42,1.18,0.33,17.3,,5.92,,0.45,,2.9,33.0,,,896.62,4.66,,,,,,,,,
2023-10-30,11.7,5.55,23.35,419.5,75.0,4.79,0.91,16.05,27.4,1.84,11.65,35.5,8.68,44.35,127.0,13.35,38.0,1.25,3.96,184.75,211.75,18.05,2.31,,1.73,1.48,4.11,6.0,3.83,386.0,3.8,380.0,2.16,0.27,4.12,37.3,20.0,3.29,19.5,8.82,21.8,109.0,2.47,158.5,12.5,7.7,7.06,2.13,0.52,17.3,11.25,0.18,13.95,14.5,228.5,3.36,,,,88.83,1.2,0.32,17.5,,6.02,,0.45,,2.7,33.0,,,888.73,4.66,,,,,,,,,
2023-10-31,11.55,5.55,22.9,420.75,75.0,4.9,0.9,16.95,27.4,2.0,11.7,35.0,8.98,45.2,126.75,13.1,37.55,1.33,3.8,183.0,211.75,17.5,2.35,,1.74,1.46,4.11,6.0,3.83,386.0,3.8,380.0,2.16,0.27,4.12,38.55,20.0,3.19,19.5,9.14,22.0,108.25,2.5,156.25,12.45,6.94,6.94,2.13,0.51,17.1,11.25,0.17,13.55,14.5,228.25,3.36,,,,88.56,1.2,0.33,17.05,,5.88,,0.45,,2.75,34.25,,,879.91,4.66,,,,,,,,,
2023-11-01,11.55,5.55,22.9,420.75,75.0,4.9,0.93,17.55,27.4,2.1,11.65,35.1,8.56,45.0,126.5,13.1,37.2,1.28,3.91,183.0,220.0,17.2,2.35,,1.77,1.46,4.11,6.0,3.83,403.0,3.8,380.0,2.16,0.27,4.12,39.35,20.05,3.19,19.5,9.0,22.0,108.75,2.5,156.5,12.3,7.62,6.9,2.13,0.53,16.95,12.05,0.18,13.6,14.5,205.5,3.36,,,,88.13,1.3,0.32,16.9,,5.98,,0.45,,2.85,34.25,,,871.76,4.66,,,,,,,,,
2023-11-02,11.4,5.55,23.5,415.0,75.0,5.0,0.91,17.5,27.4,2.02,11.55,36.1,8.4,44.55,123.0,13.1,37.05,1.3,3.89,185.5,220.0,16.5,2.37,,1.76,1.38,4.11,6.0,3.83,403.0,3.73,380.0,2.37,0.27,4.12,39.1,20.0,3.19,19.5,9.0,22.0,105.0,2.47,155.75,12.1,6.88,6.9,2.13,0.52,16.65,11.25,0.19,13.65,14.5,205.0,3.36,,,,87.03,1.3,0.33,16.75,,6.26,,0.45,,2.85,35.0,,,856.83,4.66,,,,,,,,,
2023-11-03,11.45,5.55,22.95,414.75,75.0,4.97,0.94,17.15,27.4,2.19,11.35,36.1,8.5,44.95,126.0,13.1,37.1,1.2,3.81,182.0,220.0,16.35,2.29,,1.75,1.41,4.11,6.0,3.83,403.0,3.73,380.0,2.37,0.27,4.12,37.15,20.0,2.9,19.5,9.0,20.45,105.0,2.46,155.75,11.65,6.88,6.9,2.32,0.53,16.6,11.25,0.19,13.6,14.5,210.0,3.36,,,,85.74,1.29,0.33,17.3,,5.84,,0.45,,2.88,35.0,,,852.23,4.66,,,,,,,,,
2023-11-06,11.15,5.55,22.8,410.25,75.0,4.88,0.96,16.9,27.4,2.2,11.3,36.1,8.88,44.3,121.25,13.1,37.0,1.29,3.86,182.0,220.0,16.0,2.34,,1.75,1.44,4.11,6.0,3.83,403.0,3.73,380.0,2.14,0.27,4.12,37.75,20.0,2.9,19.5,9.0,19.8,104.75,2.41,154.5,11.95,6.88,6.9,2.5,0.53,16.55,11.5,0.19,13.6,14.5,210.0,3.36,,,,86.04,1.2,0.31,17.25,,5.84,,0.45,,2.88,35.0,,,843.62,4.66,,,,,,,,,
2023-11-07,11.25,5.55,22.95,407.5,80.0,4.87,0.93,17.1,27.4,2.11,10.4,36.1,8.66,44.55,120.0,13.1,37.25,1.26,3.83,182.0,220.0,15.75,2.32,,1.77,1.49,4.11,6.0,3.83,403.0,3.63,380.0,2.31,0.27,4.12,36.65,20.0,3.15,19.5,9.26,19.8,101.5,2.46,151.25,12.0,6.56,6.8,2.3,0.51,16.45,11.5,0.19,13.65,14.5,215.0,3.69,,,,85.54,1.25,0.33,17.4,,5.88,,0.45,,2.89,35.0,,,840.57,4.66,,,,,,,,,
2023-11-08,10.95,5.55,22.5,401.25,80.0,4.89,0.93,16.7,25.1,2.18,10.25,36.1,8.82,45.0,122.0,13.1,37.2,1.28,3.86,182.0,220.0,15.95,2.31,,1.78,1.4,4.11,6.0,3.83,403.0,3.54,380.0,2.5,0.27,4.12,35.8,20.05,3.15,19.5,9.0,19.0,100.25,2.39,150.5,12.45,5.92,6.7,2.43,0.52,16.1,12.45,0.19,13.45,15.9,193.5,3.69,,,,86.41,1.3,0.33,17.25,,5.84,,0.45,,2.9,35.0,,,845.25,4.66,,,,,,,,,
2023-11-09,10.85,5.55,22.5,402.0,80.0,4.8,0.95,17.2,25.1,2.01,10.2,36.1,8.9,44.15,118.5,11.8,37.25,1.26,3.78,181.0,219.0,15.85,2.3,,1.7,1.38,4.11,6.0,3.83,403.0,3.51,380.0,2.34,0.27,4.12,35.35,20.15,3.15,19.5,9.0,19.0,102.0,2.39,151.0,13.3,5.9,6.7,2.19,0.53,16.1,12.0,0.19,13.5,15.9,208.0,3.63,,,,88.32,1.3,0.32,17.5,,5.88,,0.45,,2.9,35.0,,,851.22,4.66,,,,,,,,,
2023-11-10,10.75,5.55,22.5,403.25,80.0,4.91,0.98,17.2,25.1,2.0,10.65,36.1,8.9,44.05,119.0,11.8,37.3,1.26,3.78,182.0,219.0,16.05,2.3,,1.75,1.39,4.11,6.0,3.83,403.0,3.5,380.0,2.44,0.27,4.12,35.0,20.05,3.15,19.5,9.0,18.9,100.75,2.35,152.75,13.5,5.54,6.8,2.19,0.52,16.1,12.0,0.19,13.55,15.2,208.0,3.63,,,,88.95,1.3,0.33,17.5,,5.9,,0.45,,2.9,33.15,,,855.52,4.66,,,,,,,,,
2023-11-14,11.05,5.55,22.5,405.0,80.0,4.98,0.96,17.05,25.1,2.17,11.05,36.1,8.78,44.05,117.75,11.8,37.6,1.25,3.74,182.0,219.0,16.95,2.31,,1.76,1.39,4.11,6.0,3.83,403.0,3.85,380.0,2.3,0.27,4.12,36.4,20.0,3.19,19.5,9.0,18.8,104.25,2.4,155.0,13.3,6.08,6.8,2.14,0.5,16.05,12.0,0.18,13.4,15.2,206.0,3.67,,,,89.35,1.3,0.3,17.3,,6.0,,0.45,,2.9,35.85,,,860.73,4.66,,,,,,,,,
2023-11-15,10.95,5.55,24.1,405.0,80.0,5.14,0.99,17.05,25.1,2.2,11.3,36.0,8.96,44.05,117.75,11.8,37.85,1.26,3.61,182.0,219.0,18.45,2.4,,1.7,1.37,4.11,6.0,3.83,403.0,3.85,380.0,2.3,0.27,4.12,35.65,20.0,3.19,19.5,9.0,18.45,101.0,2.4,153.75,13.5,5.96,6.8,2.14,0.5,16.05,11.0,0.18,13.4,15.2,221.5,3.63,,,,90.23,1.3,0.31,17.4,,6.0,,0.45,,2.8,36.4,,,873.11,4.66,,,,,,,,,
2023-11-16,11.0,5.55,26.5,410.0,80.0,5.0,0.99,16.65,23.65,2.2,11.25,36.1,8.88,45.0,112.5,11.8,37.95,1.27,3.52,182.0,219.0,19.1,2.31,,1.73,1.39,4.11,6.0,3.83,403.0,3.55,380.0,2.3,0.27,4.12,35.45,20.0,3.19,19.5,9.0,18.45,103.5,2.37,155.25,13.5,5.96,6.8,2.15,0.49,16.05,12.0,0.18,13.15,15.2,221.5,3.63,,,,90.17,1.2,0.32,17.4,,5.98,,0.45,,2.6,36.0,,,872.36,4.66,,,,,,,,,
2023-11-17,11.05,5.55,28.9,410.0,80.0,5.0,0.99,17.0,23.65,2.09,11.6,36.8,8.88,45.0,113.75,12.8,38.0,1.32,3.47,183.75,228.5,19.35,2.3,,1.7,1.38,4.11,6.0,3.83,385.0,3.57,380.0,2.36,0.27,4.12,35.65,20.0,3.05,19.5,8.48,18.45,104.25,2.24,156.5,13.45,5.96,6.8,2.34,0.51,15.8,12.0,0.18,14.0,15.2,223.0,3.63,,,,90.5,1.18,0.3,17.5,,6.0,,0.45,,2.42,36.05,,,875.59,4.66,,,,,,,,,
2023-11-20,11.1,5.55,29.55,410.0,80.0,5.1,0.98,16.65,21.3,2.19,11.5,37.0,8.9,46.0,114.25,12.8,38.0,1.3,3.46,186.0,238.75,20.25,2.31,,1.7,1.38,4.11,6.0,3.83,385.0,3.57,380.0,2.3,0.27,4.12,36.1,20.0,2.9,19.5,8.48,18.7,102.25,2.31,155.5,13.4,6.5,6.8,2.11,0.52,15.85,11.0,0.18,13.85,15.2,225.0,3.63,,,,90.39,1.07,0.33,17.5,,6.0,,0.45,,2.6,32.5,,,881.39,4.66,,,,,,,,,
2023-11-21,11.3,5.55,30.95,410.5,79.75,5.12,1.0,16.5,23.4,2.19,11.6,37.0,8.88,46.0,114.75,13.0,38.15,1.22,3.4,181.5,219.25,20.45,2.32,,1.75,1.41,4.11,6.0,3.83,385.0,3.85,380.0,2.31,0.27,4.12,36.05,20.0,2.7,19.5,8.48,18.85,101.5,2.28,156.25,13.45,6.5,7.48,2.11,0.52,15.85,12.0,0.17,13.95,15.2,234.5,3.63,,,,90.76,1.07,0.33,17.1,,5.9,,0.45,,2.59,32.5,,,885.89,4.66,,,,,,,,,
2023-11-22,11.35,5.55,32.1,410.0,79.75,5.02,0.94,16.45,22.5,2.2,11.5,36.5,8.58,45.55,114.25,13.0,38.3,1.29,3.47,182.0,219.25,20.75,2.3,,1.8,1.38,4.11,6.0,3.83,385.0,3.85,380.0,2.3,0.27,4.12,35.95,20.0,2.65,19.5,8.48,18.2,102.0,2.29,160.25,13.7,7.02,7.48,2.15,0.52,15.85,13.0,0.17,13.95,15.2,229.5,3.63,,,,91.75,1.07,0.32,17.45,,5.9,,0.45,,2.59,35.7,,,892.25,4.66,,,,,,,,,
2023-11-23,11.4,5.55,34.95,410.0,79.75,5.14,0.91,16.25,22.5,2.14,11.65,36.5,8.5,46.0,114.0,13.0,38.3,1.26,3.68,183.75,219.25,20.35,2.3,,1.75,1.48,4.11,6.0,3.83,385.0,3.5,380.0,2.3,0.27,4.12,35.9,20.0,2.65,19.5,8.72,20.0,105.0,2.23,159.5,13.6,7.5,7.48,2.15,0.52,16.7,12.0,0.17,13.7,15.2,229.5,3.63,,,,91.64,1.07,0.33,17.5,,6.0,,0.45,,2.35,36.5,,,887.66,4.66,,,,,,,,,
2023-11-24,11.6,5.55,35.0,409.5,79.75,5.14,0.88,16.75,23.0,2.2,11.5,36.0,8.52,45.95,114.75,13.0,38.3,1.25,3.95,180.0,240.0,19.9,2.3,,1.7,1.44,4.11,6.0,3.83,385.0,3.5,380.0,2.3,0.27,4.12,38.1,20.0,2.65,19.5,8.5,20.0,109.25,2.44,158.5,13.7,7.5,6.8,2.35,0.51,17.0,11.5,0.17,14.05,16.7,233.0,3.99,,,,92.24,1.17,0.3,17.5,,5.92,,0.45,,2.58,36.5,,,888.08,4.66,,,,,,,,,
2023-11-27,11.55,5.55,34.75,409.75,79.75,5.02,0.89,15.6,23.0,2.31,11.45,36.0,8.44,44.95,114.25,11.8,37.1,1.31,3.81,183.0,239.25,19.7,2.3,,1.74,1.45,4.11,6.0,3.83,386.0,3.5,380.0,2.3,0.27,4.12,38.35,20.0,2.8,19.5,8.5,19.8,110.0,2.23,158.75,13.45,8.18,6.8,2.35,0.5,16.95,11.55,0.18,14.0,16.7,231.75,3.99,,,,91.21,1.17,0.29,17.5,,5.72,,0.45,,2.58,36.5,,,875.2,4.66,,,,,,,,,
2023-12-01,10.95,5.55,35.05,410.0,79.75,5.1,0.9,15.0,25.05,2.42,11.4,36.0,8.5,45.75,113.75,12.7,38.0,1.31,3.94,182.0,239.25,19.0,2.14,,1.82,1.39,4.11,6.0,3.83,385.0,3.91,380.0,2.31,0.27,4.12,39.0,20.0,3.1,19.5,9.34,20.0,102.0,2.19,158.5,14.05,8.7,7.48,2.25,0.5,16.55,12.25,0.19,14.3,16.45,231.75,3.87,,,,92.27,1.0,0.3,17.35,,6.06,,0.45,,2.5,33.0,,,876.28,4.66,,,,,,,,,
2023-12-04,11.2,5.55,36.45,410.0,79.75,5.02,0.95,14.8,25.05,2.41,11.3,36.0,8.3,45.0,112.0,13.95,38.0,1.2,4.03,182.0,239.25,19.1,2.17,,1.73,1.39,4.11,6.0,3.83,385.0,4.02,380.0,2.35,0.27,4.12,38.15,20.0,3.1,19.5,9.34,19.85,109.0,2.17,161.25,14.5,7.92,7.48,2.25,0.5,16.45,12.25,0.19,14.95,17.0,232.0,3.99,,,,93.62,1.02,0.3,17.35,,6.06,,0.45,,2.5,33.0,,,883.45,4.66,,,,,,,,,
2023-12-05,11.1,5.55,39.5,406.75,77.0,4.97,0.99,14.8,25.05,2.35,11.3,36.0,8.46,45.2,112.0,13.95,37.65,1.18,3.8,182.0,237.5,19.25,2.06,,1.74,1.39,4.11,6.0,3.83,406.0,4.2,380.0,2.35,0.27,4.12,39.45,20.0,3.1,19.5,9.34,20.0,108.75,2.13,164.5,14.8,7.84,7.48,2.2,0.52,16.5,13.4,0.19,14.7,16.95,232.0,3.99,,,,94.7,1.02,0.32,17.45,,6.06,,0.45,,2.44,36.0,,,886.36,4.66,,,,,,,,,
2023-12-06,11.4,5.55,40.0,405.25,77.0,4.8,0.92,14.9,25.1,2.39,11.05,35.9,8.5,45.25,112.25,13.95,37.4,1.2,3.59,182.0,239.25,19.25,2.09,,1.76,1.39,4.11,6.0,3.83,406.0,3.83,380.0,2.25,0.27,4.12,38.7,20.0,3.1,19.5,8.72,20.0,104.25,2.05,163.75,14.6,7.84,7.4,2.2,0.53,16.3,12.25,0.2,14.5,16.95,231.25,3.99,,,,93.83,1.0,0.3,17.2,,6.0,,0.45,,2.25,36.0,,,884.43,4.66,,,,,,,,,
2023-12-07,11.45,5.55,40.2,405.0,77.0,5.0,0.88,14.8,24.0,2.35,11.2,35.9,8.4,45.35,112.0,13.95,37.75,1.15,3.59,182.5,239.0,19.3,2.04,,1.77,1.38,4.11,6.0,3.83,385.0,3.8,380.0,2.25,0.27,4.12,38.9,20.0,2.8,19.5,8.72,19.7,105.0,2.15,163.0,14.55,7.84,7.3,2.2,0.53,16.0,13.0,0.19,14.9,15.3,231.5,3.99,,,,93.93,1.0,0.29,17.45,,5.8,,0.45,,2.47,36.0,,,885.63,4.66,,,,,,,,,
2023-12-08,11.5,5.55,41.35,403.5,84.5,5.02,0.96,15.4,24.0,2.3,11.1,35.9,8.66,46.0,111.75,13.95,37.9,1.12,3.59,185.0,232.5,19.3,2.04,,1.76,1.4,4.11,6.0,3.83,385.0,3.6,380.0,2.28,0.27,4.12,38.0,20.5,2.8,19.5,8.72,19.7,108.25,2.05,161.0,14.55,7.84,7.3,2.2,0.53,16.75,13.0,0.18,14.9,15.3,219.5,3.99,,,,93.94,1.0,0.27,17.5,,6.08,,0.45,,2.5,36.0,,,885.62,4.66,,,,,,,,,
2023-12-11,11.35,5.55,42.0,422.5,84.5,5.08,0.95,14.65,24.0,2.29,11.2,35.9,8.4,46.0,112.0,13.95,37.45,1.11,3.58,185.0,229.0,19.3,2.03,,1.77,1.4,4.11,6.0,3.83,385.0,3.6,380.0,2.28,0.27,4.12,38.05,20.5,2.8,19.5,8.72,19.5,108.5,2.1,163.25,14.5,7.84,6.84,2.2,0.5,16.6,13.0,0.18,14.85,15.3,209.0,3.99,,,,93.86,1.01,0.28,17.5,,6.02,,0.45,,2.5,36.0,,,885.62,4.66,,,,,,,,,
2023-12-13,11.05,5.55,41.8,409.5,84.5,5.08,0.98,14.65,24.0,2.29,11.1,35.0,8.48,46.0,111.75,13.55,36.85,1.04,3.57,185.0,223.0,19.25,2.02,,1.77,1.39,4.11,6.0,3.83,385.0,3.6,380.0,2.28,0.27,4.12,38.2,20.55,2.8,19.5,8.72,19.8,107.0,2.06,163.5,14.45,7.84,6.8,2.2,0.45,16.6,13.0,0.17,14.85,16.75,209.0,3.99,,,,93.3,1.01,0.28,17.45,,6.04,,0.45,,2.52,36.0,,,876.73,4.66,,,,,,,,,
2023-12-14,11.3,5.55,41.05,409.0,84.5,5.08,0.98,14.8,24.0,2.29,11.2,35.0,8.08,46.35,111.5,13.55,36.05,1.01,3.53,185.0,223.0,19.1,2.09,,1.71,1.4,4.11,6.0,3.83,385.0,3.85,380.0,2.28,0.27,4.12,38.3,20.05,2.8,19.5,8.72,19.8,107.0,2.1,163.25,14.4,7.84,6.14,2.2,0.46,16.8,13.0,0.18,14.8,16.75,208.5,3.99,,,,93.05,1.01,0.29,17.4,,6.08,,0.45,,2.5,36.0,,,870.28,4.66,,,,,,,,,
2023-12-15,11.3,5.55,38.05,410.0,84.5,4.93,0.97,14.95,25.0,2.3,11.15,35.0,8.5,47.0,111.0,13.55,35.7,1.01,3.52,184.0,223.0,19.1,2.07,,1.76,1.37,4.11,6.0,3.83,385.0,3.65,380.0,2.3,0.27,4.12,39.7,20.05,2.8,19.5,8.72,20.0,105.0,2.07,155.5,14.1,7.84,6.14,2.2,0.5,16.65,13.8,0.18,14.8,16.75,208.5,3.99,,,,92.0,1.01,0.29,17.5,,5.94,,0.45,,2.5,35.75,,,862.25,4.66,,,,,,,,,
2023-12-18,11.3,5.55,37.15,410.0,84.5,4.83,1.0,15.05,25.0,2.2,11.05,35.0,8.12,45.55,109.75,13.55,35.55,1.01,3.44,184.0,215.0,19.3,2.04,,1.79,1.4,4.11,6.0,3.83,385.0,3.65,380.0,2.2,0.27,4.12,39.65,20.0,3.03,19.5,8.72,20.0,105.0,2.07,156.0,13.85,7.84,6.14,2.4,0.49,16.6,14.0,0.18,14.85,16.75,208.5,3.99,,,,91.17,0.95,0.3,17.45,,6.0,,0.45,,2.5,35.8,,,857.71,4.66,,,,,,,,,
2023-12-19,11.25,5.55,34.85,413.25,84.5,4.86,0.98,14.75,25.0,2.13,10.95,35.0,8.46,45.55,109.5,13.55,35.0,1.11,3.36,185.0,215.0,19.65,2.0,,1.92,1.38,4.11,6.0,3.83,385.0,3.65,380.0,2.2,0.27,4.12,39.0,20.0,3.27,19.5,8.72,20.0,104.5,2.07,154.25,13.5,7.84,6.74,2.4,0.49,16.6,14.0,0.19,14.9,16.75,199.5,3.6,,,,89.99,1.04,0.31,17.35,,6.0,,0.45,,2.5,35.8,,,852.66,4.66,,,,,,,,,
2023-12-20,11.3,5.55,33.95,406.25,84.5,4.9,1.0,15.25,25.0,2.13,11.25,35.0,8.56,46.5,108.5,12.8,34.5,1.19,3.36,185.0,215.0,21.2,1.99,,1.88,1.47,4.11,6.0,3.83,385.0,4.0,380.0,2.2,0.27,4.12,39.25,20.0,3.35,19.5,8.72,19.7,104.5,2.02,158.0,13.5,7.06,6.74,2.39,0.48,16.8,14.0,0.19,15.0,16.75,199.5,3.6,,,,90.37,1.04,0.32,17.35,,6.08,,0.45,,2.5,35.8,,,856.27,4.66,,,,,,,,,
2023-12-21,11.2,5.55,35.1,406.25,84.5,4.96,0.98,15.3,25.0,2.01,11.05,35.0,8.56,45.05,108.0,13.95,34.25,1.19,3.46,182.0,215.0,21.95,2.0,,1.9,1.4,4.11,6.0,3.83,385.0,3.69,380.0,2.2,0.27,4.12,39.0,20.0,3.27,19.5,8.0,19.75,105.0,2.0,158.25,13.55,7.4,6.74,2.39,0.47,17.05,14.5,0.2,15.45,16.75,203.0,3.9,,,,90.45,1.0,0.32,17.15,,5.72,,0.45,,2.5,35.8,,,854.21,4.66,,,,,,,,,
2023-12-22,11.2,5.55,35.1,405.0,82.0,5.1,0.98,15.35,25.0,2.15,11.05,35.0,8.54,46.5,114.0,13.95,34.0,1.08,3.48,182.0,215.0,21.85,2.0,,1.74,1.4,4.11,6.0,3.83,385.0,3.69,380.0,2.2,0.27,4.12,40.0,20.3,3.27,19.5,8.0,20.0,105.25,1.99,160.25,13.55,7.74,6.74,2.39,0.43,18.0,15.0,0.18,16.0,16.75,208.5,3.9,,,,91.01,1.03,0.32,17.5,,6.0,,0.45,,2.7,35.8,,,861.34,4.66,,,,,,,,,
2023-12-27,11.15,5.55,35.2,404.0,82.0,4.79,0.98,15.4,25.0,2.23,11.2,35.0,8.5,46.0,115.0,13.95,33.9,1.1,3.49,182.0,215.0,21.65,2.0,,1.84,1.45,4.11,6.0,3.83,385.0,3.69,380.0,2.2,0.27,4.12,40.25,20.3,3.27,19.5,8.0,20.0,107.0,2.0,162.0,13.6,7.74,6.74,2.39,0.44,16.45,15.0,0.19,16.0,16.75,208.0,3.7,,,,91.23,1.04,0.35,17.5,,6.1,,0.45,,2.7,35.8,,,855.22,4.66,,,,,,,,,
2023-12-28,11.4,5.55,35.2,407.5,82.0,4.94,0.96,15.0,25.0,2.29,11.3,35.0,8.42,46.05,114.25,13.95,33.85,1.16,3.42,182.0,215.0,22.0,2.0,,1.88,1.47,4.11,6.0,3.83,385.0,3.69,380.0,2.41,0.27,4.12,39.45,21.1,3.27,19.5,8.0,20.0,108.25,2.0,160.75,13.7,7.74,6.08,2.27,0.48,18.05,16.45,0.18,16.25,16.75,208.0,3.7,,,,91.68,1.04,0.35,17.5,,6.1,,0.45,,2.7,35.8,,,856.87,4.66,,,,,,,,,
2023-12-29,11.45,5.55,35.85,407.5,82.0,4.79,0.97,15.0,25.0,2.24,11.4,35.65,8.4,45.05,114.0,13.95,33.65,1.08,3.48,185.0,215.0,21.9,2.01,,1.88,1.42,4.11,6.0,3.83,385.0,3.69,380.0,2.41,0.27,4.12,38.95,20.05,3.27,19.5,8.0,20.0,108.75,2.18,162.0,13.9,7.74,6.0,2.27,0.52,18.0,16.45,0.17,16.0,16.85,208.0,3.7,,,,92.11,1.04,0.37,17.5,,6.02,,0.45,,2.7,35.8,,,858.33,4.66,,,,,,,,,
2024-01-02,11.55,5.55,36.0,425.0,82.0,5.14,0.98,15.0,25.0,2.29,11.35,35.65,8.4,44.75,116.25,12.8,34.2,1.18,3.45,185.0,215.0,21.95,2.0,,1.85,1.4,4.11,6.0,3.83,385.0,3.86,380.0,2.41,0.27,4.12,38.85,20.4,3.27,19.5,8.0,20.0,106.0,2.18,160.25,13.75,7.74,6.0,2.27,0.52,18.0,16.25,0.18,15.55,16.85,228.0,3.7,,,,91.97,1.14,0.39,17.45,,5.8,,0.45,,2.46,35.5,,,863.41,4.66,20.0,911.24,,,,,,,
2024-01-03,11.45,5.55,36.0,425.0,82.0,4.71,1.0,15.0,25.1,2.28,11.2,35.0,8.36,45.75,120.5,12.8,35.6,1.24,3.56,185.0,215.0,22.8,2.0,,1.89,1.45,4.11,6.0,3.83,385.0,3.86,380.0,2.41,0.27,4.12,38.05,20.55,3.5,19.5,8.0,19.8,106.5,2.09,164.5,13.65,7.74,6.0,2.27,0.47,18.0,16.45,0.19,14.4,16.85,228.0,3.7,,,,92.11,1.13,0.4,17.5,,6.08,,0.45,,2.46,33.5,,,880.31,4.66,20.0,922.0,,,,,,,
2024-01-04,11.55,5.55,36.4,428.5,82.0,4.75,0.98,15.0,25.05,2.19,11.25,35.0,8.4,46.25,123.0,13.95,35.65,1.22,3.37,185.0,225.0,22.7,2.0,,1.82,1.41,4.11,6.0,3.83,385.0,4.22,380.0,2.17,0.27,4.12,38.45,20.45,3.27,19.5,8.0,19.75,110.0,2.06,161.25,13.6,7.74,5.6,2.09,0.51,17.35,16.45,0.18,15.55,16.85,237.0,3.7,,,,92.48,1.13,0.4,17.5,,6.08,,0.45,,2.46,35.8,,,882.23,4.66,20.0,926.05,,,,,,,
2024-01-05,11.65,5.55,37.5,428.5,82.0,4.94,0.99,15.35,25.05,2.2,11.25,35.0,8.46,46.5,122.5,13.95,35.65,1.21,3.35,185.0,225.0,22.55,2.0,,1.83,1.4,4.11,6.0,3.83,385.0,4.22,380.0,2.17,0.27,4.12,38.05,20.4,3.47,19.5,8.0,20.0,111.25,2.07,162.25,13.6,7.74,5.6,2.25,0.52,18.0,16.45,0.18,15.5,16.85,237.0,3.7,,,,92.55,1.13,0.39,17.5,,6.08,,0.45,,2.46,35.8,,,881.79,4.66,20.0,924.92,,,,,,,
2024-01-08,11.65,5.55,37.5,428.5,82.0,4.94,0.99,15.35,25.05,2.2,11.25,35.0,8.46,46.5,122.5,13.95,35.65,1.21,3.35,185.0,225.0,22.55,2.0,,1.83,1.4,4.11,6.0,3.83,385.0,4.22,380.0,2.17,0.27,4.12,38.05,20.4,3.47,19.5,8.0,20.0,111.25,2.07,162.25,13.6,7.74,5.6,2.25,0.52,18.0,16.45,0.18,15.5,16.85,237.0,3.7,,,,92.55,1.13,0.39,17.5,,6.08,,0.45,,2.46,35.8,,,881.79,4.66,20.0,924.92,,,,,,,
2024-01-09,11.5,5.55,35.0,434.25,82.0,4.8,0.94,15.45,25.0,2.19,11.3,35.75,8.3,44.75,122.0,11.8,35.6,1.25,3.29,182.25,234.0,22.0,1.99,,1.85,1.38,4.11,6.0,3.83,360.0,4.62,380.0,2.3,0.27,4.12,37.8,20.75,3.2,19.5,8.0,21.95,108.0,2.18,163.5,13.65,7.74,6.0,2.35,0.5,17.1,16.45,0.18,15.7,16.85,242.5,3.7,,,,92.29,1.14,0.36,17.5,,5.92,,0.45,,2.16,35.0,,,874.18,4.66,20.0,921.42,,,,,,,
2024-01-10,11.25,5.55,34.8,426.5,82.0,5.0,0.9,15.5,25.0,2.22,11.3,35.75,8.32,45.0,121.0,12.9,35.9,1.31,3.29,183.0,234.0,22.0,1.99,,1.89,1.38,4.11,6.0,3.83,360.0,4.62,380.0,2.3,0.27,4.12,37.75,20.3,3.22,19.5,8.0,20.0,105.5,2.18,162.5,13.8,7.74,6.0,2.35,0.49,18.0,16.45,0.19,16.0,16.85,240.0,3.7,,,,92.57,1.14,0.37,17.5,,5.96,,0.45,,2.16,35.8,,,868.67,4.66,20.0,922.32,,,,,,,
2024-01-11,11.4,5.55,35.55,420.75,82.0,5.0,0.88,15.5,25.0,2.22,11.3,35.75,8.36,44.95,120.75,12.9,35.85,1.31,3.46,183.5,234.0,21.95,1.99,,1.95,1.38,4.11,6.0,3.83,360.0,4.93,380.0,2.24,0.27,4.12,37.95,20.0,3.5,19.5,8.0,22.0,101.75,2.34,162.25,13.9,7.74,6.0,2.35,0.51,18.0,16.45,0.19,15.15,16.85,233.25,3.7,,,,92.71,1.14,0.38,17.5,,6.18,,0.45,,2.16,35.8,,,871.78,4.66,20.0,924.86,,,,,,,
2024-01-12,11.3,5.55,35.0,430.0,82.0,5.12,0.88,15.2,25.0,2.26,11.25,35.0,8.26,44.75,120.0,12.9,35.8,1.21,3.41,180.0,234.0,22.0,2.0,,1.95,1.38,4.11,6.0,3.83,360.0,5.0,380.0,2.24,0.27,4.12,37.8,20.0,3.5,19.5,8.0,22.0,111.75,2.22,161.0,13.9,7.74,6.0,2.13,0.51,17.35,16.4,0.18,14.7,16.85,230.0,3.7,,,,92.8,1.14,0.35,17.5,,6.06,,0.45,,2.16,35.8,,,865.84,4.66,20.0,922.28,,,,,,,
2024-01-15,11.4,5.55,34.8,430.0,82.0,5.0,0.96,15.9,27.0,2.27,11.3,35.0,8.4,44.8,120.0,12.9,35.55,1.27,3.5,198.0,234.0,21.95,1.99,,1.98,1.37,4.11,6.0,3.83,360.0,4.53,380.0,2.24,0.27,4.12,37.6,20.35,3.5,19.5,8.0,21.85,111.75,2.15,161.25,13.9,7.74,6.14,2.24,0.5,16.6,16.4,0.19,15.95,16.85,231.0,3.7,,,,92.97,1.05,0.35,17.45,,6.0,,0.45,,2.16,36.0,,,862.38,4.66,20.0,921.57,,,,,,,
2024-01-16,11.3,5.55,35.3,425.5,82.0,4.87,0.96,15.6,27.5,2.34,11.2,35.65,8.3,44.75,121.75,12.9,36.0,1.21,3.74,180.0,234.0,21.5,1.98,,1.96,1.41,4.11,6.0,3.83,360.0,4.8,380.0,2.24,0.27,4.12,37.55,20.35,3.5,19.5,8.0,21.0,111.75,2.2,157.25,13.9,7.74,6.58,2.09,0.45,16.95,16.4,0.19,15.05,16.85,240.0,3.7,,,,92.7,1.05,0.36,17.5,,6.2,,0.45,,2.16,35.7,,,860.84,4.66,20.0,922.71,,,,,,,
2024-01-17,11.5,5.55,35.5,425.5,82.0,4.79,0.92,15.6,25.0,2.23,11.3,35.65,8.36,44.75,119.75,12.9,36.0,1.26,3.6,181.25,234.0,21.15,1.99,,1.96,1.35,4.11,6.0,3.83,360.0,4.8,380.0,2.24,0.27,4.12,36.6,20.0,3.5,19.5,8.0,21.0,110.0,2.19,161.25,14.0,7.74,7.04,2.18,0.49,17.35,16.4,0.2,15.55,16.85,240.0,3.7,,,,92.88,1.14,0.35,17.5,,6.04,,0.45,,2.36,35.7,,,854.94,4.66,20.0,921.11,,,,,,,
2024-01-18,11.6,5.55,35.35,425.5,82.0,5.1,0.94,15.6,25.0,2.22,11.35,36.9,8.22,44.5,120.0,13.0,36.5,1.19,3.57,181.25,234.0,21.4,1.99,,1.93,1.37,4.11,6.0,3.83,360.0,5.02,380.0,2.24,0.27,4.12,37.65,20.0,3.49,19.5,8.0,21.0,110.75,2.2,163.0,13.95,7.74,7.04,2.18,0.45,17.35,16.4,0.19,15.4,16.85,240.0,3.7,,,,93.22,1.1,0.36,17.5,,6.04,,0.45,,2.59,35.8,,,856.19,4.66,20.0,927.75,,,,,,,
2024-01-19,11.5,5.55,37.1,425.0,82.0,5.5,0.96,15.95,25.0,2.12,11.35,36.9,8.36,44.75,118.0,13.0,36.5,1.18,3.69,190.0,234.0,21.7,1.96,,1.86,1.39,4.11,6.0,3.83,360.0,5.18,380.0,2.3,0.27,4.12,38.0,20.05,3.49,19.5,8.0,21.0,110.0,2.37,164.0,13.95,7.74,7.6,2.03,0.45,17.65,16.4,0.19,15.85,16.85,233.5,3.7,,,,93.37,1.1,0.36,17.5,,6.06,,0.45,,2.58,35.8,,,854.09,4.66,20.0,926.4,,,,,,,
2024-01-22,11.55,5.55,37.15,425.75,82.0,5.22,0.91,15.4,25.0,2.12,11.35,36.0,8.46,44.35,117.0,13.85,36.45,1.17,3.54,190.0,236.25,21.6,1.99,,1.85,1.36,4.11,6.0,3.83,360.0,5.08,380.0,2.3,0.27,4.12,37.95,20.05,3.45,19.5,8.0,21.0,109.5,2.53,162.0,13.9,7.74,7.0,2.06,0.47,18.0,16.4,0.19,15.25,16.85,233.5,3.7,,,,93.0,1.1,0.39,17.5,,6.16,,0.45,,2.58,35.8,,,848.43,4.66,20.0,924.27,,,,,,,
2024-01-23,11.55,5.55,37.4,424.75,82.0,5.0,0.99,16.25,27.0,2.03,11.3,37.0,8.42,44.75,117.0,13.85,36.5,1.11,3.72,190.0,237.75,21.05,1.99,,1.85,1.41,4.11,6.0,3.83,385.0,5.5,380.0,2.3,0.27,4.12,37.7,20.0,3.55,19.5,8.0,21.05,108.0,2.6,161.75,13.8,7.86,7.04,2.03,0.5,17.95,15.1,0.2,14.95,16.8,240.0,3.7,,,,92.54,1.14,0.37,17.45,,6.0,,0.45,,2.5,35.8,,,841.03,4.66,20.0,920.05,,,,,,,
2024-01-24,11.55,5.55,38.0,425.0,82.0,4.99,1.0,15.55,27.0,2.0,11.4,37.0,8.44,44.75,116.5,13.85,36.9,1.03,3.64,181.0,237.75,20.95,1.98,,1.91,1.39,4.0,6.0,3.83,364.0,5.2,380.0,2.3,0.27,4.12,37.55,20.0,3.55,19.5,8.0,21.0,107.0,2.5,161.0,13.6,7.86,7.04,2.03,0.49,17.65,15.1,0.19,15.35,17.1,234.0,3.54,,,,92.07,1.14,0.37,17.5,,6.0,,0.45,,2.43,36.8,,,837.76,4.66,20.0,918.76,,,,,,,
2024-01-25,11.55,5.55,39.85,421.0,82.0,4.9,0.98,15.8,27.0,2.01,11.95,37.0,8.38,44.7,118.25,13.85,36.9,1.05,3.64,180.0,234.5,20.5,1.97,,1.81,1.4,4.0,6.0,3.83,364.0,5.14,380.0,2.3,0.27,4.12,37.65,20.0,3.55,19.5,8.0,20.95,110.75,2.5,162.0,13.45,7.8,7.02,2.07,0.49,17.65,15.1,0.18,15.0,17.1,234.0,3.54,,,,91.97,1.12,0.37,17.5,,6.08,,0.45,,2.56,36.8,,,833.53,4.66,20.0,921.68,,,,,,,
2024-01-26,11.65,5.55,40.0,420.25,82.0,5.1,0.98,15.75,27.0,2.01,12.0,37.0,8.28,44.75,104.5,12.5,37.1,1.11,3.6,180.75,234.5,20.4,1.98,,1.81,1.41,4.0,6.0,3.83,364.0,5.08,380.0,2.31,0.27,4.12,37.15,20.2,3.55,19.5,8.0,21.0,110.0,2.45,160.25,13.1,7.8,7.02,2.11,0.47,17.65,15.1,0.18,15.1,17.1,234.0,3.54,,,,90.37,1.13,0.37,17.5,,5.92,,0.45,,2.45,36.8,,,818.46,4.66,20.0,901.24,,,,,,,
2024-01-29,11.65,5.55,39.85,424.0,82.0,4.99,0.89,15.65,27.0,1.99,11.9,37.0,8.14,45.8,100.0,12.5,37.5,1.17,3.52,185.0,234.5,20.05,1.97,,1.81,1.4,4.0,6.0,3.83,364.0,5.04,380.0,2.34,0.27,4.12,37.65,20.0,3.5,19.5,8.0,21.0,110.0,2.34,160.0,13.1,7.76,7.02,2.04,0.5,17.0,15.8,0.19,14.6,17.1,234.0,3.54,,,,90.1,1.02,0.37,17.5,,6.0,,0.45,,2.53,36.0,,,818.47,4.66,20.0,897.19,,,,,,,
2024-01-30,11.65,5.55,40.15,424.75,82.0,5.02,0.87,16.05,27.0,2.07,11.95,37.0,8.14,49.75,104.0,12.5,37.95,1.15,3.63,184.25,234.0,20.0,1.97,,1.81,1.4,4.0,6.0,3.83,364.0,5.0,380.0,2.34,0.27,4.12,37.25,20.0,3.45,19.5,8.0,21.0,108.75,2.3,161.0,13.55,7.76,7.02,2.04,0.47,17.5,15.8,0.18,15.05,17.1,234.75,3.54,,,,91.71,1.04,0.36,17.5,,5.54,,0.45,,2.3,37.0,,,831.2,4.66,20.0,910.73,,,,,,,
2024-01-31,11.7,5.55,40.25,425.0,82.0,5.3,0.87,15.6,27.0,1.99,12.1,36.5,8.34,49.5,106.0,12.6,38.0,1.2,3.75,181.0,234.0,20.1,1.98,,1.82,1.4,4.0,6.0,3.83,364.0,5.0,380.0,2.34,0.27,4.12,37.6,20.0,3.45,19.5,8.0,21.0,110.0,2.35,162.25,13.6,7.76,7.02,2.04,0.47,17.6,15.8,0.19,15.2,17.1,235.0,3.54,,,,92.18,1.12,0.39,17.5,,5.92,,0.45,,2.11,37.0,,,841.21,4.66,20.0,917.11,,,,,,,
2024-02-01,11.7,5.55,40.25,425.0,82.0,5.3,0.87,15.6,27.0,1.99,12.1,36.5,8.34,49.5,106.0,12.6,38.0,1.2,3.75,181.0,234.0,20.1,1.98,,1.82,1.4,4.0,6.0,3.83,364.0,5.0,380.0,2.34,0.27,4.12,37.6,20.0,3.45,19.5,8.0,21.0,110.0,2.35,162.25,13.6,7.76,7.02,2.04,0.47,17.6,15.8,0.19,15.2,17.1,235.0,3.54,,,,92.18,1.12,0.39,17.5,,5.92,,0.45,,2.11,37.0,,,841.21,4.66,20.0,917.11,,,,,,,
2024-02-02,11.85,5.55,38.55,420.0,82.0,5.0,0.94,15.6,27.0,2.04,12.0,36.0,8.26,48.95,113.5,12.6,38.15,1.19,3.53,180.25,234.0,20.4,1.97,,1.86,1.46,4.0,6.0,3.83,364.0,5.3,380.0,2.34,0.27,4.12,37.7,20.0,3.45,19.5,8.0,21.95,110.0,2.35,162.5,13.5,7.76,6.34,2.1,0.45,17.65,15.0,0.2,15.5,17.1,234.0,3.54,,,,92.37,1.12,0.35,17.5,,6.0,,0.45,,2.46,37.0,,,851.89,4.66,20.0,926.71,,,,,,,
2024-02-05,12.1,5.55,38.4,424.5,82.0,5.04,0.94,16.2,27.0,2.13,12.05,36.5,8.34,47.1,114.5,12.6,38.2,1.22,3.55,180.5,234.0,20.4,1.99,,1.89,1.47,4.0,6.0,3.83,364.0,5.0,380.0,2.4,0.27,4.12,38.05,20.0,3.45,19.5,8.0,21.55,110.0,2.5,161.75,13.45,7.76,6.92,2.1,0.44,17.95,15.0,0.21,15.5,17.1,234.0,3.54,,,,92.48,1.12,0.33,17.5,,6.02,,0.45,,2.46,37.0,,,854.95,4.66,20.0,930.72,,,,,,,
2024-02-06,12.0,5.55,39.55,424.5,82.0,5.0,0.9,16.0,27.0,2.19,12.0,40.0,8.02,46.05,115.0,12.75,38.25,1.21,3.7,182.0,233.0,20.2,1.99,,1.88,1.45,4.0,6.0,3.83,364.0,5.0,380.0,2.3,0.27,4.12,38.05,20.05,3.45,19.5,8.0,21.55,110.0,2.54,164.5,13.45,7.76,6.68,2.19,0.48,18.65,16.0,0.2,15.3,17.1,234.25,3.54,,,,92.52,1.1,0.32,17.5,,6.04,,0.45,,2.46,37.0,,,854.92,4.66,20.0,929.37,,,,,,,
2024-02-07,12.1,5.55,38.7,423.25,82.0,4.99,0.93,15.75,27.0,2.19,12.0,40.0,8.02,46.0,115.75,12.5,38.2,1.2,3.66,180.25,233.0,20.45,1.99,,1.87,1.47,4.0,6.0,3.83,364.0,5.0,380.0,2.3,0.27,4.12,38.55,20.0,3.45,19.5,8.0,21.95,112.0,2.5,163.5,13.15,7.76,6.6,2.12,0.49,18.85,15.0,0.2,15.45,17.1,233.75,3.54,,,,91.89,1.12,0.32,17.5,,5.84,,0.45,,2.3,37.0,,,853.55,4.66,20.0,928.08,,,,,,,
2024-02-08,12.15,5.55,39.05,424.0,82.0,5.02,0.93,16.1,27.0,2.16,12.1,36.05,8.76,48.8,117.25,12.5,37.2,1.23,3.61,189.75,233.0,20.15,1.99,,1.86,1.44,4.0,6.0,3.83,385.0,5.0,380.0,2.3,0.27,4.12,38.5,20.0,3.45,19.5,8.0,22.0,114.75,2.51,165.75,13.2,7.76,6.06,2.12,0.5,17.05,15.0,0.2,15.2,17.1,232.5,3.24,,,,91.96,1.12,0.32,17.45,,5.86,,0.45,,2.4,35.5,,,850.44,4.66,20.0,925.48,,,,,,,
2024-02-09,12.05,5.55,39.0,420.0,82.0,4.7,0.91,16.05,27.0,2.14,12.2,36.0,8.7,48.8,114.25,12.5,37.45,1.18,3.79,190.0,233.0,19.95,1.99,,1.85,1.49,4.0,6.0,3.83,385.0,5.48,380.0,2.3,0.27,4.12,37.6,20.05,3.45,19.5,8.0,20.0,115.0,2.52,165.0,13.05,7.76,6.6,2.02,0.49,17.75,15.0,0.21,14.5,17.1,232.5,3.55,,,,91.18,1.12,0.32,17.4,,5.98,,0.45,,2.4,35.5,,,848.52,4.66,20.0,918.46,,,,,,,
2024-02-12,12.0,5.55,39.2,424.0,82.0,4.66,0.95,15.6,27.0,2.1,12.25,36.0,8.64,48.0,114.25,13.0,37.5,1.18,3.8,190.0,234.0,19.2,1.99,,1.89,1.47,4.0,6.0,3.83,385.0,5.02,380.0,2.3,0.27,4.12,37.25,20.05,3.45,19.5,8.0,20.7,113.5,2.32,164.25,13.2,7.76,7.2,2.22,0.5,17.0,15.85,0.2,14.3,17.1,230.0,3.55,,,,91.31,1.11,0.31,17.4,,5.9,,0.45,,2.45,35.5,,,853.75,4.66,20.0,917.66,,,,,,,
2024-02-13,12.05,5.55,39.9,425.0,82.0,4.71,0.93,15.2,27.0,2.14,12.1,39.5,8.58,48.9,115.0,13.0,37.5,1.18,3.67,189.75,233.0,19.05,2.0,,1.91,1.48,4.0,6.0,3.83,385.0,5.5,380.0,2.3,0.27,4.12,38.1,20.0,3.45,19.5,8.0,22.0,115.0,2.3,164.0,13.2,7.76,6.9,2.22,0.52,17.0,16.0,0.2,14.1,17.1,230.0,3.55,,,,91.5,1.2,0.3,17.4,,5.7,,0.45,,2.45,35.5,,,865.04,4.66,20.0,918.99,,,,,,,
2024-02-14,12.1,5.55,39.75,423.0,82.0,4.85,0.91,15.1,27.0,2.0,12.05,40.0,8.88,46.8,114.25,13.0,37.6,1.17,3.86,185.0,234.0,19.0,2.0,,1.91,1.43,4.0,6.0,3.83,385.0,5.5,380.0,2.2,0.27,4.12,37.65,20.0,3.45,19.5,8.5,21.0,115.0,2.27,163.75,13.0,7.6,6.78,2.15,0.51,17.0,16.0,0.2,14.1,17.1,230.0,3.2,,,,90.82,1.14,0.31,17.35,,5.98,,0.45,,2.45,35.5,,,893.14,4.66,20.0,914.69,,,,,,,
2024-02-15,12.25,5.55,39.3,419.75,82.0,4.82,0.9,15.0,27.0,2.0,12.05,40.0,8.66,46.25,112.5,13.0,37.8,1.17,3.76,180.0,233.0,19.0,2.0,,1.97,1.53,4.0,6.0,3.83,385.0,5.48,380.0,2.2,0.27,4.12,37.6,20.0,3.45,19.5,8.76,21.0,114.0,2.17,163.0,13.05,7.6,6.18,2.15,0.5,16.65,16.0,0.2,14.4,17.1,220.0,3.2,,,,90.95,1.15,0.33,17.35,,6.02,,0.45,,2.45,37.0,,,923.56,4.66,20.0,915.57,,,,,,,
2024-02-16,12.1,5.55,39.9,419.0,82.0,4.99,0.89,15.5,27.0,2.0,12.1,40.0,8.98,45.55,111.0,13.05,37.95,1.24,3.87,180.0,233.5,19.85,1.99,,1.85,1.58,4.0,6.0,3.83,385.0,5.5,380.0,2.2,0.27,4.12,36.3,20.0,3.45,19.5,8.76,21.05,114.0,2.18,163.5,13.1,7.6,6.78,2.12,0.47,16.5,16.0,0.2,14.45,17.1,219.0,3.2,,,,91.08,1.14,0.32,17.35,,5.8,,0.45,,2.35,37.0,,,928.14,4.66,20.0,914.97,,,,,,,
2024-02-19,12.2,5.55,39.4,413.5,82.0,4.99,0.92,15.5,26.0,2.0,12.05,39.0,8.96,45.0,110.5,13.05,38.35,1.22,3.93,180.0,232.0,20.1,2.0,,1.89,1.71,4.0,6.0,3.83,385.0,5.5,380.0,2.2,0.27,4.12,36.65,20.0,3.45,19.5,8.76,21.55,115.0,2.18,163.25,13.4,7.6,7.2,2.1,0.47,16.6,15.0,0.18,14.4,15.45,213.75,3.2,,,,91.87,1.14,0.34,17.35,,5.98,,0.45,,2.35,35.0,,,943.04,4.66,20.0,923.43,,,,,,,
2024-02-20,12.5,5.55,39.15,411.0,75.0,4.99,0.92,15.25,26.0,2.0,12.05,39.0,8.84,45.05,110.0,13.0,38.55,1.33,4.01,180.0,232.0,20.1,2.0,,1.98,1.68,4.0,6.0,3.83,367.5,5.54,380.0,2.2,0.27,4.12,37.35,20.25,3.45,19.5,8.76,21.55,115.0,2.2,163.5,13.5,6.84,6.6,2.2,0.5,16.6,15.0,0.19,14.05,15.45,210.0,3.2,,,,92.25,1.14,0.34,17.35,,6.06,,0.45,,2.4,35.0,,,940.41,4.66,20.0,929.48,,,,,,,
2024-02-21,12.45,5.55,39.75,408.0,75.0,4.96,0.96,15.5,26.0,2.02,12.35,39.0,8.8,45.1,110.0,14.0,38.8,1.33,3.97,180.0,225.0,20.05,2.0,,1.93,1.72,4.0,6.0,3.83,367.5,5.54,380.0,2.2,0.27,4.12,37.3,20.35,3.45,19.5,9.4,21.4,115.0,2.2,164.0,13.4,6.84,6.5,2.2,0.5,17.65,15.0,0.19,14.3,15.45,210.0,3.2,,,,92.19,1.14,0.34,17.5,,6.28,,0.45,,2.3,35.0,,,939.32,4.66,20.0,931.13,,,,,,,
2024-02-22,12.2,5.55,39.85,404.5,75.0,4.73,0.91,15.9,26.0,2.0,12.85,40.0,8.82,47.8,106.75,13.0,40.85,1.33,3.99,180.0,232.0,20.15,2.0,,1.96,1.6,4.0,6.0,3.83,367.5,5.2,380.0,2.2,0.27,4.12,37.45,20.35,3.45,19.5,9.0,20.7,115.0,2.2,164.0,13.4,6.84,6.5,2.2,0.51,16.6,15.0,0.19,14.5,15.45,225.0,3.2,,,,92.67,1.14,0.33,17.5,,6.0,,0.45,,2.3,35.45,,,937.97,4.66,20.0,942.27,,,,,,,
2024-02-23,12.25,5.55,40.05,414.75,75.0,4.73,0.96,15.95,26.0,2.07,12.9,36.5,8.82,45.5,107.25,13.2,41.0,1.38,4.14,180.0,232.0,20.5,2.0,,1.96,1.61,4.0,6.0,3.83,367.5,5.5,380.0,2.2,0.27,4.12,37.6,20.0,3.45,19.5,9.0,20.0,114.75,2.2,164.0,13.4,6.84,6.96,2.15,0.5,17.45,14.9,0.19,14.5,15.45,225.0,3.2,,,,92.83,1.14,0.33,18.85,,6.12,,0.45,,2.32,32.15,,,950.77,4.66,20.0,946.11,,,,,,,
2024-02-26,12.5,5.55,41.0,416.0,80.0,4.83,0.99,16.0,28.6,2.07,12.9,36.5,8.84,46.65,108.75,13.6,40.4,1.38,3.98,180.0,231.0,20.4,1.99,,1.93,1.66,4.0,6.0,3.83,367.5,5.5,380.0,2.2,0.27,4.12,38.7,20.0,3.45,19.5,9.0,20.0,112.0,2.41,163.75,13.75,7.18,6.94,2.1,0.5,17.45,14.9,0.18,14.2,15.45,234.75,3.2,,,,93.83,1.11,0.33,18.95,,5.78,,0.45,,2.32,32.0,,,955.63,4.66,20.0,953.71,,,,,,,
2024-02-27,12.55,5.55,41.1,408.0,80.0,4.81,0.99,15.95,26.15,2.02,13.0,36.5,8.82,47.0,107.75,13.6,39.85,1.38,4.31,180.0,231.0,20.35,2.0,,1.99,1.66,4.0,6.0,3.83,367.5,5.5,380.0,2.25,0.27,4.12,38.5,20.35,3.45,19.5,9.0,21.5,109.25,2.36,164.0,13.65,6.48,6.94,2.1,0.45,17.05,14.9,0.19,14.5,15.65,225.0,3.5,,,,93.31,1.14,0.33,18.7,,6.1,,0.45,,2.14,32.0,,,942.08,4.66,20.0,948.56,,,,,,,
2024-02-28,12.6,5.55,41.95,409.0,80.0,4.65,0.99,15.95,26.15,2.02,13.0,36.5,8.66,48.8,107.5,13.6,40.0,1.33,4.35,180.0,231.0,20.5,1.99,,2.0,1.7,4.0,6.0,3.83,367.5,5.5,380.0,2.25,0.27,4.12,39.15,20.0,3.4,19.5,9.0,21.5,115.0,2.35,163.75,13.5,6.74,6.94,2.1,0.44,18.0,14.9,0.19,13.35,15.65,225.0,3.5,,,,93.14,1.15,0.33,18.9,,5.94,,0.45,,2.15,32.0,,,942.07,4.66,20.0,949.02,,,,,,,
2024-02-29,12.85,5.55,41.0,415.0,80.0,4.65,1.06,15.9,26.15,2.01,13.0,38.7,8.7,48.75,106.0,13.6,40.45,1.33,4.0,185.0,232.0,20.7,2.0,,1.97,1.67,4.0,6.0,3.83,367.5,5.5,380.0,2.41,0.27,4.12,39.15,20.0,3.4,19.5,9.0,21.5,108.25,2.15,162.75,13.25,6.48,6.8,2.1,0.44,18.0,14.9,0.19,13.6,15.65,225.0,3.5,,,,92.49,1.15,0.33,18.55,,5.84,,0.45,,2.14,32.05,,,940.04,4.66,20.0,948.74,,,,,,,
2024-03-01,12.95,5.55,41.0,415.0,80.0,4.54,1.05,15.85,26.15,2.01,13.05,36.5,8.56,48.95,105.75,13.0,40.0,1.37,4.0,185.0,219.5,21.2,2.0,,1.97,1.62,4.0,6.0,3.83,367.5,5.0,380.0,2.2,0.27,4.12,39.1,20.0,3.4,19.5,9.0,19.95,115.0,2.35,162.25,13.5,5.84,6.12,2.1,0.4,18.0,14.9,0.19,13.4,15.45,229.5,3.5,,,,93.25,1.15,0.32,18.9,,6.0,,0.45,,2.25,32.0,,,951.27,4.66,20.0,952.45,,,,,,,
2024-03-04,12.85,5.55,41.3,412.25,80.0,4.55,1.02,16.0,26.15,2.06,13.05,36.5,8.68,47.5,108.0,13.0,40.05,1.38,3.75,185.0,219.5,21.5,1.99,,1.98,1.61,4.0,6.0,3.83,367.5,5.04,380.0,2.2,0.27,4.12,39.1,21.6,3.4,19.5,9.0,20.0,112.5,2.35,163.75,13.5,5.84,6.24,1.9,0.41,18.0,14.9,0.19,13.55,15.45,229.5,3.5,,,,93.36,1.15,0.32,18.7,,6.38,,0.45,,2.18,32.0,,,965.95,4.66,20.0,955.72,,,,,,,
2024-03-05,12.95,5.55,41.95,414.75,80.0,4.66,0.97,15.95,26.15,2.07,13.0,37.95,8.78,47.45,106.25,13.0,40.05,1.38,3.96,189.0,219.5,21.45,1.99,,1.95,1.6,4.0,6.0,3.83,367.5,5.5,380.0,2.2,0.27,4.12,38.05,20.4,3.4,19.5,9.0,19.5,115.0,2.16,163.0,13.5,6.0,6.84,2.09,0.41,18.0,16.0,0.19,13.5,15.45,225.0,3.5,,,,93.28,1.14,0.32,18.7,,6.02,,0.45,,2.12,32.0,,,974.32,4.66,20.0,951.62,,,,,,,
2024-03-06,12.9,5.55,41.5,415.0,80.0,4.58,0.97,16.0,28.5,2.03,12.8,39.0,8.92,47.25,105.75,13.6,40.0,1.32,3.99,185.0,219.5,21.05,1.99,,1.95,1.53,4.0,6.0,3.83,371.0,5.5,380.0,2.42,0.27,4.12,38.2,20.8,3.4,19.5,9.0,20.2,123.75,2.16,167.25,13.75,6.0,7.06,2.29,0.43,18.0,14.5,0.19,13.95,15.45,232.5,3.5,,,,94.2,1.11,0.32,18.15,,5.9,,0.45,,2.14,34.9,,,975.58,4.66,20.0,951.55,,,,,,,
2024-03-07,12.9,5.55,42.5,415.0,76.0,4.48,1.0,15.95,28.5,2.05,12.7,39.0,8.84,47.95,105.0,13.6,40.05,1.33,3.99,185.0,219.5,20.75,2.0,,1.96,1.52,4.0,6.0,3.83,371.0,5.0,380.0,2.42,0.27,4.12,39.95,20.2,3.4,19.5,9.0,19.5,120.5,2.15,169.75,13.9,6.0,7.06,2.28,0.45,17.9,14.5,0.18,13.5,15.5,230.0,3.5,,,,94.45,1.13,0.3,18.9,,6.02,,0.45,,2.2,31.55,,,979.37,4.66,20.0,955.17,,,,,,,
2024-03-08,12.95,5.55,42.9,415.0,76.0,4.7,1.0,15.9,28.0,2.06,12.65,39.0,8.98,47.85,115.0,13.6,40.0,1.31,4.09,189.75,219.5,20.7,1.99,,1.98,1.5,4.0,6.0,3.83,371.0,5.5,380.0,2.37,0.27,4.12,39.7,20.2,3.4,19.5,9.0,19.45,119.75,2.15,162.5,13.9,5.5,7.02,2.4,0.47,17.75,15.5,0.19,13.9,15.5,226.0,3.5,,,,94.9,1.14,0.32,18.1,,6.06,,0.45,,2.2,34.0,,,,4.66,20.0,965.82,,,,,,,
2024-03-11,13.0,5.55,42.85,415.0,76.0,4.98,0.98,15.95,28.0,2.1,12.85,40.0,8.92,46.95,111.25,13.6,40.0,1.31,3.79,190.0,232.0,20.9,1.99,,1.92,1.53,4.0,6.0,3.83,371.0,5.44,380.0,2.41,0.27,4.12,39.3,21.4,3.4,19.5,9.0,20.9,120.0,2.28,161.25,14.15,5.52,6.52,2.4,0.47,17.55,15.5,0.19,14.0,15.5,217.25,3.5,,,,95.52,1.13,0.31,18.4,,6.0,,0.45,,2.25,34.0,,,,4.66,20.0,967.1,,,,,,,
2024-03-12,12.9,5.55,42.45,413.25,76.0,4.74,0.98,16.15,28.0,2.04,12.85,39.25,8.86,47.0,110.5,13.6,40.0,1.31,4.0,197.25,232.0,21.0,2.0,,1.92,1.53,4.0,6.0,3.83,371.0,5.44,380.0,2.45,0.27,4.12,40.0,20.1,3.4,19.5,9.0,20.85,118.25,2.26,170.5,14.5,5.1,6.98,2.26,0.44,17.75,15.5,0.19,14.35,15.1,231.25,3.5,,,,96.7,1.15,0.3,18.75,,6.1,,0.45,,2.4,34.5,,,,4.66,20.0,972.7,,,,,,,
2024-03-13,13.1,5.55,43.5,413.5,76.0,4.98,1.0,15.9,27.95,2.06,13.05,39.4,8.4,47.9,114.75,13.6,40.2,1.21,3.98,196.5,232.0,21.95,1.99,,1.92,1.54,4.0,6.0,3.83,371.0,5.44,380.0,2.3,0.27,4.12,39.7,20.5,3.4,19.5,8.14,20.8,113.25,2.3,180.25,14.6,5.6,6.98,2.26,0.45,16.95,15.0,0.19,14.1,15.1,234.0,3.5,,,,97.57,1.15,0.32,18.8,,6.02,,0.45,,2.43,33.0,,,,4.66,20.0,985.88,,,,,,,
2024-03-14,13.8,5.55,43.9,413.75,76.0,4.97,1.0,16.45,28.0,2.17,13.55,39.4,8.74,49.15,114.75,14.0,41.6,1.27,4.01,190.0,232.0,23.05,1.99,,1.95,1.54,4.0,6.0,3.83,371.0,5.5,380.0,2.38,0.27,4.12,41.25,21.15,3.4,19.5,8.5,19.5,118.0,2.3,182.5,15.0,6.16,6.98,2.26,0.46,16.95,15.0,0.2,13.95,15.1,230.0,3.5,,,,100.04,1.15,0.31,19.05,,6.08,,0.45,,2.53,33.75,,,,4.66,20.0,,,,,,,,
2024-03-15,13.8,5.55,43.9,413.75,76.0,4.97,1.0,16.45,28.0,2.17,13.55,39.4,8.74,49.15,114.75,14.0,41.6,1.27,4.01,190.0,232.0,23.05,1.99,,1.95,1.54,4.0,6.0,3.83,371.0,5.5,380.0,2.38,0.27,4.12,41.25,21.15,3.4,19.5,8.5,19.5,118.0,2.3,182.5,15.0,6.16,6.98,2.26,0.46,16.95,15.0,0.2,13.95,15.1,230.0,3.5,,,,100.04,1.15,0.31,19.05,,6.08,,0.45,,2.53,33.75,,,,4.66,20.0,,,,,,,,
2024-03-18,13.75,5.55,46.45,415.0,80.0,5.04,0.91,16.95,28.0,2.12,14.0,39.4,8.58,49.3,119.25,14.0,42.85,1.21,4.11,190.0,230.0,24.1,2.0,,1.93,1.56,4.0,6.0,3.83,374.75,5.0,380.0,2.38,0.27,4.12,42.55,20.75,3.4,19.5,8.5,19.7,119.5,2.29,185.75,14.6,6.5,6.98,2.03,0.43,16.9,14.0,0.19,13.6,15.1,230.0,3.5,,,,100.28,1.14,0.3,20.4,,6.06,,0.45,,2.52,33.05,,,,4.66,20.0,,,,,,,,
2024-03-19,14.0,5.55,45.3,410.0,80.0,5.18,0.92,16.8,28.0,2.05,14.0,39.4,8.54,51.0,120.5,14.0,43.2,1.31,4.41,180.5,230.0,24.3,1.99,,1.97,1.59,4.0,6.0,3.83,374.75,5.0,380.0,2.3,0.27,4.12,42.1,21.0,3.4,19.5,8.0,20.55,124.25,2.3,185.5,14.8,6.5,6.96,2.2,0.46,17.95,14.0,0.2,14.0,15.1,230.0,3.5,,,,101.07,1.17,0.32,20.05,,6.06,,0.45,,2.56,32.1,,,,4.66,20.0,,,,,,,,
2024-03-20,13.9,5.55,45.5,414.5,76.0,5.14,0.9,15.9,28.0,2.19,14.0,37.55,8.5,50.0,121.0,14.0,44.45,1.2,4.08,185.25,229.5,26.55,2.0,,2.0,1.67,4.0,6.0,3.83,371.0,5.0,380.0,2.46,0.27,4.12,42.85,21.0,3.4,19.5,8.0,19.15,124.75,2.18,185.25,15.4,5.96,6.96,2.06,0.43,17.95,14.4,0.2,13.8,15.0,228.5,3.4,,,,103.59,1.08,0.33,20.05,,6.08,,0.45,,2.51,35.1,,,,4.66,20.0,,,,,,,,
2024-03-21,14.0,5.55,45.5,413.25,76.0,5.18,0.86,16.95,28.0,2.13,14.7,36.8,8.48,50.75,122.75,14.0,44.65,1.2,4.34,198.0,230.0,24.15,1.99,,2.02,1.62,4.0,6.0,3.83,371.25,5.0,380.0,2.48,0.27,4.12,42.6,21.0,3.4,19.5,8.0,18.55,123.5,2.18,185.75,16.15,5.92,6.28,2.09,0.45,18.0,14.1,0.18,13.75,15.0,228.5,3.4,,,,105.34,1.01,0.33,20.2,,6.1,,0.45,,2.55,32.8,,,,4.66,20.0,,,,,,,,
2024-03-22,14.0,5.55,46.85,414.5,76.0,5.62,0.87,17.25,28.5,2.23,14.9,36.0,8.36,51.0,123.25,14.0,45.35,1.14,4.4,195.0,232.0,25.55,2.0,,2.03,1.67,4.0,6.0,3.83,371.25,5.02,380.0,2.41,0.27,4.12,41.8,21.0,3.4,19.5,8.0,19.8,123.0,2.18,187.75,16.75,5.92,6.3,2.28,0.46,18.0,14.8,0.18,14.0,14.95,234.25,3.4,,,,107.66,1.03,0.32,20.85,,6.04,,0.45,,2.55,33.0,,,,4.66,20.0,,,,,,,,
2024-03-25,14.05,5.55,45.4,414.5,76.0,5.5,0.83,16.1,28.5,2.24,14.9,36.0,8.36,51.0,127.0,14.0,46.35,1.19,4.26,199.25,229.5,27.2,2.0,,2.1,1.69,4.0,6.0,3.83,371.25,5.38,380.0,2.3,0.27,4.12,42.85,21.1,3.4,19.5,8.0,19.8,122.25,2.18,193.5,17.6,5.9,6.5,2.14,0.46,18.1,14.5,0.18,15.1,14.85,228.0,3.4,,,,111.11,1.03,0.3,22.65,,6.06,,0.45,,2.37,33.0,,,,4.66,20.0,,,,,,,,
2024-03-26,14.2,5.55,46.3,416.75,76.0,5.46,0.83,16.55,28.5,2.19,15.05,36.0,8.48,55.0,129.5,14.0,49.2,1.28,4.41,200.0,229.5,29.8,2.0,,2.16,1.69,4.0,6.0,3.83,371.25,5.02,380.0,2.3,0.27,4.12,44.55,21.0,3.4,19.5,8.0,19.85,122.75,2.2,194.75,19.25,5.92,6.5,2.14,0.49,18.05,15.1,0.18,15.1,14.9,234.5,3.4,,,,117.22,1.04,0.32,22.3,,6.5,,0.45,,2.18,35.1,,,,4.66,20.0,,,,,,,,
2024-03-27,14.0,5.55,46.0,415.0,76.0,5.38,0.85,16.2,29.0,2.09,15.05,37.0,8.02,55.75,132.5,13.95,49.15,1.37,4.38,193.5,229.5,31.25,2.2,,2.1,1.84,4.0,6.0,3.83,371.25,5.02,380.0,2.3,0.27,4.12,43.3,21.0,3.4,19.5,7.92,20.0,126.0,2.15,198.5,19.3,6.5,6.46,2.35,0.49,18.05,15.55,0.19,15.75,13.7,234.5,3.4,,,,117.78,1.05,0.31,22.05,,6.44,,0.45,,2.39,34.0,,,,4.66,20.0,,,,,,,,
2024-03-28,13.95,5.55,46.95,414.5,83.5,5.0,0.92,16.6,29.0,2.23,15.0,39.55,8.02,55.0,130.5,13.95,47.15,1.35,4.21,197.5,229.75,30.05,2.42,,2.21,1.86,4.0,6.0,3.83,371.25,5.48,380.0,2.3,0.27,4.12,43.8,21.0,3.4,19.5,7.92,20.35,126.5,2.35,197.75,17.75,6.5,6.46,2.4,0.49,18.15,15.7,0.19,15.2,14.75,235.0,3.49,,,,113.09,1.15,0.3,22.05,,6.62,,0.45,,2.3,34.0,,,,4.66,20.0,,,,,,,,
2024-04-02,14.05,5.55,44.95,414.0,83.5,5.04,0.93,16.95,30.4,2.3,14.95,39.8,8.12,53.5,134.25,13.95,47.0,1.24,4.03,195.25,229.75,29.95,2.52,,2.2,1.86,4.0,6.0,3.83,371.25,5.26,380.0,2.32,0.27,4.12,43.35,20.55,3.4,19.5,7.92,20.65,130.0,2.25,199.75,17.55,6.5,6.46,2.5,0.5,19.05,15.95,0.18,15.45,13.7,233.5,3.2,,,,112.84,1.15,0.33,22.1,,6.56,,0.45,,2.3,34.2,,,,4.66,20.0,,,,,,,,
2024-04-03,14.0,5.55,43.45,413.0,83.5,5.08,0.96,16.6,29.0,2.41,14.9,40.05,8.02,53.75,134.0,13.95,47.95,1.2,4.13,192.25,230.0,30.0,2.38,,2.12,1.78,4.0,6.0,3.83,371.25,5.5,380.0,2.18,0.27,4.12,43.5,21.0,3.7,19.5,7.92,20.55,130.0,2.25,199.75,18.0,6.6,6.56,2.46,0.55,19.05,15.85,0.18,15.3,15.0,233.25,3.2,,,,114.05,1.15,0.34,22.0,,6.44,,0.45,,2.17,33.95,,,,4.66,20.0,,,,,,,,
2024-04-04,13.9,5.55,43.6,412.75,83.5,5.24,0.94,16.85,29.0,2.4,15.0,39.5,8.08,54.75,135.0,13.95,48.0,1.32,3.8,192.25,230.0,30.0,2.27,,2.13,1.79,4.0,6.0,3.83,371.25,5.5,380.0,2.18,0.27,4.12,45.0,20.5,3.7,19.5,7.92,20.55,125.0,2.15,199.5,17.7,6.76,6.94,2.43,0.55,19.1,15.9,0.19,16.05,15.0,234.5,3.2,,,,113.43,1.15,0.35,21.95,,6.2,,0.45,,2.18,33.95,,,,4.66,20.0,,,,,,,,
2024-04-05,14.0,5.55,43.15,414.0,76.0,5.1,0.99,17.45,29.0,2.39,14.95,40.0,8.08,53.75,138.75,13.95,47.85,1.23,3.93,196.0,230.0,30.1,2.37,,2.14,1.7,4.0,6.0,3.83,371.25,5.12,380.0,2.3,0.27,4.12,45.2,20.5,3.7,19.5,7.92,20.95,126.25,2.3,201.25,17.55,6.8,6.98,2.23,0.58,20.0,16.1,0.2,16.05,14.55,239.75,3.2,,,,113.36,1.17,0.33,21.9,,6.22,,0.45,,2.22,34.0,,,,4.66,20.0,,,,,,,,
2024-04-08,13.65,5.55,46.7,410.5,76.0,5.2,1.01,16.95,29.0,2.45,14.75,36.0,8.06,53.25,140.0,13.0,47.15,1.23,3.81,193.75,207.0,30.45,2.33,,2.09,1.67,4.0,6.0,3.83,372.0,5.0,380.0,2.3,0.27,4.12,44.1,20.55,3.58,19.5,7.92,20.5,124.0,2.22,200.5,16.8,6.8,6.98,2.03,0.6,19.75,15.85,0.2,16.3,14.7,234.75,3.2,,,,111.0,1.14,0.34,21.9,,6.2,,0.45,,2.25,34.05,,,,4.66,20.0,,,,,,,,
2024-04-09,13.55,5.55,47.3,410.25,76.0,5.54,1.04,16.9,29.0,2.47,14.25,37.25,8.16,53.0,135.5,12.6,46.7,1.31,3.9,193.75,210.0,30.45,2.33,,2.11,1.66,4.0,6.0,3.83,372.0,4.95,380.0,2.3,0.27,4.12,43.7,21.4,3.5,19.5,7.2,20.0,120.75,2.16,199.75,16.65,6.8,6.42,2.08,0.66,19.8,15.7,0.2,15.45,14.9,239.5,3.2,,,,109.82,1.1,0.36,21.5,,6.2,,0.45,,2.24,33.1,,,,4.66,20.0,,,,,,,,
2024-04-11,13.3,5.55,47.55,413.75,76.0,5.74,1.03,17.0,29.0,2.4,14.4,37.25,8.14,53.0,140.0,12.6,46.95,1.3,3.97,193.0,210.0,30.3,2.35,,2.12,1.64,4.0,6.0,3.83,372.0,5.44,380.0,2.3,0.27,4.12,44.4,20.5,3.5,19.5,7.2,19.95,120.0,2.03,199.25,16.65,6.8,6.88,2.14,0.66,19.85,15.7,0.19,15.45,14.9,245.0,3.2,,,,110.19,1.1,0.35,21.85,,6.18,,0.45,,2.25,33.1,,,,4.66,20.0,,,,,,,,
2024-04-12,13.55,5.55,47.5,410.25,76.0,5.76,1.03,17.25,26.1,2.31,14.2,37.25,8.02,50.25,140.25,12.6,46.45,1.23,3.84,198.75,210.0,30.05,2.23,,2.11,1.56,4.0,6.0,3.83,372.0,5.12,380.0,2.3,0.27,4.12,44.5,20.5,3.5,19.5,7.5,20.9,117.75,2.16,199.25,16.95,6.8,6.88,2.14,0.66,19.0,15.7,0.19,15.65,14.75,248.0,3.2,,,,110.63,1.11,0.35,21.7,,6.06,,0.45,,2.25,33.0,,,,4.66,20.0,,,,,,,,
2024-04-15,13.5,5.55,45.05,414.0,76.0,5.74,0.97,16.8,26.1,2.3,14.0,37.0,8.0,52.0,145.0,12.5,46.75,1.28,3.82,199.0,210.0,28.95,2.27,,2.07,1.56,4.0,6.0,3.83,372.0,5.46,380.0,2.5,0.27,4.12,43.6,20.5,3.5,19.5,7.5,20.35,115.25,2.2,199.0,17.05,6.78,6.88,2.07,0.66,18.1,17.0,0.2,15.5,14.75,248.0,3.15,,,,110.58,1.1,0.35,21.8,,6.0,,0.45,,2.26,30.75,,,,4.66,20.0,,,,,,,,
2024-04-16,13.45,5.55,46.6,413.75,76.0,5.5,0.97,17.5,28.5,2.33,13.95,37.0,7.88,50.25,144.75,12.5,45.0,1.22,4.08,200.0,225.75,27.85,2.21,,2.06,1.54,4.0,6.0,3.83,372.0,5.2,380.0,2.3,0.27,4.12,43.8,20.6,3.43,19.5,7.94,20.0,114.5,2.25,198.25,16.95,6.78,6.88,2.27,0.67,18.5,17.0,0.19,15.6,14.5,248.0,3.45,,,,109.62,1.21,0.34,21.8,,6.1,,0.45,,2.2,31.2,,,,4.66,20.0,,,,,,,,
2024-04-17,13.2,5.55,45.2,413.75,72.0,5.62,0.98,17.0,28.5,2.34,13.85,38.45,8.0,50.0,153.5,12.5,44.55,1.28,4.44,195.0,233.0,27.0,2.22,,1.99,1.54,4.0,6.0,3.83,372.0,5.04,380.0,2.3,0.27,4.12,44.65,20.55,3.43,19.5,7.8,19.65,115.0,2.22,196.25,16.75,6.78,6.22,2.24,0.66,18.5,18.35,0.18,15.5,14.5,247.75,3.35,,,,109.3,1.17,0.31,21.75,,5.9,,0.45,,2.19,34.0,,,,4.66,20.0,,,,,,,,
2024-04-18,13.0,5.55,47.2,412.75,68.75,5.28,1.0,16.8,28.5,2.38,13.5,38.45,8.0,50.0,158.75,12.5,44.4,1.27,4.12,195.0,233.0,27.15,2.23,,1.9,1.5,4.0,6.0,3.83,372.0,4.96,380.0,2.4,0.27,4.12,45.0,20.6,3.43,19.5,7.8,20.2,115.0,2.18,195.0,16.35,6.78,6.2,2.23,0.71,18.5,20.05,0.19,15.65,14.5,245.0,3.4,,,,108.43,1.23,0.34,21.7,,6.08,,0.45,,2.19,35.5,,,,4.66,20.0,,,,,,,,
2024-04-19,12.8,5.55,46.75,412.5,67.0,5.72,0.93,17.05,28.5,2.34,13.55,38.45,8.48,50.0,156.0,12.5,42.1,1.26,4.01,191.0,218.25,27.95,2.21,,1.94,1.51,4.0,6.0,3.83,372.0,4.99,380.0,2.4,0.27,4.12,44.9,20.6,3.43,19.5,7.02,20.0,112.5,2.01,195.25,16.0,6.78,6.0,2.15,0.7,17.95,20.05,0.2,15.65,14.9,231.25,3.39,,,,106.6,1.2,0.35,19.05,,6.14,,0.45,,2.19,35.25,,,,4.66,20.0,,,,,,,,
2024-04-22,12.8,5.55,46.55,413.0,67.0,5.74,0.95,16.95,28.5,2.32,13.75,38.95,8.32,50.75,156.0,12.5,42.05,1.28,4.1,191.0,234.0,28.3,2.18,,1.92,1.51,4.0,6.0,3.83,372.0,5.1,380.0,2.4,0.27,4.12,44.65,20.0,3.43,19.5,7.6,20.4,115.0,2.1,180.75,16.1,6.78,6.6,2.04,0.68,17.95,20.05,0.2,15.55,14.9,236.0,3.5,,,,106.37,1.21,0.36,17.6,,6.0,,0.45,,2.19,32.55,,,,4.66,20.0,,,,,,,,
2024-04-23,12.65,5.55,45.5,412.0,67.0,5.76,0.97,17.0,28.5,2.36,13.95,38.9,8.5,50.0,155.75,12.0,41.8,1.27,3.73,191.0,233.5,29.8,2.23,,1.96,1.57,4.0,6.0,3.83,372.0,5.1,380.0,2.4,0.27,4.12,44.05,20.0,3.43,19.5,7.1,20.4,115.75,2.2,164.75,16.25,6.78,6.0,2.04,0.7,18.0,20.05,0.2,15.6,14.9,236.0,3.5,,,,106.71,1.2,0.36,17.35,,6.0,,0.45,,2.21,35.15,,,,4.66,20.0,,,,,,,,
2024-04-24,13.25,5.55,45.95,410.0,67.0,5.46,0.98,16.9,28.5,2.24,13.95,38.9,8.68,49.95,156.0,12.0,41.05,1.26,3.96,185.5,233.5,30.0,2.33,,1.91,1.62,4.0,6.0,3.83,372.0,5.14,380.0,2.4,0.27,4.12,44.2,20.0,3.43,19.5,6.68,20.4,117.75,2.0,170.25,16.35,6.5,6.6,2.04,0.66,18.0,20.05,0.19,15.2,14.9,236.0,3.5,,,,107.12,1.25,0.33,17.15,,6.0,,0.45,,2.15,35.0,,,,4.66,20.0,,,,,,,,
2024-04-25,13.3,5.55,46.2,410.0,67.0,5.5,0.99,16.75,28.5,2.2,14.0,38.9,8.72,49.75,152.25,12.0,42.0,1.19,4.17,190.0,233.5,30.0,2.32,,1.92,1.63,4.0,6.0,3.83,372.0,5.26,380.0,2.4,0.27,4.12,44.0,20.0,3.1,19.5,6.66,20.95,117.25,2.14,170.75,16.35,6.8,6.6,2.12,0.68,18.0,19.85,0.19,15.45,14.4,232.0,3.5,,,,107.24,1.29,0.35,17.15,,6.0,,0.45,,2.25,35.0,,,,4.66,20.0,,,,,,,,
2024-04-26,13.35,5.55,46.55,409.75,67.0,5.64,1.0,16.55,27.0,2.28,14.0,38.9,8.84,50.0,155.25,12.0,43.05,1.2,4.1,182.75,233.5,30.15,2.21,,1.94,1.59,4.0,6.0,3.83,372.0,5.26,380.0,2.3,0.27,4.12,44.05,20.0,3.1,19.5,6.66,20.0,117.25,2.02,172.0,16.3,7.0,6.6,2.11,0.66,19.45,18.15,0.19,15.45,14.6,231.25,3.5,,,,107.57,1.29,0.36,17.25,,6.0,,0.45,,2.4,35.0,,,,4.66,20.0,,,,,,,,
2024-04-29,13.5,5.55,47.5,410.0,73.5,5.48,0.92,16.7,27.0,2.27,14.05,38.9,8.88,50.0,156.0,12.0,42.8,1.26,3.89,185.0,233.5,29.95,2.23,,1.94,1.55,4.0,6.0,3.83,372.0,5.66,380.0,2.4,0.27,4.12,43.85,20.0,3.11,19.5,6.66,20.0,122.25,2.21,165.75,16.0,7.0,6.6,2.15,0.6,19.45,18.5,0.19,15.55,14.6,231.25,3.49,,,,106.8,1.17,0.35,17.3,,5.96,,0.45,,2.39,34.9,,,,4.66,20.0,,,,,,,,
2024-04-30,13.75,5.55,47.95,409.75,73.5,5.42,0.96,16.5,27.0,2.28,12.45,36.95,8.98,50.0,159.5,12.0,42.55,1.2,3.87,190.0,233.5,29.95,2.32,,1.93,1.6,4.0,6.0,3.83,372.0,5.66,380.0,2.49,0.27,4.12,44.3,20.0,2.87,19.5,7.16,19.05,125.5,2.21,167.5,15.95,7.0,5.94,2.09,0.65,20.25,18.5,0.2,15.55,15.0,231.25,3.49,,,,106.54,1.16,0.35,18.35,,5.88,,0.45,,2.3,33.9,,,,4.66,20.0,,,,,,,,
2024-05-02,12.3,5.55,48.35,409.25,80.75,5.42,0.99,16.5,26.0,2.27,12.0,36.15,8.86,50.0,147.0,12.0,42.6,1.26,3.8,187.0,228.75,29.3,2.31,,1.93,1.57,4.0,6.0,3.83,372.0,5.3,380.0,2.4,0.27,4.12,42.75,20.0,2.62,19.5,6.66,17.65,121.75,2.22,170.25,16.0,6.74,6.34,2.06,0.6,21.1,18.0,0.18,15.7,13.5,244.75,3.15,,,,104.9,1.14,0.33,18.35,,5.94,,0.45,,2.1,32.4,,,,4.66,20.0,,,,,,,,
2024-05-03,11.95,5.55,48.95,409.5,80.75,5.82,0.91,17.25,25.05,2.15,12.2,38.25,8.46,50.0,152.25,12.0,42.55,1.24,3.74,182.0,228.75,29.5,2.27,,1.91,1.57,4.0,6.0,3.83,372.0,5.46,380.0,2.39,0.27,4.12,39.35,20.0,2.58,19.5,6.9,19.15,118.5,2.2,171.5,15.95,6.3,6.52,2.25,0.6,21.0,16.2,0.17,16.0,13.5,244.75,3.14,,,,104.64,1.18,0.31,18.0,,5.98,,0.45,,2.1,32.4,,,,4.66,20.0,,,,,,,,
2024-05-06,12.15,5.55,48.45,409.0,88.75,5.7,0.93,17.4,24.75,2.17,12.0,38.25,8.6,50.0,152.5,12.0,42.45,1.15,3.8,183.25,228.75,29.95,2.3,,1.9,1.6,4.0,6.0,3.83,372.0,5.34,380.0,2.39,0.27,4.12,38.1,20.0,2.75,19.5,6.58,20.45,122.5,2.18,174.0,15.75,6.24,5.92,2.24,0.6,21.05,15.8,0.18,15.7,14.2,244.75,3.1,,,,104.37,1.16,0.33,18.15,,5.9,,0.45,,2.3,34.5,,,,4.66,20.0,,,,,,,,
2024-05-07,12.3,5.55,48.1,410.0,88.75,5.2,1.0,17.45,23.4,2.15,12.0,38.25,8.52,49.95,151.5,13.0,42.1,1.19,4.08,176.0,230.0,30.1,2.3,,1.9,1.6,4.0,6.0,3.83,372.0,5.28,380.0,2.39,0.27,4.12,37.95,20.0,2.96,19.5,6.38,20.95,124.5,2.11,174.0,15.65,6.14,6.48,2.19,0.58,20.05,15.8,0.18,15.95,13.55,240.0,2.79,,,,103.93,1.16,0.32,17.85,,5.96,,0.45,,2.39,34.0,,,,4.66,20.0,,,,,,,,
2024-05-08,12.25,5.55,48.0,410.25,88.75,5.32,0.99,17.35,23.65,2.13,12.05,38.25,8.86,50.0,158.0,11.75,42.0,1.23,4.38,176.0,220.0,30.05,2.32,,1.96,1.58,4.0,6.0,3.83,372.0,5.5,380.0,2.3,0.27,4.12,38.0,20.0,2.96,19.5,5.94,19.55,125.0,2.18,176.25,15.95,5.7,6.48,2.15,0.55,20.25,15.8,0.18,15.85,13.75,240.0,2.79,,,,105.11,1.14,0.34,17.8,,5.9,,0.45,,2.39,34.5,,,,4.66,20.0,,,,,,,,
2024-05-09,12.35,5.55,48.0,410.0,88.75,5.32,0.95,17.15,23.5,2.14,12.1,37.0,8.78,50.0,157.0,11.75,41.9,1.23,4.38,178.0,220.0,30.05,2.31,,1.95,1.57,4.0,6.0,3.83,372.0,5.36,380.0,2.3,0.27,4.12,38.2,20.05,2.71,19.5,6.48,19.05,125.0,2.11,176.25,16.5,5.7,6.48,2.2,0.56,21.0,15.0,0.19,15.85,13.95,247.0,3.06,,,,106.48,1.13,0.34,17.6,,5.84,,0.45,,2.38,34.5,,,,4.66,20.0,,,,,,,,
2024-05-13,12.3,5.55,47.6,409.75,88.75,5.32,1.0,17.25,23.85,2.1,12.1,37.0,8.8,50.0,157.5,11.75,43.25,1.3,4.39,176.25,220.0,30.05,2.32,,1.99,1.6,4.0,6.0,3.83,372.0,5.5,380.0,2.3,0.27,4.12,38.0,20.0,2.97,19.5,6.0,19.3,125.0,2.1,177.75,17.35,5.7,6.48,2.13,0.56,19.05,14.5,0.19,15.9,13.95,247.0,3.06,,,,109.01,1.18,0.35,17.95,,5.92,,0.45,,2.18,34.5,,,,4.66,20.0,,,,,,,,
2024-05-14,12.4,5.55,47.95,410.25,88.75,5.54,1.0,17.15,23.15,2.25,12.3,33.65,8.74,50.0,150.5,11.75,44.3,1.25,4.37,177.5,220.0,30.1,2.3,,1.97,1.6,4.0,6.0,3.83,372.0,5.5,380.0,2.31,0.27,4.12,37.85,20.0,2.95,19.5,6.46,19.8,125.0,2.14,177.0,17.35,6.26,6.48,2.34,0.58,20.45,15.0,0.19,15.4,13.8,247.0,3.04,,,,108.96,1.18,0.36,17.9,,5.98,,0.45,,2.24,33.65,,,,4.66,20.0,,,,,,,,
2024-05-15,12.65,5.55,47.8,409.5,88.75,5.7,0.98,16.75,23.15,2.27,12.4,33.3,8.56,50.0,153.5,11.75,44.0,1.26,4.4,176.75,229.75,30.35,2.29,,1.98,1.61,4.0,6.0,3.83,372.0,5.5,380.0,2.31,0.27,4.12,37.55,20.0,2.95,19.5,6.72,19.15,125.0,2.25,178.25,17.25,5.94,5.84,2.2,0.58,19.95,15.0,0.19,15.9,14.5,247.0,3.04,,,,108.98,1.2,0.35,17.85,,6.0,,0.45,,2.3,33.25,,,,4.66,20.0,,,,,,,,
2024-05-16,12.9,5.55,48.0,409.25,88.75,5.66,1.0,16.9,23.1,2.22,12.4,33.3,8.5,50.0,151.25,12.9,44.1,1.27,4.16,177.5,229.75,30.8,2.26,,1.92,1.62,4.0,6.0,3.83,372.0,5.5,380.0,2.31,0.27,4.12,37.65,21.8,2.79,19.5,6.96,19.65,125.0,2.25,180.0,17.25,6.26,5.86,2.05,0.57,20.15,15.0,0.19,15.9,13.7,247.0,3.02,,,,109.19,1.2,0.33,18.2,,6.0,,0.45,,2.3,34.0,,,,4.66,20.0,,,,,,,,
2024-05-17,12.95,5.55,48.0,407.5,88.75,5.6,1.0,16.8,24.0,2.25,12.75,36.6,8.68,50.0,154.5,12.9,44.85,1.28,4.33,176.0,236.25,31.85,2.28,,2.0,1.6,4.0,6.0,3.83,396.0,5.5,380.0,2.45,0.27,4.12,38.3,22.0,2.79,19.5,6.32,19.0,124.75,2.15,185.0,17.4,6.26,6.38,2.25,0.55,20.35,13.75,0.19,15.85,14.5,237.5,2.84,,,,110.51,1.2,0.35,18.1,,6.0,,0.45,,2.3,34.0,,,,4.66,20.0,,,,,,,,
2024-05-20,13.0,5.55,48.15,410.0,93.0,5.6,0.99,16.85,23.5,2.26,12.7,36.6,8.62,50.0,160.0,11.65,46.1,1.25,4.1,176.25,230.0,32.05,2.28,,2.0,1.59,4.0,6.0,3.83,396.0,5.58,380.0,2.34,0.27,4.12,38.4,20.15,2.75,19.5,6.32,19.75,113.75,2.11,181.5,17.95,6.26,6.68,2.05,0.54,21.25,13.8,0.19,15.8,14.5,237.5,3.04,,,,112.12,1.2,0.35,18.15,,6.0,,0.45,,2.31,32.75,,,,4.66,20.0,,,,,,,,
2024-05-21,13.25,5.55,47.5,410.25,93.0,5.48,0.93,16.9,23.95,2.24,13.05,36.0,8.8,50.0,158.5,11.65,47.0,1.25,4.41,180.0,230.5,32.2,2.29,,2.0,1.59,4.0,6.0,3.83,396.0,5.8,380.0,2.4,0.27,4.12,39.65,20.0,2.71,19.5,5.96,19.15,112.0,2.11,184.25,18.3,6.26,6.68,2.05,0.56,21.25,13.8,0.2,15.75,14.45,237.5,3.04,,,,113.58,1.2,0.35,18.05,,5.98,,0.45,,2.16,33.7,,,,4.66,20.0,,,,,,,,
2024-05-22,13.45,5.55,48.05,410.5,93.0,5.62,0.99,17.0,23.95,2.26,13.05,36.0,8.8,50.0,159.75,11.65,47.05,1.17,4.45,180.0,230.5,32.2,2.34,,2.01,1.6,4.0,6.0,3.83,420.0,5.6,380.0,2.52,0.27,4.12,39.65,20.0,2.71,19.5,5.96,19.55,109.75,2.29,184.5,18.9,6.26,6.22,2.02,0.56,21.25,14.0,0.18,15.7,14.0,250.0,3.04,,,,115.33,1.2,0.35,18.05,,6.0,,0.45,,2.34,33.5,,,,4.66,20.0,,,,,,,,
2024-05-23,13.5,5.55,48.0,408.75,93.0,5.62,1.0,17.05,23.95,2.27,13.3,36.0,8.64,50.0,158.0,12.5,46.85,1.25,4.39,180.0,230.5,35.05,2.33,,1.98,1.64,4.0,6.0,3.83,420.0,5.6,380.0,2.5,0.27,4.12,40.0,20.25,2.74,19.5,6.54,19.9,108.75,2.29,183.0,18.0,6.48,6.22,2.05,0.57,20.8,13.9,0.18,15.9,14.0,249.75,3.04,,,,113.6,1.2,0.35,18.1,,6.0,,0.45,,2.34,34.0,,,,4.66,20.0,,,,,,,,
2024-05-24,13.5,5.55,48.0,408.25,83.75,5.42,1.01,17.5,23.95,2.22,13.3,36.0,8.5,50.0,157.75,12.5,46.5,1.23,4.17,184.75,230.0,35.15,2.35,,2.0,1.66,4.0,6.0,3.83,420.0,5.6,380.0,2.5,0.27,4.12,41.05,20.25,2.74,19.5,7.08,18.85,108.75,2.32,187.0,17.75,6.48,6.22,2.22,0.57,20.1,13.9,0.19,15.9,14.7,248.0,3.0,,,,113.1,1.09,0.35,18.55,,6.48,,0.45,,2.31,34.0,,,,4.66,20.0,,,,,,,,
2024-05-27,13.15,5.55,41.55,365.5,90.5,5.26,0.98,17.5,23.95,2.25,13.2,36.0,8.7,46.05,158.75,12.4,42.55,1.22,4.18,184.75,240.0,36.1,2.33,,2.0,1.67,4.0,6.0,3.83,420.0,5.5,380.0,2.53,0.27,4.12,40.6,20.0,2.83,19.5,7.1,18.95,109.0,2.35,186.0,17.8,6.48,6.28,2.2,0.56,20.05,14.25,0.19,15.9,14.55,248.0,3.09,,,,111.82,1.09,0.35,18.75,,6.18,,0.45,,2.4,34.0,,,,4.66,20.0,,,,,,,,
2024-05-28,12.8,5.55,42.5,365.0,91.0,5.7,1.04,17.5,23.95,2.25,13.35,33.5,8.78,46.1,158.0,12.4,43.25,1.23,4.46,185.0,240.0,37.95,2.36,,2.17,1.65,4.0,6.0,3.83,420.0,5.5,380.0,2.5,0.27,4.12,41.4,20.2,2.95,19.5,7.0,18.8,110.75,2.33,187.75,18.5,6.18,6.28,2.2,0.56,20.65,13.9,0.2,15.85,14.55,249.5,3.0,,,,114.39,1.19,0.36,18.9,,6.2,,0.45,,2.28,34.5,,,,4.66,20.0,,,,,,,,
2024-05-29,13.65,5.55,41.15,365.25,91.0,5.72,1.03,17.45,23.95,2.27,13.9,33.5,8.86,46.15,154.75,12.4,43.55,1.21,4.44,184.25,240.0,37.6,2.32,,2.08,1.72,4.0,6.0,3.83,420.0,5.38,380.0,2.54,0.27,4.12,41.45,20.2,2.95,19.5,7.1,19.0,111.0,2.3,187.0,18.35,6.5,6.28,2.24,0.55,20.25,13.9,0.2,15.85,14.0,249.5,3.0,,,,114.28,1.27,0.36,19.0,,6.26,,0.45,,2.28,34.4,,,,4.66,20.0,,,,,,,,
2024-05-30,13.45,5.55,43.05,367.0,88.0,5.64,1.03,17.4,23.95,2.25,13.65,35.5,8.78,45.4,154.0,12.4,43.55,1.22,4.3,190.5,252.0,36.3,2.41,,2.44,1.65,4.0,6.0,3.83,420.0,5.38,380.0,2.4,0.27,4.12,41.4,20.6,3.21,19.5,7.1,18.75,110.5,2.17,187.0,18.05,6.5,6.28,2.27,0.54,22.05,14.2,0.2,15.85,13.6,249.5,2.83,,,,113.09,1.23,0.34,19.25,,6.3,,0.45,,2.4,31.7,,,,4.66,20.0,,,,,,,,
2024-05-31,13.75,5.55,41.15,368.75,90.75,5.72,1.01,17.45,23.0,2.24,13.5,35.6,8.72,45.9,158.0,13.5,43.5,1.19,4.39,189.0,250.0,35.55,2.4,,2.39,1.66,4.0,6.0,3.83,420.0,5.8,380.0,2.4,0.27,4.12,42.0,20.0,3.14,19.5,7.1,18.95,110.25,2.32,186.5,17.9,6.62,6.26,2.32,0.52,22.05,14.5,0.22,16.5,14.1,250.5,2.83,,,,112.98,1.27,0.33,20.25,,6.26,,0.45,,2.21,31.7,,,,4.66,20.0,,,,,,,,
2024-06-03,13.7,5.55,43.3,369.25,86.0,5.78,1.0,17.6,23.0,2.28,13.65,35.6,7.92,46.15,155.25,13.5,43.55,1.2,4.5,182.75,234.0,35.3,2.33,,2.4,1.67,4.0,6.0,3.83,420.0,5.78,380.0,2.4,0.27,4.12,42.0,20.0,3.4,19.5,7.1,19.0,110.0,2.4,187.75,18.0,6.62,6.28,2.24,0.57,23.5,14.5,0.22,15.75,14.1,255.0,2.84,,,,112.98,1.28,0.33,20.4,,6.0,,0.45,,2.21,34.0,,,,4.66,20.0,,,,,,,,
2024-06-04,13.75,5.55,41.25,365.75,86.0,5.78,1.01,17.6,23.0,2.3,13.75,35.6,8.66,46.55,151.5,13.5,43.65,1.23,4.38,184.25,230.0,35.85,2.39,,2.41,1.72,4.0,6.0,3.83,420.0,5.42,380.0,2.4,0.27,4.12,43.2,20.0,3.5,19.5,7.1,19.0,113.0,2.33,187.0,18.0,6.68,6.2,2.31,0.57,21.6,14.35,0.21,16.15,14.3,254.5,2.84,,,,113.43,1.28,0.36,20.7,,5.88,,0.45,,2.4,34.0,,,,4.66,20.0,,,,,,,,
2024-06-05,13.75,5.55,42.05,365.0,86.0,5.94,0.98,17.05,23.0,2.3,13.7,35.55,8.9,46.75,147.0,13.5,43.7,1.19,4.41,185.0,230.0,36.05,2.39,,2.5,1.75,4.0,6.0,3.83,420.0,5.68,380.0,2.5,0.27,4.12,42.05,20.0,3.4,19.5,7.78,18.95,113.25,2.25,187.5,18.05,6.84,6.2,2.28,0.53,22.45,14.6,0.19,16.8,14.6,252.25,2.84,,,,113.54,1.3,0.36,22.0,,5.86,,0.45,,2.22,33.95,,,,4.66,20.0,,,,,,,,
2024-06-06,13.95,5.55,42.4,363.75,86.0,5.96,1.0,17.35,24.5,2.25,13.7,35.6,8.96,47.1,147.0,13.5,43.7,1.12,4.43,186.5,231.0,36.7,2.4,,2.51,1.77,4.0,6.0,3.83,420.0,5.8,380.0,2.34,0.27,4.12,41.3,20.0,3.25,19.5,7.78,19.0,115.0,2.37,187.25,18.35,6.84,6.3,2.28,0.48,22.55,14.8,0.2,16.2,14.8,252.25,2.84,,,,114.61,1.17,0.33,22.25,,5.82,,0.45,,2.4,36.0,,,,4.66,20.0,,,,,,,,
2024-06-07,13.75,5.55,42.0,364.75,86.0,5.96,1.01,17.5,24.3,2.21,13.8,35.45,8.7,47.3,146.25,14.5,43.7,1.17,4.52,184.5,231.0,36.45,2.37,,2.61,1.79,4.0,6.0,3.83,420.0,5.8,380.0,2.34,0.27,4.12,41.9,20.0,3.19,19.5,7.64,19.0,119.0,2.33,189.0,18.35,6.78,5.84,2.21,0.45,22.5,14.9,0.21,16.1,14.8,260.0,2.84,,,,114.6,1.12,0.33,21.5,,6.02,,0.45,,2.4,36.1,,,,4.66,20.0,,,,,,,,
2024-06-10,13.85,5.55,41.65,362.5,89.0,6.06,0.96,17.75,23.8,2.17,13.55,35.5,8.4,47.05,146.0,14.5,43.45,1.17,4.45,184.5,251.25,36.1,2.39,,2.66,1.79,4.0,6.0,3.83,420.0,5.42,380.0,2.34,0.27,4.12,42.0,20.0,2.94,19.5,7.5,19.0,115.0,2.16,190.0,18.1,6.48,6.0,2.25,0.45,22.95,14.85,0.21,16.8,14.75,278.0,3.04,,,,113.63,1.14,0.32,20.45,,6.08,,0.45,,2.29,35.8,,,,4.66,20.0,,,,,,,,
2024-06-11,13.85,5.55,41.55,360.0,89.0,6.0,0.97,17.6,25.0,2.18,13.65,35.5,8.54,46.55,141.5,13.55,43.5,1.2,4.41,184.0,250.75,35.95,2.39,,2.68,1.78,4.0,6.0,3.83,420.0,5.62,380.0,2.34,0.27,4.12,41.45,20.1,2.95,19.5,7.1,19.0,115.0,2.24,191.75,18.05,6.6,6.0,2.26,0.48,23.45,13.75,0.21,16.1,14.75,279.0,3.04,,,,113.18,1.22,0.32,20.6,,6.14,,0.45,,2.29,35.55,,,,4.66,20.0,,,,,,,,
2024-06-12,13.85,5.55,41.6,360.0,89.0,6.0,0.95,17.05,25.0,2.2,13.65,35.5,8.94,46.3,142.0,13.55,43.75,1.31,4.48,184.0,250.75,35.45,2.41,,2.8,1.79,4.0,6.0,3.83,420.0,5.52,380.0,2.34,0.27,4.12,40.6,20.0,2.7,19.5,7.12,18.7,115.0,2.22,193.5,18.1,6.9,6.0,2.26,0.5,23.25,14.0,0.22,16.15,14.5,269.0,2.83,,,,113.29,1.23,0.34,20.7,,6.22,,0.45,,2.29,35.55,,,,4.66,20.0,,,,,,,,
2024-06-13,13.85,5.55,42.05,360.0,89.0,5.84,0.9,17.65,22.85,2.11,13.5,35.5,8.9,46.1,142.25,12.85,43.7,1.32,4.27,182.0,254.25,35.55,2.39,,2.8,1.75,4.0,6.0,3.83,420.0,5.54,380.0,2.34,0.27,4.12,41.95,18.0,2.7,19.5,6.7,18.55,116.75,2.18,196.0,18.1,6.9,6.0,2.26,0.49,23.5,14.0,0.21,16.85,13.7,273.75,2.83,,,,113.45,1.21,0.36,20.55,,5.96,,0.45,,2.19,35.55,,,,4.66,20.0,,,,,,,,
2024-06-14,13.9,5.55,41.85,359.75,89.0,6.0,0.98,17.5,22.85,2.18,13.4,35.5,8.64,46.1,142.25,12.85,43.9,1.43,4.23,180.0,253.5,35.45,2.38,,2.8,1.74,4.0,6.0,3.83,380.0,5.88,380.0,2.46,0.27,4.12,40.8,18.0,2.7,19.5,6.44,18.75,117.25,2.19,197.75,18.2,6.44,6.0,2.29,0.49,23.2,14.0,0.22,16.9,13.1,272.0,2.97,,,,113.66,1.13,0.34,20.6,,6.18,,0.45,,2.39,36.0,,,,4.66,20.0,,,,,,,,
2024-06-18,13.95,5.55,41.7,355.25,86.0,5.98,0.97,17.8,21.3,2.19,13.05,35.35,8.54,46.4,143.5,12.85,43.65,1.51,4.04,179.25,251.25,34.55,2.41,,2.8,1.73,4.0,6.0,3.83,353.5,5.32,380.0,2.46,0.27,4.12,40.6,17.95,2.7,19.5,5.94,18.6,116.0,2.19,196.75,18.3,6.16,6.0,2.21,0.46,23.5,14.0,0.2,16.5,13.1,266.0,2.97,,,,113.2,1.17,0.32,20.55,,5.98,,0.45,,2.39,34.2,,,,4.66,20.0,,,,,,,,
2024-06-19,14.0,5.55,41.65,354.75,86.0,5.74,0.96,17.95,21.35,2.2,13.1,35.4,8.78,46.0,140.25,12.85,43.5,1.52,3.93,179.25,253.75,34.05,2.41,,2.76,1.73,4.0,6.0,3.83,353.5,5.84,380.0,2.46,0.27,4.12,41.0,18.4,2.7,19.5,5.94,19.0,115.25,2.21,196.25,18.5,6.22,6.0,2.26,0.43,23.75,14.0,0.2,16.05,13.1,270.5,3.25,,,,113.49,1.17,0.32,20.5,,6.0,,0.45,,2.43,34.2,,,,4.66,20.0,,,,,,,,
2024-06-20,14.05,5.55,42.0,354.5,86.0,5.7,0.96,18.0,20.7,2.18,13.05,35.4,8.76,46.0,152.75,12.85,43.5,1.53,3.95,180.0,259.0,34.15,2.4,,2.79,1.71,4.0,6.0,3.83,353.5,5.84,380.0,2.31,0.27,4.12,41.15,18.5,2.7,19.5,5.94,18.85,113.75,2.16,195.75,18.7,6.22,6.0,2.14,0.41,23.7,14.0,0.2,16.05,13.65,272.0,3.25,,,,114.51,1.17,0.32,21.4,,6.06,,0.45,,2.19,31.0,,,,4.66,20.0,,,,,,,,
2024-06-21,13.95,5.55,42.8,354.5,89.0,6.0,0.99,17.9,20.0,2.18,13.0,35.4,8.6,46.3,142.75,12.85,43.4,1.44,4.12,180.0,269.0,34.15,2.41,,2.83,1.73,4.0,6.0,3.83,367.5,5.82,380.0,2.1,0.27,4.12,40.9,17.25,2.71,19.5,5.74,18.9,113.75,2.13,193.75,18.15,6.52,6.0,2.22,0.38,23.45,14.0,0.21,16.5,13.65,277.25,2.97,,,,112.75,1.17,0.34,21.45,,6.0,,0.45,,2.19,34.0,,,,4.66,20.0,,,,,,,,
2024-06-24,13.8,5.55,42.35,354.25,89.0,5.46,0.93,17.9,18.85,2.16,12.8,35.3,8.52,46.1,152.75,12.85,43.25,1.48,4.0,181.25,276.25,32.85,2.4,,2.87,1.68,4.0,6.0,3.83,367.5,5.4,380.0,2.31,0.27,4.12,40.8,17.95,2.71,19.5,5.32,19.0,114.0,2.09,194.75,18.1,6.88,6.02,2.11,0.4,23.55,14.8,0.22,16.65,13.25,279.5,2.93,,,,112.76,1.25,0.34,21.6,,6.04,,0.45,,2.19,36.0,,,,4.66,20.0,,,,,,,,
2024-06-25,13.85,5.55,42.35,355.0,89.0,5.5,0.98,17.9,20.7,2.21,12.8,35.3,8.74,46.45,145.25,12.85,43.05,1.37,3.93,180.0,270.25,30.85,2.4,,2.83,1.65,4.0,6.0,3.83,367.5,5.4,380.0,2.3,0.27,4.12,41.0,16.8,2.71,19.5,5.52,18.85,112.25,2.07,193.0,18.05,6.2,6.02,2.04,0.4,23.5,15.0,0.21,16.55,13.15,289.0,2.93,,,,111.76,1.26,0.36,21.65,,6.14,,0.45,,2.22,36.0,,,,4.66,20.0,,,,,,,,
2024-06-26,14.0,5.55,42.65,354.0,94.0,5.46,1.0,17.15,20.7,2.16,12.75,35.3,8.64,46.15,144.75,13.1,43.0,1.3,4.03,177.5,270.25,31.75,2.39,,1.43,1.64,4.0,6.0,3.83,355.25,5.34,380.0,2.3,0.27,4.12,40.8,16.5,2.96,19.5,5.02,18.75,114.75,2.15,193.0,17.85,6.48,6.1,2.08,0.43,23.5,14.0,0.2,15.3,12.55,288.75,2.93,,,,111.0,1.29,0.35,21.6,,6.18,,0.45,,2.19,36.0,,,,4.66,20.0,,,,,,,,
2024-06-27,14.0,5.55,42.4,353.5,94.0,5.64,0.98,17.05,20.7,2.08,12.65,35.3,8.72,46.35,142.0,13.1,42.65,1.27,4.01,170.0,270.25,31.3,2.39,,1.4,1.62,4.0,6.0,3.83,355.25,5.3,380.0,2.27,0.27,4.12,40.9,16.7,2.98,19.5,5.02,18.95,115.0,2.12,191.25,17.2,6.8,6.0,2.08,0.43,22.5,14.0,0.19,16.4,12.55,288.75,3.22,,,,109.02,1.18,0.33,21.6,,5.86,,0.45,,2.19,36.0,,,,4.66,20.0,,,,,,,,
2024-06-28,14.0,5.55,41.8,353.75,89.0,6.04,0.92,17.9,22.55,2.13,12.7,35.3,8.72,46.5,146.75,13.0,42.25,1.22,4.03,179.0,260.25,31.25,2.39,,1.42,1.66,4.0,6.0,3.83,355.25,5.3,380.0,2.09,0.27,4.12,41.1,16.9,2.98,19.5,4.99,18.95,114.25,2.2,194.0,17.3,6.8,5.94,2.05,0.41,21.5,14.0,0.18,15.45,12.55,271.0,3.22,,,,109.49,1.28,0.32,21.55,,5.86,,0.45,,2.19,36.0,,,,4.66,20.0,,,,,,,,
2024-07-01,14.05,5.55,43.45,354.75,89.0,5.72,0.9,17.7,22.55,2.25,12.8,35.15,8.68,46.45,142.0,13.0,42.25,1.25,4.0,174.25,261.5,31.35,2.38,,1.4,1.66,4.0,6.0,3.83,355.25,5.3,380.0,2.09,0.27,4.12,41.2,16.7,2.7,19.5,4.55,18.95,114.5,2.07,193.5,17.45,6.8,6.2,1.94,0.4,19.6,14.0,0.19,15.3,12.4,265.0,3.22,,,,109.49,1.18,0.31,21.6,,5.82,,0.45,,2.27,35.5,,,,4.66,20.0,,,,,,,,
2024-07-02,14.05,5.55,42.8,354.75,89.0,5.62,0.96,17.55,22.55,2.2,12.8,35.15,8.74,46.5,142.25,13.3,41.65,1.33,4.03,174.5,265.0,31.5,2.38,,1.39,1.7,4.0,6.0,3.83,355.25,5.3,380.0,2.06,0.27,4.12,41.2,16.95,2.69,19.5,4.91,18.9,113.25,2.07,194.0,17.4,6.8,6.28,2.13,0.44,19.65,14.0,0.19,15.05,13.05,265.0,3.19,,,,109.25,1.25,0.33,21.65,,5.8,,0.45,,2.28,34.0,,,,4.66,20.0,,,,,,,,
2024-07-03,14.0,5.55,43.0,354.75,89.75,5.82,0.96,17.55,22.55,2.18,12.8,35.15,8.7,46.4,141.25,13.3,41.75,1.29,4.0,174.5,265.0,31.7,2.38,,1.4,1.74,4.0,6.0,3.83,355.25,5.32,380.0,2.02,0.27,4.12,40.55,16.75,2.7,19.5,5.14,18.9,113.0,2.05,192.75,17.35,6.8,6.2,2.18,0.44,20.0,14.0,0.19,14.85,13.0,265.0,3.2,,,,109.0,1.25,0.31,21.6,,5.8,,0.45,,2.28,33.5,,,,4.66,20.0,,,,,,,,
2024-07-04,14.0,5.55,43.4,354.5,89.75,6.38,0.91,17.55,20.5,2.22,12.6,35.15,8.7,46.2,141.25,13.3,41.8,1.25,4.1,170.0,265.0,31.6,2.37,,1.4,1.79,4.0,6.0,3.83,355.5,5.32,380.0,2.17,0.27,4.12,40.9,18.15,2.7,19.5,5.14,18.9,113.5,2.09,193.25,17.2,6.8,5.66,2.2,0.42,20.0,14.0,0.19,14.8,13.0,269.75,3.2,,,,108.68,1.2,0.32,21.65,,5.8,,0.45,,2.28,33.5,,,,4.66,20.0,,,,,,,,
2024-07-05,14.05,5.55,44.6,354.25,85.0,5.98,0.95,17.55,22.0,2.15,12.65,35.15,8.98,46.35,143.25,13.3,42.0,1.25,4.13,168.0,260.0,32.0,2.37,,1.4,1.76,4.0,6.0,3.83,355.5,5.32,380.0,2.34,0.27,4.12,41.1,18.15,2.69,19.5,4.86,18.9,113.0,2.2,193.75,17.3,6.76,5.66,2.01,0.39,21.5,14.0,0.18,14.5,13.05,269.75,3.2,,,,109.02,1.19,0.31,21.65,,5.78,,0.45,,2.28,31.0,,,,4.66,20.0,,,,,,,,
2024-07-08,14.3,5.55,45.9,353.25,85.0,5.92,0.93,17.4,22.0,2.14,12.6,34.0,8.8,46.05,144.75,13.3,43.35,1.26,4.08,170.0,255.0,33.45,2.37,,1.4,1.8,4.0,6.0,3.83,355.25,5.32,380.0,2.3,0.27,4.12,41.15,18.2,2.68,19.5,4.64,18.95,114.5,2.08,194.0,17.3,6.76,5.68,2.18,0.37,21.45,13.15,0.19,14.5,13.05,265.0,3.2,,,,109.96,1.21,0.34,21.55,,5.74,,0.45,,2.1,34.0,,,,4.66,20.0,,,,,,,,
2024-07-09,14.05,5.55,45.65,354.0,89.0,5.68,0.91,17.55,22.0,2.2,12.7,34.0,8.7,46.0,142.25,12.5,43.95,1.3,4.18,170.0,255.0,33.9,2.4,,1.4,1.82,4.0,6.0,3.83,355.25,5.1,380.0,2.3,0.27,4.12,41.1,18.1,2.7,19.5,4.64,19.0,113.75,2.16,193.0,17.3,6.74,6.2,2.09,0.38,20.1,13.2,0.2,14.75,13.05,265.0,3.2,,,,109.98,1.2,0.35,21.55,,5.76,,0.45,,2.12,34.0,,,,4.66,20.0,,,,,,,,
2024-07-10,14.05,5.55,45.0,354.0,91.0,5.76,0.92,17.45,21.95,2.22,13.5,34.0,8.8,46.35,142.25,12.0,43.85,1.26,4.08,170.0,255.0,35.6,2.4,,1.39,1.7,4.0,6.0,3.83,355.25,5.2,380.0,2.3,0.27,4.12,41.15,17.1,2.9,19.5,4.46,19.0,113.5,2.15,193.5,17.1,6.74,6.2,2.07,0.4,19.8,13.3,0.2,14.5,13.05,250.0,2.98,,,,110.05,1.2,0.32,21.65,,5.76,,0.45,,2.12,34.0,,,,4.66,20.0,,,,,,,,
2024-07-11,14.05,5.55,57.75,353.5,91.0,5.7,0.95,17.8,21.5,2.18,13.0,34.0,8.7,46.4,142.75,12.0,43.4,1.17,4.09,172.25,250.0,34.9,2.41,,1.39,1.74,4.0,6.0,3.83,355.25,5.6,380.0,2.3,0.27,4.12,41.2,17.1,2.95,19.5,4.46,18.9,114.0,2.06,194.5,17.05,6.74,5.9,2.22,0.36,20.0,14.0,0.18,14.5,13.05,250.0,2.88,,,,109.68,1.18,0.32,21.65,,5.96,,0.45,,2.12,30.9,,,,4.66,20.0,,,,,,,,
2024-07-12,13.9,5.55,61.5,354.25,90.0,5.68,0.94,17.8,20.0,2.23,12.95,34.0,8.94,46.45,150.0,13.0,43.3,1.2,4.1,176.25,265.0,34.15,2.45,,1.38,1.8,4.0,6.0,3.83,355.25,5.86,380.0,2.32,0.27,4.12,41.2,17.25,3.0,19.5,4.46,18.95,115.0,2.06,194.5,17.05,6.76,5.9,2.22,0.37,21.15,12.65,0.19,15.3,13.05,250.0,2.88,,,,110.03,1.1,0.31,21.7,,6.12,,0.45,,2.12,30.15,,,,4.66,20.0,,,,,,,,
2024-07-15,14.1,5.55,60.25,353.5,94.5,5.52,0.91,17.85,20.0,2.22,13.0,35.7,8.9,46.45,152.25,12.0,43.2,1.2,4.13,170.0,250.0,34.65,2.5,,1.38,1.84,4.0,6.0,3.83,355.25,5.86,380.0,2.49,0.27,4.12,41.35,17.25,2.9,19.5,4.46,18.95,113.75,2.11,194.75,17.0,6.76,6.0,2.22,0.36,20.05,13.9,0.19,15.4,12.5,250.0,2.88,,,,110.13,1.2,0.33,21.65,,5.94,,0.45,,2.12,30.15,,,,4.66,20.0,,,,,,,,
2024-07-16,14.0,5.55,61.75,354.0,94.5,5.5,0.9,17.55,20.0,2.24,13.05,35.7,9.0,46.35,155.0,12.0,42.8,1.18,4.11,170.0,250.0,34.2,2.5,,1.36,1.85,4.0,6.0,3.83,355.25,5.7,380.0,2.49,0.27,4.12,41.0,18.0,2.77,19.5,4.46,18.9,115.0,2.06,194.5,17.0,6.76,6.0,2.06,0.36,20.05,13.9,0.18,15.2,12.5,246.75,2.88,,,,110.23,1.2,0.32,21.6,,6.16,,0.45,,2.16,33.15,,,,4.66,20.0,,,,,,,,
2024-07-17,14.15,5.55,61.25,354.0,94.75,5.74,0.89,17.75,20.0,2.21,13.1,34.95,8.94,46.1,159.75,12.0,42.55,1.2,4.25,170.25,260.75,34.45,2.47,,1.36,1.88,4.0,6.0,3.83,355.25,5.64,380.0,2.49,0.27,4.12,41.0,17.05,2.77,19.5,4.76,18.9,117.0,2.1,193.25,16.75,6.76,5.8,2.26,0.37,20.05,14.0,0.19,15.4,12.5,245.0,3.07,,,,109.95,1.2,0.32,21.65,,6.2,,0.45,,2.16,33.15,,,,4.66,20.0,,,,,,,,
2024-07-18,14.05,5.55,61.0,361.25,94.75,5.52,0.96,17.65,20.5,2.2,13.1,35.7,8.82,46.1,155.0,12.0,42.75,1.23,4.47,170.5,260.75,34.3,2.47,,1.34,1.9,4.0,6.0,3.83,355.25,5.6,380.0,2.4,0.27,4.12,40.9,17.0,2.91,19.5,5.2,18.5,116.0,2.1,193.75,16.45,6.76,5.8,2.24,0.37,20.85,14.0,0.18,15.35,13.75,249.0,3.07,,,,108.74,1.1,0.32,21.55,,5.96,,0.45,,2.15,30.3,,,,4.66,20.0,,,,,,,,
2024-07-19,14.0,5.55,61.0,359.5,95.0,5.5,0.97,17.5,22.0,2.19,12.95,35.7,9.02,46.45,155.0,12.0,42.6,1.24,4.55,169.75,275.0,34.0,2.48,,1.34,1.96,4.0,6.0,3.83,355.25,5.6,380.0,2.36,0.27,4.12,40.85,16.9,2.91,19.5,5.36,18.7,116.0,2.14,192.75,16.4,6.76,6.18,2.24,0.36,21.5,14.2,0.19,15.4,13.75,250.0,3.0,,,,108.61,1.14,0.35,21.5,,6.02,,0.45,,2.15,33.15,,,,4.66,20.0,,,,,,,,
2024-07-22,14.0,5.55,61.0,360.0,88.0,5.78,0.92,17.45,22.0,2.19,12.9,35.7,9.08,46.35,155.0,12.0,42.5,1.23,4.79,170.0,275.0,33.45,2.4,,1.34,1.95,4.0,6.0,3.83,360.0,5.6,380.0,2.3,0.27,4.12,40.8,16.8,2.8,19.5,5.7,18.0,115.25,2.14,193.0,16.2,6.76,6.18,2.14,0.35,21.05,14.2,0.18,15.2,12.45,249.5,3.3,,,,107.73,1.14,0.33,21.05,,6.14,,0.45,,2.28,30.9,,,,4.66,20.0,,,,,,,,
2024-07-23,14.0,5.55,60.0,360.0,88.0,5.54,0.94,17.3,20.0,2.19,12.75,35.7,9.06,46.35,157.75,12.0,42.0,1.24,4.74,168.0,260.0,32.8,2.37,,1.34,1.95,4.0,6.0,3.83,360.0,5.6,380.0,2.3,0.27,4.12,40.85,16.9,3.0,19.5,6.22,18.35,116.0,2.19,191.0,16.15,6.6,6.18,2.07,0.37,21.05,14.2,0.18,15.15,11.45,249.5,3.3,,,,107.42,1.18,0.33,21.05,,6.12,,0.45,,2.26,33.0,,,,4.66,20.0,,,,,,,,
2024-07-24,14.05,5.55,61.0,359.75,88.0,5.7,0.93,17.15,22.0,2.15,12.8,35.7,8.98,46.45,152.75,13.15,41.5,1.17,4.54,168.75,275.0,32.75,2.36,,1.33,1.95,4.0,6.0,3.83,360.0,5.74,379.75,2.3,0.27,4.12,40.7,18.0,3.0,19.5,6.38,18.6,115.75,2.18,190.0,15.95,6.6,5.74,2.19,0.35,20.85,14.1,0.19,15.25,12.55,263.75,3.4,,,,106.59,1.13,0.33,20.95,,5.84,,0.45,,2.2,33.05,,,,4.66,20.0,,,,,,,,
2024-07-25,14.05,5.55,61.0,359.5,95.0,5.86,0.91,17.0,21.0,2.05,12.8,35.7,8.98,46.45,155.25,13.15,41.45,1.2,4.78,166.0,260.0,32.1,2.38,,1.33,1.95,4.0,6.0,3.83,360.0,5.86,379.75,2.49,0.27,4.12,40.9,18.0,3.01,19.5,6.8,18.6,114.25,2.19,190.5,15.55,6.0,5.74,2.2,0.34,20.9,14.0,0.19,15.95,13.15,250.5,3.53,,,,105.57,1.16,0.35,20.5,,5.94,,0.45,,2.2,33.15,,,,4.66,20.0,,,,,,,,
2024-07-26,14.05,5.55,61.25,359.5,95.0,5.74,0.9,17.0,21.0,2.09,12.9,35.7,9.02,46.45,152.75,13.15,41.3,1.17,4.58,164.0,270.0,31.8,2.37,,1.32,1.95,4.0,6.0,3.83,360.0,5.8,379.75,2.49,0.27,4.12,40.9,17.1,3.0,19.5,7.3,18.6,115.5,2.23,190.25,15.1,6.6,6.06,2.23,0.35,20.2,14.0,0.19,16.0,13.5,263.0,3.6,,,,104.22,1.19,0.32,20.65,,5.94,,0.45,,2.2,32.45,,,,4.66,20.0,,,,,,,,
2024-07-29,14.0,5.55,62.0,357.0,95.0,5.82,0.95,17.0,21.0,2.16,12.8,35.7,9.02,46.25,151.0,13.15,40.85,1.12,4.3,162.0,270.0,31.7,2.38,,1.32,1.95,4.0,6.0,3.83,360.0,5.84,379.75,2.49,0.27,4.12,40.8,17.45,3.0,19.5,7.3,18.7,117.5,2.25,190.0,15.3,6.6,6.26,2.3,0.36,20.2,13.85,0.19,16.85,12.7,263.0,3.6,,,,104.62,1.15,0.32,20.75,,5.78,,0.45,,2.34,32.45,,,,4.66,20.0,,,,,,,,
2024-07-30,14.0,5.55,62.5,358.5,95.0,5.68,0.94,16.8,20.35,2.18,12.85,35.7,9.04,46.05,157.0,13.15,40.45,1.1,4.3,165.0,269.25,31.2,2.37,,1.31,1.95,4.0,6.0,3.83,360.0,5.78,379.75,2.49,0.27,4.12,40.55,17.05,3.0,19.5,7.3,18.7,118.0,2.21,189.5,16.0,6.6,6.38,2.14,0.36,19.15,12.95,0.19,16.1,12.7,263.0,3.6,,,,106.38,1.09,0.32,20.65,,5.78,,0.45,,2.34,32.3,,,,4.66,20.0,,,,,,,,
2024-07-31,14.05,5.55,62.0,355.0,90.0,5.52,0.91,17.0,19.5,2.17,12.7,35.7,8.9,46.3,158.0,13.15,40.5,1.2,4.29,165.0,264.0,30.5,2.36,,1.32,1.94,4.0,6.0,3.83,360.0,5.44,379.75,2.49,0.27,4.12,40.0,17.05,2.81,19.5,7.36,17.7,116.0,2.26,188.25,15.9,6.6,6.4,2.09,0.36,17.3,11.75,0.19,16.2,13.5,243.0,3.6,,,,105.73,1.02,0.33,20.65,,6.0,,0.45,,2.34,32.3,,,,4.66,20.0,,,,,,,,
2024-08-01,14.05,5.55,63.0,355.5,95.0,5.52,0.91,17.0,20.6,2.14,12.85,35.0,8.88,45.95,156.25,13.15,40.45,1.11,4.57,165.0,256.75,30.6,2.36,,1.32,1.91,4.0,6.0,3.83,360.0,4.93,379.75,2.3,0.27,4.12,39.85,16.65,2.82,19.5,7.2,18.45,117.5,2.26,188.5,15.35,6.6,6.4,2.09,0.36,17.4,12.5,0.18,16.0,13.55,240.0,3.8,,,,104.18,1.07,0.33,20.7,,5.9,,0.45,,2.12,30.25,,,,4.66,20.0,,,,,,,,
2024-08-02,14.0,5.55,62.5,349.0,92.75,5.68,0.95,17.0,20.35,2.14,12.85,35.0,8.94,46.0,155.25,11.85,40.45,1.12,4.24,160.0,250.0,30.8,2.35,,1.32,1.93,4.0,6.0,3.83,370.0,5.0,365.0,2.3,0.27,4.12,39.05,17.1,2.82,19.5,7.42,18.4,116.5,2.1,189.75,15.05,5.94,6.4,2.1,0.34,17.4,13.75,0.18,16.0,13.55,240.0,3.6,,,,103.26,1.14,0.33,20.65,,5.94,,0.45,,2.2,30.25,,,,4.66,20.0,,,,,,,,
2024-08-05,14.05,5.55,62.5,331.75,94.0,5.82,0.95,16.95,22.35,2.06,12.7,34.65,8.52,45.5,152.0,13.0,39.9,1.08,4.07,160.75,250.0,30.45,2.36,,1.31,1.96,4.0,6.0,3.83,370.0,5.0,365.0,2.3,0.27,4.12,38.8,16.05,2.82,19.5,6.84,18.5,116.5,2.07,187.5,14.4,5.94,6.38,2.1,0.34,18.4,13.75,0.19,16.0,13.55,244.25,3.6,,,,101.15,1.06,0.32,20.6,,5.82,,0.45,,2.24,33.0,,,,4.66,20.0,,,,,,,,
2024-08-06,14.1,5.55,62.0,332.5,94.0,5.64,0.91,17.5,22.35,2.02,12.7,35.1,8.38,44.65,152.0,13.3,40.0,1.1,4.11,160.0,225.0,30.0,2.26,,1.3,1.94,4.0,6.0,3.83,370.0,4.81,365.0,2.3,0.27,4.12,38.55,16.0,2.73,19.5,6.84,17.15,117.0,2.02,187.5,14.85,5.92,6.12,2.05,0.36,18.9,12.55,0.19,16.5,12.55,250.0,3.6,,,,102.15,1.03,0.29,20.2,,5.6,,0.45,,2.29,34.0,,,,4.66,20.0,,,,,,,,
2024-08-07,14.1,5.55,63.5,339.0,95.0,5.7,0.91,17.5,22.25,2.0,12.65,35.1,8.8,43.25,151.5,13.3,38.5,1.1,4.12,160.0,225.0,29.5,2.26,,1.29,1.91,4.0,6.0,3.83,370.0,4.81,365.0,2.31,0.27,4.12,39.5,15.9,2.61,19.5,7.36,17.15,117.5,1.92,189.5,14.7,5.92,6.12,2.24,0.34,19.65,13.8,0.18,16.0,13.55,233.25,3.6,,,,101.4,1.02,0.3,19.95,,5.5,,0.45,,2.24,33.7,,,,4.66,20.0,,,,,,,,
2024-08-08,14.05,5.55,62.0,335.25,95.0,5.52,0.98,17.45,22.25,1.99,12.5,35.1,8.52,44.1,153.0,14.0,38.5,1.18,4.14,153.75,225.0,29.8,2.28,,1.28,1.92,4.0,6.0,3.83,370.0,4.87,365.0,2.31,0.27,4.12,39.0,15.9,2.61,19.5,6.64,17.15,116.25,2.09,191.0,14.75,5.38,5.62,2.31,0.35,19.65,14.85,0.18,15.85,13.55,234.0,3.6,,,,101.4,1.07,0.3,19.7,,5.64,,0.45,,2.18,33.7,,,,4.66,20.0,,,,,,,,
2024-08-09,14.0,5.55,62.25,341.25,93.5,5.5,0.96,17.1,22.25,2.01,12.65,35.1,8.78,45.0,152.0,14.0,39.95,1.17,4.13,152.5,225.0,30.0,2.29,,1.27,1.91,4.0,6.0,3.83,380.0,4.87,365.0,2.31,0.27,4.12,39.45,15.45,2.61,19.5,7.3,17.15,117.0,2.03,188.5,14.8,5.38,5.62,2.27,0.34,20.0,15.0,0.19,15.9,13.55,225.0,3.6,,,,102.06,1.1,0.31,20.35,,5.96,,0.45,,2.18,33.7,,,,4.66,20.0,,,,,,,,
2024-08-12,13.95,5.55,62.25,345.25,93.5,5.7,0.96,17.1,22.25,2.04,12.55,35.1,8.74,45.05,151.75,14.0,39.95,1.2,4.15,153.0,225.0,30.0,2.3,,1.2,1.9,4.0,6.0,3.83,370.0,5.06,365.0,2.08,0.27,4.12,39.0,15.2,2.82,19.5,7.2,17.85,115.75,2.0,190.75,14.8,5.38,5.62,2.28,0.36,20.0,13.5,0.18,15.55,13.5,225.0,3.6,,,,101.95,1.13,0.31,20.3,,5.9,,0.45,,2.05,33.7,,,,4.66,20.0,,,,,,,,
2024-08-13,13.9,5.55,62.5,346.25,93.5,5.58,0.9,17.0,22.25,2.08,12.55,35.1,8.38,45.0,153.0,14.0,40.0,1.2,4.22,152.25,225.0,29.95,2.31,,1.27,1.9,4.0,6.0,3.83,380.0,5.26,365.0,2.08,0.27,4.12,38.95,14.85,2.8,19.5,7.5,17.85,116.0,2.02,189.25,14.65,5.34,6.18,2.1,0.34,20.0,13.5,0.18,15.85,13.45,225.0,3.6,,,,101.64,1.15,0.31,20.55,,5.98,,0.45,,1.99,33.6,,,,4.66,20.0,,,,,,,,
2024-08-14,13.85,5.55,62.5,355.25,93.5,5.6,0.9,17.0,22.25,2.14,12.7,35.1,8.58,45.0,152.5,12.9,40.1,1.09,4.35,153.0,225.0,29.9,2.3,,1.2,1.91,4.0,6.0,3.83,380.0,5.28,365.0,2.08,0.27,4.12,39.0,14.85,2.8,19.5,7.5,17.0,119.0,2.05,188.75,14.6,5.86,6.1,2.28,0.32,21.15,13.5,0.18,15.95,12.7,245.0,3.5,,,,101.67,1.13,0.3,20.5,,5.84,,0.45,,2.15,32.9,,,,4.66,20.0,,,,,,,,
2024-08-15,14.0,5.55,62.75,341.0,93.5,5.6,0.91,17.0,22.25,2.1,12.8,35.1,8.64,45.5,153.0,12.9,40.5,1.15,4.55,153.0,225.0,29.35,2.3,,1.23,1.93,4.0,6.0,3.83,380.0,5.26,365.0,2.1,0.27,4.12,39.0,14.7,2.8,19.5,6.76,17.0,116.0,2.1,189.75,14.75,5.86,6.1,2.28,0.32,20.0,13.2,0.19,16.2,12.7,233.75,3.5,,,,102.01,1.13,0.31,20.4,,5.98,,0.45,,2.0,32.8,,,,4.66,20.0,,,,,,,,
2024-08-16,14.05,5.55,63.0,347.75,93.5,5.64,0.93,17.0,22.25,2.15,12.8,34.0,8.5,45.6,151.0,12.9,40.0,1.13,4.44,164.0,224.0,29.85,2.33,,1.26,1.92,4.0,6.0,3.83,380.0,5.34,365.0,2.16,0.27,4.12,39.0,14.75,2.83,19.5,6.76,18.2,116.75,2.1,189.5,14.85,5.86,6.1,2.28,0.32,20.05,13.5,0.19,16.0,12.7,233.75,3.5,,,,102.47,1.14,0.31,20.6,,5.98,,0.45,,2.0,35.5,,,,4.66,20.0,,,,,,,,
2024-08-19,14.1,5.55,63.0,347.5,84.25,5.64,0.93,17.0,22.25,2.1,12.9,34.0,8.6,45.5,146.75,12.9,40.45,1.07,4.07,162.25,224.0,29.4,2.35,,1.26,1.94,4.0,6.0,3.83,380.0,5.3,365.0,2.31,0.27,4.12,39.05,14.65,2.83,19.5,6.76,18.0,116.5,2.1,189.75,14.95,6.14,6.1,2.31,0.33,20.3,13.25,0.19,15.35,13.5,233.75,3.6,,,,102.37,1.05,0.3,20.65,,5.92,,0.45,,2.18,33.0,,,,4.66,20.0,,,,,,,,
2024-08-20,14.1,5.55,63.0,347.5,84.25,5.64,0.95,17.0,22.25,2.08,13.0,34.0,8.4,45.5,152.5,12.9,40.5,1.07,4.03,162.25,224.0,29.85,2.36,,1.24,1.93,4.0,6.0,3.83,380.0,5.0,365.0,2.31,0.27,4.12,39.0,14.75,2.9,19.5,6.8,17.05,117.0,2.12,190.25,15.0,6.14,6.1,2.31,0.35,20.9,13.25,0.18,16.5,12.15,231.5,3.55,,,,103.03,1.01,0.3,20.6,,5.92,,0.45,,2.2,33.0,,,,4.66,20.0,,,,,,,,
2024-08-21,14.15,5.55,63.25,345.0,84.25,5.68,0.92,17.0,22.25,2.04,13.0,33.1,8.5,45.5,152.5,12.9,40.75,1.06,3.88,152.75,224.0,29.9,2.35,,1.2,1.93,4.0,6.0,3.83,380.0,5.1,365.0,2.31,0.27,4.12,39.0,14.7,2.9,19.5,6.8,16.8,120.0,2.1,195.0,15.0,6.46,6.0,2.31,0.35,20.9,13.25,0.18,16.05,12.15,233.25,3.55,,,,104.64,1.04,0.3,34.25,,5.9,,0.45,,2.2,33.0,,,,4.66,20.0,,,,,,,,
2024-08-22,14.15,5.55,63.5,352.25,84.25,5.64,0.94,16.85,22.25,2.07,13.1,33.0,8.34,45.35,148.5,12.9,40.35,1.07,3.97,159.0,224.0,32.25,2.39,,1.21,1.96,4.0,6.0,3.83,380.0,5.3,365.0,2.48,0.27,4.12,41.1,14.85,2.9,19.5,7.4,17.55,124.25,2.1,199.25,15.05,6.46,6.0,2.4,0.37,21.0,13.25,0.18,16.05,12.65,220.25,3.5,,,,105.13,1.04,0.31,30.85,,5.56,,0.45,,2.01,32.8,,,,4.66,20.0,,,,,,,,
2024-08-23,14.2,5.55,64.0,350.0,84.25,5.74,0.95,17.0,22.25,2.1,13.15,32.0,8.14,45.5,143.25,12.9,40.5,1.09,4.49,153.0,224.0,31.95,2.38,,1.2,2.12,4.0,6.0,3.83,380.0,5.6,365.0,2.48,0.27,4.12,42.0,15.0,2.9,19.5,7.3,17.8,123.25,2.1,209.25,15.0,6.46,6.0,2.23,0.37,20.75,13.25,0.18,16.45,13.5,208.0,3.5,,,,104.93,1.04,0.31,27.8,,5.74,,0.45,,1.92,32.8,,,,4.66,20.0,,,,,,,,
2024-08-26,14.5,5.55,64.25,341.75,76.0,5.64,0.91,16.9,22.25,2.0,13.35,30.95,8.62,45.6,153.0,12.9,40.5,1.09,4.45,159.75,224.0,31.65,2.41,,1.1,2.3,4.0,6.0,3.83,380.0,5.3,365.0,2.48,0.27,4.12,42.05,14.8,2.65,19.5,7.02,17.1,123.0,2.07,205.5,14.9,6.4,6.02,2.23,0.36,20.05,12.3,0.18,16.3,13.15,215.0,3.5,,,,104.66,1.02,0.3,25.05,,5.98,,0.45,,1.97,32.6,,,,4.66,20.0,,,,,,,,
2024-08-27,14.5,5.55,64.5,344.0,76.0,5.74,0.9,16.85,21.0,1.98,13.45,33.0,8.6,45.55,152.75,11.65,40.5,1.09,4.1,159.75,224.0,31.5,2.58,,1.17,2.49,4.0,6.0,3.83,380.0,5.3,365.0,2.31,0.27,4.12,42.05,15.0,2.9,19.5,7.36,16.85,123.0,1.9,203.25,14.8,6.4,5.52,2.24,0.35,19.95,13.3,0.18,16.4,12.25,215.0,3.2,,,,104.21,1.04,0.3,22.6,,5.98,,0.45,,2.01,32.2,,,,4.66,20.0,,,,,,,,
2024-08-28,14.45,5.55,65.75,344.25,76.0,5.66,0.83,16.85,21.0,2.0,13.6,33.0,8.62,45.5,152.75,11.65,40.75,1.07,4.29,150.0,224.0,31.2,2.5,,1.19,2.37,4.0,6.0,3.83,399.0,5.32,365.0,2.31,0.27,4.12,42.45,15.0,3.0,19.5,7.56,17.0,122.0,2.04,201.25,14.55,6.4,5.98,2.12,0.32,21.3,14.6,0.18,16.4,13.1,215.0,3.4,,,,103.42,1.01,0.31,20.95,,5.96,,0.45,,1.98,32.55,,,,4.66,20.0,,,,,,,,
2024-08-29,14.3,5.55,70.0,349.5,76.0,5.68,0.83,16.9,21.0,1.98,13.4,33.0,8.6,45.05,152.0,11.65,40.7,1.0,4.29,152.5,220.0,31.35,2.49,,1.14,2.21,4.0,6.0,3.83,399.0,5.42,365.0,2.33,0.27,4.12,42.55,14.5,2.73,19.5,7.56,17.3,120.75,2.1,202.25,14.5,6.4,6.18,2.12,0.33,21.75,14.4,0.18,16.25,13.0,222.0,3.55,,,,103.34,0.97,0.34,22.0,,5.6,,0.45,,1.85,32.55,,,,4.66,20.0,,,,,,,,
2024-08-30,14.3,5.55,77.5,354.0,76.0,5.52,0.87,17.0,21.0,2.01,13.55,32.0,8.18,45.25,151.75,11.65,41.05,1.02,4.01,150.25,224.5,31.75,2.55,,1.14,2.03,4.0,6.0,3.83,399.0,5.3,365.0,2.31,0.27,4.12,43.05,14.55,2.7,19.5,7.82,17.75,119.75,1.96,202.25,14.5,6.4,6.5,2.31,0.33,21.0,13.45,0.18,16.25,13.15,217.25,3.55,,,,103.67,1.02,0.35,22.05,,5.64,,0.45,,1.99,31.6,,,,4.66,20.0,,,,,,,,
2024-09-02,14.4,5.55,77.25,350.0,76.0,5.6,0.82,18.4,21.0,2.09,13.55,32.0,8.56,45.05,151.5,11.65,41.25,1.09,3.96,152.0,224.0,32.3,2.54,,1.11,2.17,4.0,6.0,3.83,399.0,5.32,365.0,2.3,0.27,4.12,44.2,14.3,2.7,19.5,7.82,17.8,116.75,1.99,204.0,14.7,6.4,6.7,2.22,0.35,20.5,13.45,0.18,16.25,13.5,218.0,3.55,,,,104.5,0.97,0.37,22.0,,5.44,,0.45,,2.11,31.6,,,,4.66,20.0,,,,,,,,
2024-09-03,14.3,5.55,77.75,347.75,76.0,5.4,0.88,19.6,21.0,2.1,13.65,32.0,8.5,44.8,152.0,11.65,42.15,1.01,3.96,153.0,225.0,33.3,2.53,,1.13,2.38,4.0,6.0,3.83,400.0,5.32,365.0,2.27,0.27,4.12,44.2,14.35,2.66,19.5,7.82,17.25,121.5,2.08,205.25,14.7,6.4,6.62,2.22,0.35,20.9,12.2,0.18,16.3,13.5,218.0,3.53,,,,105.1,1.0,0.35,21.95,,5.64,,0.45,,2.12,31.6,,,,4.66,20.0,,,,,,,,
2024-09-04,14.15,5.55,78.0,345.0,76.0,5.5,0.87,20.5,21.0,2.15,13.35,32.0,8.44,45.45,152.5,11.65,43.0,1.1,3.81,155.0,224.0,33.1,2.5,,1.12,2.53,4.0,6.0,3.83,400.0,5.5,365.0,2.27,0.27,4.12,44.5,14.35,2.8,19.5,8.5,17.15,116.5,1.94,209.0,14.7,6.2,6.62,2.22,0.33,20.15,13.4,0.18,16.5,13.5,218.0,3.53,,,,105.2,1.02,0.32,21.9,,5.64,,0.45,,2.26,31.6,,,,4.66,20.0,,,,,,,,
2024-09-05,14.15,5.55,78.25,342.0,76.0,5.52,0.88,22.3,21.0,2.14,13.25,32.0,8.06,45.5,152.75,12.8,42.75,1.19,3.98,155.0,224.0,33.8,2.5,,1.13,2.44,4.0,6.0,3.83,407.5,5.58,365.0,2.3,0.27,4.12,43.1,14.35,2.8,19.5,8.5,17.6,119.5,2.09,210.25,14.9,5.6,6.62,2.4,0.35,20.3,12.5,0.18,16.45,13.2,219.25,3.53,,,,105.73,1.0,0.32,22.1,,5.56,,0.45,,2.21,31.0,,,,4.66,20.0,,,,,,,,
2024-09-06,14.05,5.55,79.0,345.5,79.0,5.76,0.9,24.05,21.0,2.03,13.1,29.9,8.02,45.5,151.25,12.8,43.15,1.18,3.76,155.0,224.0,33.7,2.42,,1.1,2.59,4.0,6.0,3.83,407.5,5.6,365.0,2.3,0.27,4.12,43.7,14.35,2.8,19.5,9.34,17.5,121.25,2.0,210.0,14.8,6.16,6.1,2.4,0.34,20.05,13.4,0.18,16.05,13.25,218.75,3.5,,,,105.58,1.02,0.3,22.0,,5.38,,0.45,,2.29,32.8,,,,4.66,20.0,,,,,,,,
2024-09-09,14.15,5.55,78.5,344.5,78.0,5.76,0.83,24.1,21.0,2.01,13.25,30.0,8.0,45.5,145.75,12.8,43.35,1.13,3.97,155.0,223.25,34.95,2.49,,1.11,2.7,4.0,6.0,3.83,420.0,5.58,365.0,2.3,0.27,4.12,44.45,14.55,2.8,19.5,9.34,17.55,119.0,1.96,209.5,14.85,6.16,6.4,2.4,0.33,19.7,12.25,0.18,16.25,12.4,220.0,3.5,,,,105.84,1.09,0.3,22.0,,5.72,,0.45,,2.29,31.9,,,,4.66,20.0,,,,,,,,
2024-09-10,14.2,5.55,78.5,345.0,78.0,5.54,0.86,22.2,21.0,2.01,13.3,30.0,8.3,45.2,148.25,12.8,43.5,1.11,4.03,155.0,223.25,34.85,2.5,,1.09,2.72,4.0,6.0,3.83,420.0,5.24,365.0,2.3,0.27,4.12,44.5,15.55,2.8,19.5,10.1,17.5,117.0,2.01,210.75,15.15,5.76,6.66,2.3,0.34,20.7,13.4,0.18,15.25,12.4,220.0,3.53,,,,106.67,1.1,0.3,22.05,,5.72,,0.45,,2.09,32.5,,,,4.66,20.0,,,,,,,,
2024-09-11,14.2,5.55,78.75,349.25,79.0,5.7,0.9,21.7,20.85,2.01,13.35,30.2,8.28,45.35,148.5,12.8,43.55,1.12,4.11,155.0,224.0,34.5,2.5,,1.07,2.67,4.0,6.0,3.83,420.0,5.5,365.0,2.3,0.27,4.12,43.95,15.3,2.8,19.5,10.1,17.5,116.0,2.01,211.75,15.3,5.56,6.04,2.3,0.32,18.7,13.4,0.19,16.15,13.5,220.0,3.53,,,,107.07,1.07,0.31,21.9,,5.56,,0.45,,2.21,32.5,,,,4.66,20.0,,,,,,,,
2024-09-12,14.1,5.55,79.0,350.0,79.0,5.7,0.88,21.55,20.55,2.0,13.25,30.0,8.5,45.5,150.5,12.8,43.2,1.13,4.24,155.5,224.0,33.9,2.5,,1.08,2.63,4.0,6.0,3.83,420.0,5.4,365.0,2.3,0.27,4.12,40.55,15.85,2.85,19.5,11.1,16.85,115.5,2.08,211.0,15.0,5.6,6.0,2.32,0.34,18.85,13.4,0.18,16.35,13.5,220.0,3.53,,,,105.79,1.08,0.31,21.95,,5.76,,0.45,,2.0,32.8,,,,4.66,20.0,,,,,,,,
2024-09-13,14.15,5.55,79.75,350.0,79.0,5.68,0.86,21.65,19.0,2.05,13.1,30.0,8.44,45.6,152.0,12.8,43.2,1.06,4.12,155.0,224.0,32.4,2.49,,1.05,2.66,4.0,6.0,3.83,381.25,5.56,365.0,2.3,0.27,4.12,40.25,15.5,2.87,19.5,12.2,16.85,120.0,1.99,211.0,15.3,5.6,6.6,2.4,0.36,19.5,13.4,0.17,16.0,13.15,220.0,3.53,,,,106.31,1.1,0.31,22.15,,5.78,,0.45,,1.86,32.8,,,,4.66,20.0,,,,,,,,
2024-09-16,14.2,5.55,82.0,349.75,79.0,5.68,0.86,21.85,19.0,2.04,13.2,30.0,8.58,46.05,157.0,12.8,43.25,1.09,4.1,155.0,246.25,32.9,2.5,,1.07,2.74,4.0,6.0,3.83,381.25,5.2,365.0,2.3,0.27,4.12,40.2,16.3,2.87,19.5,13.35,17.2,119.75,2.02,211.75,15.45,5.6,6.58,2.28,0.33,20.0,13.4,0.17,16.0,13.5,220.0,3.53,,,,107.3,1.09,0.32,22.7,,5.66,,0.45,,1.93,32.8,,,,4.66,20.0,,,,,,,,
2024-09-17,14.25,5.55,81.25,349.75,79.0,5.54,0.89,22.9,20.75,2.07,13.05,30.0,8.5,47.0,149.5,12.95,43.0,1.04,4.0,158.75,246.25,32.8,2.52,,1.04,2.98,4.0,6.0,3.83,381.25,5.5,365.0,2.3,0.27,4.12,40.75,15.9,2.7,19.5,14.2,17.2,117.0,2.1,212.0,15.3,5.6,6.58,2.47,0.34,21.25,13.4,0.17,16.35,13.5,219.25,3.53,,,,106.56,1.0,0.32,23.5,,5.52,,0.45,,1.91,32.15,,,,4.66,20.0,,,,,,,,
2024-09-18,14.2,5.55,80.25,349.75,79.0,5.64,0.9,23.05,20.7,2.09,13.2,29.8,8.8,46.9,159.75,12.95,43.0,1.04,4.28,158.75,246.25,33.0,2.71,,1.1,3.27,4.0,6.0,3.83,400.0,5.5,365.0,2.3,0.27,4.12,41.0,14.75,2.7,19.5,15.6,16.95,116.5,2.26,211.5,15.25,5.6,6.58,2.36,0.36,21.0,13.45,0.18,16.4,13.5,219.75,3.53,,,,107.27,0.95,0.31,23.75,,5.6,,0.45,,2.1,32.5,,,,4.66,20.0,,,,,,,,
2024-09-19,14.3,5.55,80.0,347.0,86.0,5.58,0.89,22.65,19.75,2.05,13.25,30.0,8.84,47.65,154.25,12.7,43.25,1.12,4.45,160.0,246.0,33.35,2.94,,1.2,3.56,4.0,6.0,3.83,400.0,5.6,365.0,2.3,0.27,4.12,41.0,15.15,2.7,19.8,17.15,17.7,117.25,2.37,207.0,15.2,6.14,6.2,2.35,0.35,21.0,12.45,0.19,16.95,13.55,219.25,3.53,,,,107.09,1.0,0.34,22.9,,5.64,,0.45,,1.91,32.5,,,,4.66,20.0,,,,,,,,
2024-09-20,14.3,5.55,80.5,347.0,86.0,5.8,0.9,22.75,19.75,2.09,13.25,30.0,8.92,46.7,153.75,12.7,42.0,1.02,4.38,160.0,246.0,33.85,3.11,,1.29,3.77,4.0,6.0,3.83,381.0,5.6,365.0,2.5,0.27,4.12,41.0,15.0,2.75,19.0,18.35,17.1,116.0,2.38,203.75,15.0,6.16,6.1,2.42,0.34,21.0,12.65,0.18,16.55,14.75,219.0,3.53,,,,106.44,1.04,0.34,23.55,,5.66,,0.45,,2.1,32.5,,,,4.66,20.0,,,,,,,,
2024-09-23,14.25,5.55,62.5,347.75,79.0,5.64,0.91,22.3,19.15,2.06,13.15,30.0,9.02,47.95,156.25,11.45,42.0,1.02,4.44,163.0,246.0,33.75,3.24,,1.33,3.62,4.0,6.0,3.83,381.0,5.6,365.0,2.5,0.27,4.12,41.9,15.05,2.74,19.0,19.9,17.5,116.0,2.38,205.25,15.0,6.2,6.56,2.35,0.37,19.7,13.5,0.18,16.6,15.6,219.0,3.5,,,,106.35,1.04,0.35,23.9,,5.7,,0.45,,1.95,33.5,,,,4.66,20.0,,,,,,,,
2024-09-24,14.2,5.55,58.25,346.0,79.0,5.78,0.93,22.65,21.0,2.09,13.1,30.0,8.96,49.25,156.75,11.5,42.15,1.02,4.38,166.0,243.0,34.85,3.15,,1.29,3.45,4.0,6.0,3.83,381.0,5.46,365.0,2.37,0.27,4.12,41.3,16.05,2.85,19.0,21.85,17.5,120.75,2.18,209.25,15.0,6.6,6.02,2.54,0.4,19.7,13.5,0.19,16.5,16.9,216.75,3.5,,,,106.65,1.07,0.33,23.85,,5.76,,0.45,,1.95,33.5,,,,4.66,20.0,,,,,,,,
2024-09-25,14.15,5.55,58.5,349.75,79.0,5.94,0.91,22.85,21.0,2.06,13.15,30.0,9.02,49.1,160.0,11.5,43.7,1.01,4.33,172.5,243.0,35.3,3.01,,1.28,3.47,4.0,6.0,3.83,400.5,5.5,365.0,2.45,0.27,4.12,41.55,16.1,2.91,19.0,24.0,17.5,121.0,2.34,204.75,15.1,6.22,6.56,2.51,0.44,19.95,12.35,0.18,16.35,16.9,218.25,3.5,,,,107.49,1.04,0.32,23.7,,5.84,,0.45,,1.91,33.5,,,,4.66,20.0,,,,,,,,
2024-09-26,14.15,5.55,57.25,349.5,79.0,6.0,0.97,22.1,23.1,2.1,13.3,30.25,9.0,49.5,154.5,11.5,43.5,1.08,4.33,172.0,244.5,35.15,3.01,,1.29,3.44,4.0,6.0,3.83,400.5,5.36,365.0,2.6,0.27,4.12,42.15,15.2,2.91,19.0,26.4,17.0,122.25,2.3,203.5,15.05,5.6,6.54,2.56,0.45,20.4,12.85,0.18,16.25,16.95,218.0,3.5,,,,107.11,1.12,0.31,23.6,,5.9,,0.45,,1.97,33.5,,,,4.66,20.0,,,,,,,,
2024-09-27,14.1,5.55,58.5,343.75,79.0,6.0,0.97,22.2,25.0,2.09,13.25,30.2,9.02,49.25,156.0,12.65,43.45,1.17,4.29,172.0,244.5,35.0,3.0,,1.29,3.5,4.0,6.0,3.83,400.5,5.36,365.0,2.6,0.27,4.12,42.6,16.15,2.93,20.9,28.8,16.85,118.5,2.28,206.25,15.05,5.6,6.54,2.36,0.46,21.55,12.85,0.17,16.3,16.95,218.0,3.5,,,,107.16,1.13,0.32,23.6,,5.76,,0.45,,1.93,33.5,,,,4.66,20.0,,,,,,,,
2024-09-30,14.05,5.55,58.75,343.5,79.0,5.96,0.98,22.75,25.5,2.04,13.35,30.2,9.48,49.2,154.75,12.65,43.85,1.08,4.24,160.25,228.5,34.7,3.0,,1.29,3.5,4.0,6.0,3.83,400.0,5.36,365.0,2.45,0.27,4.12,42.7,15.45,2.85,22.95,31.65,16.75,117.25,2.2,210.0,15.0,5.6,6.34,2.59,0.42,21.8,14.1,0.18,16.4,16.3,218.0,3.5,,,,107.08,1.14,0.31,23.5,,6.08,,0.45,,2.04,33.5,,,,4.66,20.0,,,,,,,,
2024-10-01,14.05,5.55,59.0,346.25,79.0,6.0,0.98,22.3,23.0,2.09,13.5,29.95,9.66,49.25,151.5,11.6,44.3,1.05,4.13,161.0,228.5,34.65,2.98,,1.27,3.54,4.0,6.0,3.83,439.75,5.76,365.0,2.6,0.27,4.12,43.45,14.9,2.93,25.0,34.8,17.0,118.5,2.2,210.5,15.0,5.6,6.58,2.59,0.4,21.6,14.7,0.18,16.5,16.5,218.0,3.5,,,,107.31,1.04,0.34,23.55,,6.18,,0.45,,2.04,33.5,,,,4.66,20.0,,,,,,,,
2024-10-02,14.0,5.55,59.0,347.0,79.0,6.12,0.99,22.6,21.65,2.1,13.65,29.95,9.9,49.1,155.0,11.45,44.35,1.13,4.11,161.25,228.5,35.05,3.0,,1.27,3.5,4.0,6.0,3.83,439.75,5.46,365.0,2.35,0.27,4.12,43.65,15.05,2.95,27.5,38.25,16.8,118.0,2.27,209.75,15.0,6.0,6.02,2.41,0.42,21.5,14.7,0.18,16.65,16.5,218.0,3.5,,,,107.68,1.1,0.34,23.5,,6.06,,0.45,,2.2,33.5,,,,4.66,20.0,,,,,,,,
2024-10-03,14.05,5.55,58.5,346.0,79.75,6.02,0.98,22.1,20.9,2.07,13.65,29.95,9.9,49.0,164.5,11.6,44.4,1.02,4.07,163.75,228.5,35.25,3.01,,1.2,3.25,4.0,6.0,3.83,439.75,5.84,365.0,2.48,0.27,4.12,44.0,15.0,2.95,30.15,42.05,16.9,119.0,2.35,208.0,15.0,6.34,6.2,2.4,0.41,20.55,13.95,0.17,16.5,16.5,217.25,3.5,,,,108.14,1.0,0.33,23.4,,6.08,,0.45,,2.06,33.5,,,,4.66,20.0,,,,,,,,
2024-10-04,14.15,5.55,58.25,349.5,79.75,6.02,0.99,22.2,21.0,2.07,13.7,29.95,9.9,49.5,164.25,11.6,44.5,1.04,4.03,163.0,228.5,35.2,2.99,,1.2,3.01,4.0,6.0,3.83,439.75,5.5,365.0,2.45,0.27,4.12,44.15,14.7,2.96,33.15,46.25,17.0,118.5,2.33,211.25,15.0,6.04,6.56,2.55,0.41,21.2,15.0,0.18,16.5,16.5,217.0,3.49,,,,108.31,1.05,0.35,23.45,,5.92,,0.45,,2.19,33.5,,,,4.66,20.0,,,,,,,,
2024-10-07,14.1,5.55,58.25,350.0,79.0,5.9,0.96,22.7,20.85,2.13,13.7,29.5,9.8,50.0,162.75,10.8,44.8,1.11,4.01,164.25,228.5,35.3,2.99,,1.18,3.05,4.0,6.0,3.83,439.75,5.5,365.0,2.36,0.27,4.12,44.0,14.6,3.1,36.45,50.75,17.0,119.0,2.36,212.0,14.95,5.52,6.46,2.55,0.4,19.25,15.0,0.18,16.4,16.5,217.75,3.49,,,,108.2,1.1,0.35,23.55,,5.94,,0.45,,2.2,33.5,,,,4.66,20.0,,,,,,,,
2024-10-08,14.15,5.55,57.75,349.25,79.0,5.98,0.99,22.75,19.2,2.1,13.65,30.0,9.8,49.65,173.75,10.8,45.45,1.17,3.99,164.75,228.5,35.45,2.99,,1.18,3.19,4.0,6.0,3.83,439.75,5.5,365.0,2.43,0.27,4.12,42.2,15.85,3.1,40.05,50.5,17.7,119.75,2.31,214.0,14.9,5.6,6.46,2.57,0.4,20.05,14.5,0.18,16.5,16.45,218.0,3.15,,,,108.81,1.06,0.34,23.55,,5.64,,0.45,,2.12,35.0,,,,4.66,20.0,,,,,,,,
2024-10-09,14.1,5.55,57.75,349.75,79.0,5.88,1.04,22.8,19.0,2.13,13.6,31.15,9.84,50.0,162.0,10.8,45.7,1.19,4.08,164.75,228.5,36.25,3.05,,1.23,3.47,4.0,6.0,3.83,439.75,6.0,365.0,2.4,0.27,4.12,44.0,15.9,3.15,40.05,50.5,16.75,117.5,2.3,214.25,15.0,6.0,6.02,2.35,0.4,20.1,14.65,0.18,16.15,16.4,218.0,3.15,,,,108.91,1.09,0.34,24.0,,5.84,,0.45,,2.19,35.0,,,,4.66,20.0,,,,,,,,
2024-10-11,14.2,5.55,58.25,349.5,79.0,5.78,1.06,22.25,19.0,2.12,13.6,32.0,9.92,50.75,160.25,10.8,47.3,1.19,4.16,163.0,236.25,36.65,3.01,,1.2,3.6,4.0,6.0,3.83,439.75,6.0,365.0,2.5,0.27,4.12,43.95,14.9,3.15,44.05,45.45,16.55,120.5,2.45,215.25,15.3,5.5,6.02,2.5,0.4,21.15,14.5,0.19,16.1,16.4,212.75,3.15,,,,110.13,1.02,0.33,24.0,,5.5,,0.45,,2.1,35.0,,,,4.66,20.0,,,,,,,,
2024-10-14,14.2,5.55,59.0,349.5,79.0,5.98,1.08,22.1,20.6,2.14,13.6,32.0,9.84,50.5,168.5,10.8,46.35,1.16,4.22,168.5,245.0,36.5,3.19,,1.18,3.55,4.0,6.0,3.83,439.75,6.0,365.0,2.36,0.27,4.12,44.25,15.05,3.15,48.45,40.95,16.7,122.0,2.39,219.5,15.5,5.5,6.48,2.57,0.41,21.0,13.3,0.19,16.1,16.45,210.0,3.15,,,,111.27,1.05,0.3,25.65,,5.82,,0.45,,2.19,35.0,,,,4.66,20.0,,,,,,,,
2024-10-15,14.25,5.55,58.75,349.25,79.0,5.72,1.07,22.55,22.65,2.16,13.4,29.5,9.76,50.0,162.5,10.8,46.7,1.16,4.23,171.0,245.0,36.5,3.1,,1.22,3.5,4.0,6.0,3.83,439.75,6.56,365.0,2.48,0.27,4.12,44.0,15.0,3.15,53.25,36.9,16.35,122.0,2.39,222.5,15.35,6.0,6.02,2.74,0.41,20.1,13.2,0.18,16.05,16.45,210.0,3.15,,,,110.49,1.06,0.32,25.05,,6.0,,0.45,,2.19,35.0,,,,4.66,20.0,,,,,,,,
2024-10-16,14.45,5.55,58.75,347.25,79.0,5.82,1.07,22.45,22.3,2.19,13.6,31.5,9.16,50.0,163.0,10.8,48.3,1.16,4.19,169.75,245.0,36.8,3.1,,1.21,3.38,4.0,6.0,3.83,439.5,6.1,365.0,2.48,0.27,4.12,43.8,15.1,3.15,58.0,33.25,16.85,122.5,2.49,223.0,15.55,5.54,6.48,2.48,0.39,20.4,13.25,0.19,16.5,16.5,212.25,3.15,,,,112.08,1.06,0.34,29.4,,5.94,,0.45,,2.13,35.0,,,,4.66,20.0,,,,,,,,
2024-10-17,14.55,5.55,59.0,348.25,79.0,5.78,1.09,22.85,22.3,2.16,13.7,30.2,9.38,51.0,174.75,10.8,49.2,1.07,4.28,169.25,245.0,38.25,3.1,,1.16,3.45,4.0,6.0,3.83,439.5,6.62,365.0,2.5,0.27,4.12,44.05,15.85,3.15,63.75,29.95,17.0,122.75,2.32,228.75,15.55,6.0,6.48,2.7,0.4,20.25,14.5,0.18,15.1,14.85,212.5,3.4,,,,113.29,1.05,0.33,29.1,,6.08,,0.45,,2.19,34.85,,,,4.66,20.0,,,,,,,,
2024-10-18,14.9,5.55,58.75,349.0,79.0,5.78,1.09,22.65,22.6,2.16,13.9,32.0,9.56,51.0,186.0,10.8,47.4,1.05,4.42,168.0,245.0,39.05,3.12,,1.24,3.49,4.0,6.0,3.83,439.5,6.62,365.0,2.5,0.27,4.12,44.15,15.5,3.14,70.0,27.0,16.9,122.75,2.19,228.75,15.85,6.18,6.48,2.5,0.41,20.7,14.45,0.19,16.05,15.35,217.0,3.49,,,,114.52,0.96,0.32,27.45,,5.88,,0.45,,2.0,34.85,,,,4.66,20.0,,,,,,,,
2024-10-22,14.75,5.55,59.25,347.75,79.0,5.62,1.02,22.8,21.0,2.19,13.75,32.0,9.54,52.0,199.75,10.8,46.9,1.03,4.5,165.5,246.0,39.05,3.19,,1.2,3.5,4.0,6.0,3.83,439.5,6.88,365.0,2.28,0.27,4.12,43.3,14.95,3.15,75.25,24.3,16.5,123.0,2.4,226.75,15.85,5.82,6.48,2.5,0.41,21.05,13.15,0.18,16.45,14.9,217.0,3.46,,,,114.65,1.05,0.31,25.95,,5.68,,0.45,,2.0,33.85,,,,4.66,20.0,,,,,,,,
2024-10-23,14.95,5.55,60.0,349.0,79.0,5.5,0.99,22.9,23.0,2.18,13.75,30.0,9.54,52.5,197.0,11.0,46.3,1.02,4.46,162.25,246.0,37.95,3.16,,1.2,3.48,4.0,6.0,3.83,396.25,7.54,365.0,2.28,0.27,4.12,43.95,14.75,3.15,71.5,21.9,16.45,124.5,2.25,227.0,16.15,5.82,6.0,2.34,0.42,21.4,14.25,0.18,16.45,14.0,238.5,3.46,,,,115.13,1.07,0.33,26.7,,5.74,,0.45,,2.01,34.0,,,,4.66,20.0,,,,,,,,
2024-10-24,14.85,5.55,64.0,348.75,79.0,5.44,0.97,22.9,23.0,2.19,13.85,31.0,9.58,53.0,180.0,11.0,45.8,1.02,4.39,163.75,246.0,37.55,3.17,,1.19,3.52,4.0,6.0,3.83,397.25,7.2,365.0,2.3,0.27,4.12,43.9,14.7,3.15,71.5,20.5,17.0,125.0,2.38,230.75,16.15,6.0,6.0,2.43,0.41,20.05,14.15,0.19,15.6,15.15,238.5,3.46,,,,114.14,1.1,0.34,26.9,,5.7,,0.45,,2.01,33.0,,,,4.66,20.0,,,,,,,,
2024-10-25,14.95,5.55,69.0,348.5,79.0,5.5,1.03,22.8,21.05,2.09,13.8,30.95,9.68,53.75,177.25,11.9,46.85,1.03,4.52,165.0,246.0,37.55,3.18,,1.17,3.5,4.0,6.0,3.83,397.25,7.72,365.0,2.3,0.27,4.12,44.0,14.5,2.85,75.0,22.0,16.25,124.5,2.45,230.25,16.5,5.9,5.74,2.29,0.41,21.45,13.8,0.18,16.3,15.15,239.25,3.46,,,,115.49,1.08,0.31,27.45,,5.74,,0.45,,2.13,34.0,,,,4.66,20.0,,,,,,,,
2024-10-28,15.2,5.55,68.0,350.0,79.0,5.68,1.04,22.75,21.05,2.09,13.95,32.0,9.82,53.5,175.0,12.0,47.15,1.06,4.18,165.0,246.0,38.6,3.15,,1.18,3.5,4.0,6.0,3.83,397.0,7.92,365.0,2.3,0.27,4.12,44.0,14.7,2.85,75.0,24.2,16.95,125.75,2.45,229.75,16.75,5.7,5.74,2.38,0.41,21.65,13.15,0.18,16.3,15.5,239.25,3.46,,,,116.5,1.08,0.33,27.3,,5.68,,0.45,,2.15,34.1,,,,4.66,20.0,,,,,,,,
2024-10-29,15.55,5.55,67.25,350.0,79.25,5.8,1.0,22.5,21.05,2.08,14.1,32.7,9.74,53.5,176.0,12.0,47.0,1.08,4.22,164.5,246.0,38.95,4.13,,1.17,5.24,4.0,6.0,3.83,397.0,7.76,365.0,2.3,0.27,4.12,44.1,14.7,2.81,75.0,26.6,16.95,127.75,2.6,234.5,17.4,5.96,6.0,2.37,0.41,21.7,13.1,0.19,16.15,15.35,237.5,3.5,,,,119.33,1.08,0.32,28.45,,5.5,,0.45,,2.16,33.9,,,,4.66,20.0,,,,,,,,
2024-10-30,15.1,5.55,67.0,343.0,80.0,5.72,1.05,22.7,21.05,2.17,14.05,34.65,9.64,53.5,176.5,12.0,47.05,1.06,4.18,165.0,246.0,38.3,3.91,,1.13,4.93,4.0,6.0,3.83,397.0,7.36,365.0,2.3,0.27,4.12,44.05,14.35,3.0,70.0,29.25,16.35,128.0,2.55,233.25,17.35,6.0,5.98,2.35,0.38,21.5,13.2,0.2,16.05,15.1,237.5,3.5,,,,118.73,1.08,0.33,28.7,,5.94,,0.45,,2.15,33.9,,,,4.66,20.0,,,,,,,,
2024-10-31,15.3,5.55,65.75,356.75,80.0,5.54,1.05,21.7,23.0,2.2,14.1,34.65,9.6,53.0,183.0,12.0,47.3,1.08,4.41,170.0,246.0,38.5,3.82,,1.1,4.56,4.0,6.0,3.83,433.75,7.5,365.0,2.5,0.27,4.12,44.05,14.1,3.0,70.0,31.9,16.75,129.0,2.51,232.0,16.75,5.5,5.92,2.18,0.37,21.05,12.7,0.19,16.0,15.1,245.0,3.5,,,,117.61,1.05,0.33,28.1,,5.98,,0.45,,2.15,33.1,,,,4.66,20.0,,,,,,,,
2024-11-04,15.1,5.55,64.25,350.0,80.0,5.5,1.01,21.55,21.5,2.19,14.05,34.65,9.62,53.0,183.75,13.05,47.25,1.09,4.35,163.25,269.5,37.55,3.99,,1.12,4.7,4.0,6.0,3.83,433.75,7.82,365.0,2.37,0.27,4.12,43.1,14.1,3.0,70.0,31.45,15.85,129.25,2.69,233.25,16.7,5.3,6.0,2.23,0.37,21.0,12.55,0.2,16.1,15.5,250.0,3.2,,,,116.99,1.08,0.32,28.0,,5.6,,0.45,,2.08,30.7,,,,4.66,20.0,,,,,,,,
2024-11-05,15.1,5.55,64.25,350.25,80.0,5.9,1.09,20.5,21.55,2.23,14.1,32.3,9.66,53.25,184.0,13.2,47.25,1.09,4.0,165.0,269.5,38.4,4.02,,1.1,4.64,4.0,6.0,3.83,433.75,7.68,365.0,2.6,0.27,4.12,43.8,14.35,2.9,70.0,29.8,16.2,130.0,2.68,233.0,16.45,5.4,6.0,2.23,0.39,20.15,13.8,0.2,16.05,16.6,236.25,3.16,,,,116.76,1.0,0.31,28.75,,5.72,,0.45,,2.17,30.7,,,,4.66,20.0,,,,,,,,
2024-11-06,15.15,5.55,62.25,354.25,81.0,5.54,1.09,19.8,21.55,2.23,14.15,32.3,9.62,53.0,184.75,13.2,47.55,1.16,3.91,165.0,269.5,38.5,4.01,,1.1,4.85,4.0,6.0,3.83,433.75,7.56,365.0,2.43,0.27,4.12,43.8,14.45,2.9,70.0,29.1,16.3,130.25,2.69,234.0,16.35,5.4,5.84,2.39,0.41,20.0,14.2,0.2,16.3,16.35,221.0,3.15,,,,116.6,1.07,0.33,28.45,,5.82,,0.45,,2.15,30.7,,,,4.66,20.0,,,,,,,,
2024-11-07,14.95,5.55,66.0,350.25,81.0,5.5,1.1,19.95,21.55,2.23,14.25,31.0,9.6,52.25,189.75,13.2,48.0,1.19,3.88,162.75,269.5,38.45,4.0,,1.08,4.8,4.0,6.0,3.83,434.0,7.84,365.0,2.38,0.27,4.12,43.35,14.85,2.88,70.0,32.0,15.9,134.0,2.8,233.25,15.7,5.88,5.74,2.38,0.4,20.0,14.2,0.2,16.45,17.7,235.0,3.15,,,,115.34,1.07,0.35,28.25,,5.94,,0.45,,2.15,30.7,,,,4.66,20.0,,,,,,,,
2024-11-08,15.05,5.55,65.5,350.0,81.0,5.68,1.08,20.0,21.55,2.29,14.2,30.6,9.62,52.0,192.75,12.0,48.05,1.09,3.84,163.0,248.25,39.0,3.98,,1.14,4.76,4.0,6.0,3.83,434.0,8.0,365.0,2.38,0.27,4.12,43.3,14.75,2.9,70.0,35.2,15.95,134.0,2.63,231.0,15.65,5.96,6.0,2.37,0.41,20.05,13.9,0.21,16.55,17.7,228.5,3.15,,,,115.59,1.05,0.34,28.0,,5.78,,0.45,,2.15,33.25,,,,4.66,20.0,,,,,,,,
2024-11-11,15.15,5.55,66.0,350.0,81.0,5.7,1.1,19.95,21.55,2.27,14.25,31.4,9.62,51.25,193.0,12.05,48.1,1.07,3.99,162.0,224.0,39.15,3.99,,1.1,4.76,4.0,6.0,3.83,434.0,7.72,365.0,2.38,0.27,4.12,43.8,14.45,2.81,70.0,38.35,16.2,132.5,2.48,229.0,15.4,5.94,6.0,2.37,0.41,20.75,14.3,0.2,16.1,16.8,221.75,3.16,,,,115.06,1.05,0.34,28.05,,5.7,,0.45,,2.15,34.8,,,,4.66,20.0,,,,,,,,
2024-11-12,15.15,5.55,65.5,350.0,81.0,5.76,1.1,20.0,21.05,2.29,14.4,31.5,9.6,52.0,193.0,12.05,48.8,1.16,3.94,162.0,223.75,39.35,3.97,,1.1,4.76,4.0,6.0,3.83,434.0,7.98,365.0,2.38,0.27,4.12,43.5,14.15,2.9,70.0,39.15,16.15,134.0,2.26,230.75,15.3,5.94,5.98,2.42,0.41,20.7,13.85,0.2,16.25,17.5,228.0,3.47,,,,115.2,1.07,0.35,28.5,,5.72,,0.45,,2.15,34.8,,,,4.66,20.0,,,,,,,,
2024-11-13,15.3,5.55,67.0,350.5,81.0,5.8,1.1,19.95,21.05,2.25,14.5,31.45,9.58,52.0,193.0,12.05,49.45,1.18,3.97,162.5,223.75,39.4,3.98,,1.1,4.74,4.0,6.0,3.83,440.0,7.98,365.0,2.38,0.27,4.12,43.65,14.4,3.0,70.0,43.05,15.7,134.75,2.22,234.25,15.3,5.92,6.0,2.36,0.42,21.65,13.85,0.19,16.7,16.95,220.0,3.47,,,,115.68,1.0,0.36,28.45,,5.8,,0.45,,2.15,34.8,,,,4.66,20.0,,,,,,,,
2024-11-14,15.55,5.55,66.75,355.0,89.0,5.96,1.11,19.95,22.55,2.26,14.65,31.5,9.56,52.25,181.75,12.05,50.0,1.09,3.67,162.25,223.75,39.55,3.98,,1.1,4.7,4.0,6.0,3.83,440.0,7.96,365.0,2.38,0.27,4.12,43.8,14.2,3.0,70.0,46.9,16.05,135.25,2.22,236.5,15.25,5.9,6.0,2.43,0.41,21.6,14.75,0.19,16.85,16.05,215.0,3.47,,,,115.36,0.95,0.35,28.3,,5.68,,0.45,,2.3,32.95,,,,4.66,20.0,,,,,,,,
2024-11-15,15.45,5.55,65.25,350.75,89.0,5.82,1.1,19.9,23.0,2.21,14.5,31.0,9.58,52.25,185.0,12.05,49.9,1.07,3.78,164.0,223.75,39.1,3.97,,1.1,4.69,4.0,6.0,3.83,397.0,7.9,365.0,2.5,0.27,4.12,43.8,14.25,2.81,70.0,42.75,15.95,135.75,2.22,236.5,15.15,5.4,6.0,2.46,0.4,21.05,14.7,0.2,16.65,16.4,210.75,3.45,,,,115.01,1.03,0.35,28.15,,5.96,,0.45,,2.3,35.5,,,,4.66,20.0,,,,,,,,
2024-11-18,15.45,5.55,65.75,352.25,89.0,5.8,1.1,19.9,22.5,2.24,14.4,31.0,9.6,52.0,184.0,13.0,49.0,1.16,3.82,168.25,211.75,39.35,3.97,,1.1,4.58,4.0,6.0,3.83,397.0,7.9,365.0,2.5,0.27,4.12,44.0,14.3,2.81,70.0,38.7,15.5,135.0,2.35,234.75,15.0,5.34,5.56,2.46,0.42,19.85,14.7,0.2,16.1,16.05,220.75,3.45,,,,114.16,1.03,0.34,28.1,,5.88,,0.45,,2.3,33.9,,,,4.66,20.0,,,,,,,,
2024-11-19,15.55,5.55,66.0,352.75,89.0,5.86,1.03,19.5,23.0,2.2,14.1,31.0,9.58,52.25,181.5,13.0,48.95,1.06,3.96,163.25,211.75,39.25,3.99,,1.12,4.54,4.0,6.0,3.83,397.0,7.34,365.0,2.3,0.27,4.12,44.0,14.2,2.81,70.0,34.85,15.65,132.5,2.22,234.0,14.9,5.28,5.48,2.53,0.41,20.35,14.7,0.2,16.15,14.95,219.0,3.45,,,,113.43,0.99,0.36,28.1,,5.82,,0.45,,2.3,32.0,,,,4.66,20.0,,,,,,,,
2024-11-20,15.4,5.55,66.0,351.0,89.0,5.86,1.1,19.85,23.0,2.11,14.05,31.0,10.05,53.0,180.0,13.0,47.0,1.1,3.97,167.75,226.5,39.15,3.99,,1.12,4.34,4.0,6.0,3.83,397.0,6.88,365.0,2.46,0.27,4.12,44.0,14.95,2.8,70.0,33.3,15.55,127.0,2.23,236.75,14.8,5.22,5.5,2.58,0.4,21.55,14.7,0.19,16.6,14.95,219.5,3.45,,,,112.71,0.98,0.36,28.8,,5.86,,0.45,,2.13,34.0,,,,4.66,20.0,,,,,,,,
2024-11-21,15.4,5.55,64.25,350.5,89.0,5.8,1.08,20.45,23.0,2.0,14.0,32.45,9.82,52.25,180.0,13.25,46.15,1.16,3.96,168.0,226.5,39.3,3.98,,1.11,4.28,4.0,6.0,3.83,397.0,6.88,365.0,2.3,0.27,4.12,44.1,13.55,2.8,70.0,33.3,15.2,127.0,2.22,236.25,14.9,5.34,5.1,2.53,0.41,21.0,14.9,0.18,16.5,14.95,219.5,3.44,,,,112.71,0.93,0.35,28.55,,5.8,,0.45,,2.18,34.0,,,,4.66,20.0,,,,,,,,
2024-11-22,15.35,5.55,63.0,351.0,89.0,5.88,1.0,20.1,21.05,2.18,14.05,32.45,9.66,52.5,180.0,13.25,45.95,1.16,3.9,170.0,226.5,39.05,4.0,,1.11,4.36,4.0,6.0,3.83,397.0,7.08,365.0,2.28,0.27,4.12,44.05,12.9,2.99,70.0,36.6,15.05,127.75,2.24,241.5,14.9,5.12,5.0,2.37,0.4,20.0,14.9,0.19,16.5,15.9,212.25,3.44,,,,112.74,0.98,0.36,29.85,,5.84,,0.45,,2.18,32.7,,,,4.66,20.0,,,,,,,,
2024-11-25,15.3,5.55,65.0,351.25,89.0,5.7,1.02,20.05,21.05,2.2,14.0,32.45,9.64,52.5,180.0,13.25,45.55,1.1,3.92,170.0,231.5,39.2,4.03,,1.15,4.3,4.0,6.0,3.83,397.0,7.7,365.0,2.1,0.27,4.12,40.45,12.25,2.99,70.0,37.35,15.6,127.75,2.05,241.0,14.85,5.18,4.51,2.27,0.42,20.0,13.8,0.19,16.5,15.9,212.25,3.44,,,,112.26,0.91,0.34,30.1,,5.74,,0.45,,2.17,33.9,,,,4.66,20.0,,,,,,,,
2024-11-26,15.1,5.55,64.0,350.75,89.0,6.0,1.05,20.45,21.05,2.19,13.9,32.45,9.68,53.0,179.5,12.0,44.5,1.08,3.93,172.0,231.5,38.1,4.03,,1.15,4.37,4.0,6.0,3.83,397.0,7.7,365.0,2.1,0.27,4.12,43.05,12.2,3.15,70.0,36.6,15.3,127.25,2.15,241.25,14.65,5.06,4.96,2.44,0.41,20.0,13.5,0.19,16.05,15.95,212.25,3.44,,,,111.38,0.89,0.34,30.0,,5.72,,0.45,,2.1,33.8,,,,4.66,20.0,,,,,,,,
2024-11-27,15.3,5.55,64.5,350.0,89.0,5.98,1.09,19.0,21.05,2.11,13.9,32.45,9.72,53.5,175.0,12.0,44.25,1.06,3.96,165.25,230.0,38.35,4.01,,1.12,4.48,4.0,6.0,3.83,397.0,7.1,365.0,2.3,0.27,4.12,43.0,12.0,2.84,70.0,36.0,15.1,133.75,2.06,240.5,14.4,5.12,4.47,2.41,0.4,21.0,14.15,0.2,16.7,16.0,212.25,3.44,,,,110.68,0.91,0.37,29.75,,5.72,,0.45,,2.07,33.85,,,,4.66,20.0,,,,,,,,
2024-11-28,15.45,5.55,64.0,349.5,89.0,5.84,1.1,18.5,21.05,2.07,13.85,32.45,9.78,53.75,174.0,12.0,44.35,1.1,3.96,172.0,230.0,38.5,3.98,,1.15,4.51,4.0,6.0,3.83,397.0,7.16,365.0,2.3,0.27,4.12,43.55,12.15,2.99,70.0,32.55,15.0,128.75,2.23,240.75,14.4,5.12,4.52,2.41,0.41,20.6,14.15,0.22,16.55,16.0,212.25,3.44,,,,110.65,0.93,0.37,30.05,,5.72,,0.45,,2.07,33.85,,,,4.66,20.0,,,,,,,,
2024-11-29,14.95,5.55,63.25,350.0,89.0,5.98,1.01,17.9,21.05,2.04,13.8,32.1,9.64,53.5,165.75,12.0,45.0,1.08,4.0,172.0,230.0,38.4,3.46,,1.14,4.53,4.0,6.0,3.83,397.0,7.12,365.0,2.3,0.27,4.12,43.15,11.95,2.93,70.0,33.4,14.4,130.0,2.02,243.25,15.0,4.7,4.52,2.42,0.4,20.8,14.2,0.21,16.6,16.0,220.0,3.44,,,,111.53,0.92,0.35,30.1,,5.96,,0.45,,2.09,33.85,,,,4.66,20.0,,,,,,,,
2024-12-02,14.95,5.55,62.75,349.75,89.0,5.94,1.06,17.6,21.05,2.1,13.85,35.0,9.7,54.25,173.25,12.0,45.05,1.05,4.09,172.0,235.0,38.0,3.37,,1.14,4.45,4.0,6.0,3.83,397.0,7.12,365.0,2.3,0.27,4.12,42.05,12.1,3.2,70.0,35.0,14.55,130.0,2.18,248.75,15.35,5.0,4.51,2.58,0.4,20.8,14.4,0.21,16.05,16.0,211.0,3.43,,,,112.74,0.95,0.35,30.45,,5.84,,0.45,,2.0,33.85,,,,4.66,20.0,,,,,,,,
2024-12-03,15.0,5.55,61.25,349.75,89.0,5.98,1.07,16.75,20.0,2.09,13.9,35.0,9.62,54.75,165.0,12.0,45.5,1.09,4.03,172.0,235.0,38.15,3.35,,1.11,3.57,4.0,6.0,3.83,400.0,7.06,350.0,2.3,0.27,4.12,41.9,11.85,3.2,70.0,35.0,15.0,130.0,2.04,248.25,15.25,5.02,4.49,2.57,0.39,20.1,13.7,0.22,16.4,16.15,208.0,3.43,,,,112.07,0.99,0.36,30.5,,5.86,,0.45,,2.0,33.85,,,,4.66,20.0,,,,,,,,
2024-12-04,15.0,5.55,60.5,350.0,90.0,5.8,1.09,18.0,19.5,2.06,13.95,35.0,9.62,55.0,163.0,12.0,45.4,1.07,4.07,173.0,235.0,37.9,3.39,,1.1,3.51,4.0,6.0,3.83,400.0,6.9,350.0,2.5,0.27,4.12,42.1,11.95,3.47,70.0,35.0,15.1,130.0,2.21,248.75,15.4,5.04,4.13,2.36,0.39,21.0,14.25,0.22,16.15,16.15,212.0,3.43,,,,112.27,0.98,0.35,30.5,,5.72,,0.45,,2.06,33.3,,,,4.66,20.0,,,,,,,,
2024-12-05,15.1,5.55,56.5,350.0,90.0,5.9,1.09,18.0,19.5,2.04,14.0,35.0,9.48,56.0,172.5,12.0,45.4,1.04,4.02,172.75,235.0,37.95,3.4,,1.05,3.53,4.0,6.0,3.83,400.0,6.9,350.0,2.33,0.27,4.12,43.45,11.8,3.19,70.0,35.0,14.9,130.0,2.21,250.0,15.95,5.04,4.29,2.38,0.38,20.8,14.0,0.21,17.2,16.15,211.75,3.43,,,,114.31,0.98,0.34,30.5,,5.84,,0.45,,2.2,31.25,,,,4.66,20.0,,,,,,,,
2024-12-06,15.1,5.55,47.2,350.0,90.0,5.98,1.08,18.0,20.35,2.04,14.2,32.45,9.56,60.25,172.0,12.0,45.4,1.01,4.04,172.5,235.0,37.95,3.48,,1.06,3.54,4.0,6.0,3.83,400.0,6.9,350.0,2.33,0.27,4.12,44.6,11.75,3.4,70.0,33.9,14.95,130.0,2.2,250.25,16.25,5.04,4.0,2.28,0.4,20.85,14.0,0.2,16.05,16.15,211.0,3.43,,,,115.21,0.98,0.34,30.75,,5.86,,0.45,,2.27,30.25,,,,4.66,20.0,,,,,,,,
2024-12-09,15.3,5.55,51.0,350.0,90.0,5.98,1.04,18.0,20.35,2.07,14.3,34.0,9.58,58.0,170.25,12.0,46.0,1.02,4.01,163.5,235.0,37.9,3.43,,1.11,3.57,4.0,6.0,3.83,400.0,7.36,350.0,2.33,0.27,4.12,43.0,12.25,3.16,70.0,35.55,14.95,130.75,2.21,250.5,16.55,5.04,4.0,2.36,0.39,21.3,13.65,0.2,17.0,16.15,210.25,3.39,,,,116.1,0.97,0.34,30.85,,5.8,,0.45,,2.14,33.25,,,,4.66,20.0,,,,,,,,
2024-12-10,15.15,5.55,48.0,350.0,89.0,5.9,1.03,17.35,20.35,2.08,14.2,34.0,9.58,57.25,169.75,12.0,48.0,1.05,4.05,164.0,235.0,39.25,3.4,,1.11,3.81,4.0,6.0,3.83,400.0,7.36,350.0,2.33,0.27,4.12,43.3,12.3,2.86,70.0,32.2,14.85,129.0,2.2,250.5,17.6,5.04,3.9,2.35,0.4,20.0,13.65,0.21,16.35,16.35,210.0,3.39,,,,119.32,0.95,0.36,30.7,,5.72,,0.45,,2.25,35.0,,,,4.66,20.0,,,,,,,,
2024-12-11,15.3,5.55,48.0,350.0,88.25,5.86,1.0,17.75,20.35,2.04,14.45,31.4,9.72,57.75,173.5,12.0,48.45,1.08,4.13,172.0,235.0,39.25,3.44,,1.15,4.03,4.0,6.0,3.83,385.0,6.9,350.0,2.3,0.27,4.12,43.8,11.95,2.86,70.0,35.4,14.45,132.25,2.07,252.25,17.0,5.16,4.09,2.34,0.4,19.8,13.65,0.21,16.5,16.25,215.25,3.4,,,,118.49,0.92,0.35,30.95,,5.58,,0.45,,2.05,35.1,,,,4.66,20.0,,,,,,,,
2024-12-13,15.4,5.55,48.65,350.0,88.25,5.78,1.03,17.8,20.35,2.06,14.6,31.4,9.6,58.0,180.0,12.0,48.0,1.14,4.09,170.5,220.0,39.5,3.44,,1.16,4.15,4.0,6.0,3.83,385.0,6.3,350.0,2.3,0.27,4.12,44.6,12.0,3.1,70.0,32.45,14.5,134.0,2.06,254.5,17.0,5.16,4.47,2.14,0.41,20.0,14.4,0.22,16.55,16.25,211.0,3.43,,,,119.08,1.0,0.37,31.9,,5.96,,0.45,,2.05,34.25,,,,4.66,20.0,,,,,,,,
2024-12-16,15.4,5.55,52.0,352.25,86.0,5.94,1.04,17.95,20.35,2.08,14.55,31.4,9.54,58.75,174.25,12.0,47.4,1.15,4.05,168.5,220.0,39.5,3.46,,1.18,4.01,4.0,6.0,3.83,385.0,5.82,350.0,2.3,0.27,4.12,44.7,12.15,3.0,70.0,31.8,14.95,130.5,2.05,261.0,17.1,5.16,4.51,2.35,0.4,20.0,14.0,0.2,16.7,16.25,219.5,3.43,,,,119.11,1.0,0.35,31.8,,5.78,,0.45,,2.04,34.85,,,,4.66,20.0,,,,,,,,
2024-12-17,15.55,5.55,52.0,351.5,86.0,5.84,1.04,19.4,21.0,2.08,14.6,31.4,9.56,59.75,188.5,11.0,46.4,1.11,4.07,170.0,220.0,39.55,3.42,,1.19,3.99,4.0,6.0,3.83,385.0,6.4,350.0,2.3,0.27,4.12,45.55,12.1,3.1,70.0,31.8,15.0,134.25,2.22,257.5,17.25,5.16,4.5,2.35,0.4,20.2,15.3,0.2,16.65,16.25,210.5,3.43,,,,119.98,0.97,0.35,30.1,,5.9,,0.45,,2.04,34.1,,,,4.66,20.0,,,,,,,,
2024-12-18,15.65,5.55,65.0,351.5,86.0,5.82,1.02,19.95,21.0,2.07,14.7,31.4,9.5,61.0,175.0,11.0,46.15,1.09,4.09,169.25,220.0,39.6,3.42,,1.14,4.06,4.0,6.0,3.83,385.0,6.42,350.0,2.3,0.27,4.12,45.7,12.05,2.98,70.0,32.1,14.95,133.5,2.07,261.5,17.6,5.16,4.49,2.34,0.37,20.05,15.6,0.2,16.65,16.25,210.5,3.43,,,,120.31,0.98,0.35,30.3,,5.94,,0.45,,2.01,33.7,,,,4.66,20.0,,,,,,,,
2024-12-19,16.65,5.55,53.0,352.25,86.0,6.0,1.04,20.8,22.0,2.08,15.25,32.0,9.86,63.0,175.0,11.0,46.15,1.07,4.05,169.75,220.0,39.55,3.43,,1.17,4.1,4.0,6.0,3.83,385.0,6.42,350.0,2.1,0.27,4.12,46.5,12.05,3.1,70.0,32.65,15.0,134.0,2.09,265.5,17.6,4.9,4.5,2.33,0.4,20.1,15.6,0.2,16.7,15.0,210.0,3.43,,,,121.34,0.99,0.34,31.95,,5.88,,0.45,,2.02,33.0,,,,4.66,20.0,,,,,,,,
2024-12-20,16.85,5.55,54.25,354.5,86.0,5.78,1.0,20.85,22.0,2.09,15.55,32.0,9.82,63.25,175.0,12.0,45.95,1.15,4.21,168.25,234.0,39.65,3.43,,1.07,4.01,4.0,6.0,3.83,385.0,6.5,350.0,2.21,0.27,4.12,46.9,12.55,3.1,70.0,32.55,15.0,135.25,2.07,272.75,17.6,4.95,4.52,2.34,0.4,20.35,15.6,0.18,16.8,14.85,210.0,3.43,,,,121.72,1.0,0.36,31.75,,5.94,,0.45,,2.0,33.2,,,,4.66,20.0,,,,,,,,
2024-12-23,17.05,5.55,58.25,362.75,86.0,5.9,0.98,20.35,22.35,2.14,15.8,32.0,9.82,65.5,172.5,12.5,46.35,1.16,4.48,181.0,235.0,39.5,3.41,,1.17,4.04,4.0,6.0,3.83,385.0,7.14,350.0,2.3,0.27,4.12,46.85,13.05,2.87,70.0,32.85,15.0,136.25,2.14,273.25,17.5,4.95,4.52,2.34,0.4,20.35,14.4,0.18,16.6,14.8,219.0,3.45,,,,121.99,0.99,0.36,32.1,,5.94,,0.45,,2.15,33.7,,,,4.66,20.0,,,,,,,,
2024-12-24,17.2,5.55,57.5,370.0,86.0,5.92,1.04,21.6,22.35,2.1,15.7,32.9,10.0,65.75,175.25,12.0,46.0,1.07,4.32,174.0,235.0,39.55,3.43,,1.2,4.11,4.0,6.0,3.83,385.0,7.16,350.0,2.3,0.27,4.12,47.4,12.45,2.87,70.0,32.25,15.0,140.0,2.32,280.75,17.2,4.95,4.52,2.35,0.4,20.5,14.85,0.17,16.75,16.25,219.0,3.6,,,,121.77,0.92,0.35,32.85,,5.9,,0.45,,2.0,33.75,,,,4.66,20.0,,,,,,,,
2024-12-27,17.4,5.55,55.5,376.25,87.0,5.96,1.07,21.75,22.0,2.15,15.9,32.9,10.15,68.25,177.5,12.0,46.15,1.07,4.23,171.0,235.0,39.95,3.55,,1.21,4.47,4.0,6.0,3.83,385.0,7.0,350.0,2.3,0.27,4.12,47.95,13.05,2.89,70.0,31.3,15.0,140.0,2.35,281.25,17.1,4.95,4.51,2.46,0.38,20.5,13.55,0.17,16.7,16.0,219.0,3.6,,,,122.39,0.96,0.35,35.85,,5.66,,0.45,,2.03,33.75,,,,4.66,20.0,,,,,,,,
2024-12-30,17.65,5.55,54.25,371.75,88.75,5.88,1.02,21.8,22.0,2.14,16.1,32.8,10.2,69.0,181.75,12.0,47.0,1.07,4.45,173.5,235.0,40.0,3.59,,1.24,4.51,4.0,6.0,3.83,385.0,7.0,350.0,2.3,0.27,4.12,47.5,13.9,3.1,70.0,31.0,14.9,141.25,2.29,279.25,17.15,5.0,4.5,2.43,0.4,20.1,14.9,0.17,16.85,16.0,227.75,3.6,,,,123.12,0.97,0.37,36.4,,5.64,,0.45,,2.05,33.0,,,,4.66,20.0,,,,,,,,
2024-12-31,18.05,5.55,55.0,376.0,88.75,5.8,1.08,20.95,22.75,2.15,16.45,32.9,9.88,69.0,175.5,12.0,48.3,1.15,4.51,173.5,235.0,41.6,3.64,,1.28,4.81,4.0,6.0,3.83,385.0,6.68,350.0,2.3,0.27,4.12,48.2,14.4,2.8,70.0,30.6,15.0,137.25,2.48,279.75,17.05,5.02,4.95,2.43,0.39,20.0,14.9,0.17,16.75,15.0,226.5,3.6,,,,123.48,1.0,0.37,36.25,,6.0,,0.45,,2.01,32.55,,,,4.66,20.0,,,,,,,,
2025-01-02,18.85,5.55,55.0,376.25,88.75,5.82,1.06,20.35,25.0,2.14,17.45,33.9,10.2,66.75,175.5,12.0,48.0,1.17,4.6,174.75,239.25,42.4,3.75,,1.35,5.18,4.0,6.0,3.83,392.5,6.7,350.0,2.3,0.27,,51.0,14.4,2.81,,29.05,15.0,139.75,2.51,285.25,17.2,4.99,4.95,,0.4,20.35,15.85,0.16,16.7,15.0,224.75,3.6,,,2058.67,125.34,0.96,0.37,36.0,1500.0,5.9,3457.87,0.45,,2.01,35.0,,2547.58,1697.07,4.66,20.0,1327.4,3260.0,70.0,,1108.71,2.44,,
2025-01-03,19.0,5.55,55.5,371.75,88.75,5.64,1.05,19.6,24.25,2.15,17.65,35.55,10.95,67.0,176.5,12.0,48.0,1.06,4.74,175.25,235.0,42.8,3.89,,1.41,5.42,4.0,6.0,3.83,392.5,6.58,350.0,2.3,0.27,,50.75,14.85,2.73,,30.7,15.25,144.25,2.31,291.25,17.35,5.0,4.82,,0.4,21.5,15.0,0.16,16.75,14.4,224.75,3.44,,,2088.97,126.36,0.98,0.35,36.15,1500.0,5.9,3483.67,0.45,,2.01,35.0,,2564.79,1708.53,4.66,20.0,1335.89,3260.0,70.0,,1108.69,2.65,,
2025-01-06,18.85,5.55,55.25,372.75,86.0,6.16,1.06,19.25,24.0,2.19,17.65,32.0,10.25,68.5,179.0,12.0,47.8,1.12,4.83,189.5,235.0,42.9,3.97,,1.38,5.86,4.0,6.0,4.05,392.5,6.26,350.0,2.3,0.27,,49.2,14.0,2.87,,28.25,14.9,145.5,2.54,295.5,17.6,4.51,5.18,,0.41,20.65,15.0,0.16,17.0,15.1,224.5,3.5,,,2095.88,127.28,1.0,0.36,36.1,1500.0,6.16,3494.82,0.45,,2.01,35.0,,2578.16,1716.78,4.66,20.0,1336.77,3260.0,70.0,,1109.18,2.67,,
2025-01-07,18.5,5.55,55.0,373.5,86.0,6.56,1.06,19.55,25.15,2.27,17.8,33.1,10.05,68.25,177.75,11.65,47.95,1.1,4.99,190.0,235.0,43.0,4.24,,1.38,6.44,4.0,6.0,4.33,392.5,6.26,350.0,2.3,0.27,,49.95,14.0,2.72,,29.5,16.0,156.75,2.65,300.25,17.7,4.65,4.82,,0.4,20.8,15.0,0.17,17.35,15.4,224.0,3.38,,,2132.26,128.43,0.96,0.37,36.55,1500.0,6.3,3520.92,0.45,,2.0,34.85,,2579.72,1716.49,4.66,20.0,1338.87,3260.0,70.0,,1109.52,2.55,,
2025-01-08,18.8,5.55,54.5,374.5,86.25,7.08,1.05,19.25,24.0,2.29,17.8,32.0,10.45,68.5,179.5,11.65,47.6,1.15,5.3,190.0,233.0,42.8,4.13,,1.39,6.98,4.0,6.0,4.76,392.5,6.6,350.0,2.3,0.27,,49.25,13.55,2.94,,28.35,16.0,156.0,2.71,302.5,17.8,4.95,5.08,,0.41,21.0,15.45,0.17,17.45,15.4,222.0,3.15,,,2145.52,128.93,0.96,0.36,35.4,1500.0,6.62,3522.61,0.45,,2.0,34.9,,2586.9,1723.26,4.66,20.0,1340.58,3260.0,70.0,,1109.82,2.75,,
2025-01-09,18.8,5.55,54.25,372.75,86.25,6.54,1.09,19.2,24.0,2.33,17.35,32.0,10.5,69.75,176.0,11.65,47.6,1.16,5.38,190.0,232.75,42.9,4.32,,1.44,7.4,4.0,6.0,5.22,392.5,6.5,350.0,2.35,0.27,,49.1,13.2,2.9,,28.0,15.95,156.5,2.74,293.25,17.95,4.77,5.06,,0.43,20.8,16.25,0.17,17.4,16.0,221.25,3.1,,,2142.52,128.97,0.95,0.34,35.05,1500.0,6.5,3508.57,0.45,,2.07,34.95,,2575.13,1712.12,4.66,20.0,1335.86,3260.0,70.0,,1109.79,2.6,,
2025-01-10,19.1,5.55,54.0,370.25,86.25,6.58,1.1,19.35,24.0,2.32,16.6,32.0,10.8,70.0,179.5,12.0,47.5,1.12,5.8,190.5,232.75,43.3,4.3,,1.53,6.94,4.0,6.0,5.74,400.0,7.14,350.0,2.45,0.27,,48.45,13.55,2.99,,27.5,16.05,157.0,2.89,300.0,18.1,4.71,5.12,,0.44,20.9,16.25,0.18,17.05,17.0,222.0,3.1,,,2145.27,129.64,0.97,0.36,33.95,1500.0,6.76,3511.33,0.45,,2.11,35.0,,2600.85,1734.57,4.66,20.0,1338.17,3260.0,70.0,,1107.13,2.7,,
2025-01-13,18.7,5.55,54.75,366.25,86.25,7.0,1.14,19.3,24.0,2.35,16.55,31.2,10.9,68.75,175.75,12.0,47.8,1.16,6.36,194.5,232.75,43.45,4.28,,1.63,6.28,4.0,6.0,6.3,400.0,7.12,350.0,2.5,0.27,,47.35,13.6,3.0,,26.15,15.7,150.75,2.77,299.75,18.2,4.8,5.02,,0.44,21.05,15.8,0.19,16.85,17.0,221.25,3.1,,,2142.3,129.66,0.96,0.35,34.55,1500.0,6.84,3494.13,0.45,,2.0,35.0,,2591.95,1723.3,4.66,20.0,1332.06,3260.0,70.0,,1101.35,2.61,,
2025-01-14,18.45,5.55,57.75,370.25,86.25,7.12,1.12,19.7,26.0,2.38,16.45,31.05,11.0,68.5,178.5,10.85,48.35,1.12,6.9,192.0,236.25,43.45,4.18,,1.73,6.46,4.0,6.0,6.92,400.0,6.54,332.0,2.31,0.27,,47.15,13.75,3.0,,25.4,15.3,146.5,2.88,295.75,18.1,5.02,5.14,,0.45,21.1,16.0,0.19,17.0,17.0,220.0,3.1,,,2156.21,129.73,1.0,0.36,34.4,1500.0,6.78,3492.58,0.45,,2.0,35.0,,2595.91,1725.93,4.66,20.0,1333.78,3260.0,70.0,,1101.37,2.57,,
2025-01-15,17.2,5.55,57.5,370.5,86.25,7.46,1.13,19.75,24.1,2.47,15.85,31.05,11.2,68.25,177.5,10.85,48.0,1.21,7.52,194.75,236.25,43.3,4.16,,1.67,6.96,4.0,6.0,7.6,395.0,6.5,332.0,2.5,0.27,,47.25,13.25,3.0,,25.9,15.45,144.5,2.82,289.25,18.25,5.0,5.18,,0.46,20.75,15.25,0.18,17.25,17.0,218.75,3.1,,,2148.56,129.47,1.0,0.39,34.0,1500.0,6.74,3456.68,0.45,,2.02,34.8,,2568.1,1707.44,4.66,20.0,1317.64,3260.0,70.0,,1100.96,2.5,,
2025-01-16,17.0,5.55,57.0,370.0,86.25,7.36,1.14,19.5,24.1,2.41,15.7,32.65,11.0,68.5,180.0,11.9,48.45,1.17,8.22,196.75,236.25,43.15,4.13,,1.63,7.0,4.0,6.0,8.36,395.0,7.12,332.0,2.5,0.27,,47.45,13.45,3.0,,27.2,15.15,140.0,2.83,282.5,18.6,5.0,5.6,,0.48,21.35,15.25,0.18,17.35,17.0,215.0,3.1,,,2132.99,130.45,0.99,0.37,33.6,1500.0,6.34,3463.12,0.45,,2.04,34.0,,2576.63,1713.11,4.66,20.0,1325.18,3260.0,70.0,,1101.31,2.4,,
2025-01-17,17.15,5.55,57.0,370.0,86.0,7.46,1.12,19.05,24.1,2.53,16.2,33.0,10.9,66.25,180.25,11.9,48.5,1.21,8.98,194.25,232.0,42.95,4.14,,1.66,6.98,4.0,6.0,8.5,395.0,7.2,314.0,2.32,0.27,,47.65,13.55,3.01,,27.9,15.1,140.25,2.81,280.25,18.6,5.0,6.1,,0.5,21.95,15.05,0.19,17.1,17.0,216.0,3.1,,,2146.86,130.79,0.96,0.39,33.2,1500.0,6.72,3470.62,0.45,,2.1,34.95,,2575.36,1712.27,4.66,20.0,1330.92,3260.0,70.0,,1102.52,2.54,,
2025-01-20,17.25,5.55,56.75,370.0,86.0,7.84,1.13,19.8,22.25,2.68,16.25,33.0,11.8,69.0,180.25,11.9,48.45,1.15,8.96,194.0,235.0,43.1,4.14,,1.67,6.86,4.0,6.0,7.66,395.0,7.3,314.0,2.5,0.27,,48.85,13.7,3.12,,27.2,14.8,141.5,2.88,279.25,18.9,4.54,6.18,,0.55,20.65,15.0,0.2,17.0,17.8,217.25,3.1,,,2170.89,131.53,0.99,0.37,32.6,1500.0,6.4,3491.94,0.45,,2.07,35.0,,2585.01,1720.68,4.66,20.0,1340.44,3260.0,70.0,,1104.53,2.54,,
2025-01-21,17.2,5.55,56.25,369.75,86.0,8.0,1.2,19.7,22.05,2.59,16.05,33.0,12.0,69.25,183.0,12.1,48.75,1.22,9.42,192.0,240.0,43.6,4.13,,1.7,6.6,4.0,6.0,6.9,395.0,7.2,314.0,2.61,0.27,,48.1,13.35,3.03,,27.5,14.9,142.75,3.0,281.0,19.0,4.84,6.24,,0.72,21.35,14.5,0.21,16.95,16.05,215.25,3.4,,,2169.42,131.83,0.99,0.4,33.3,1500.0,6.44,3507.54,0.45,,2.09,34.95,,2604.44,1733.61,4.66,20.0,1345.21,3260.0,70.0,,1108.88,2.54,,
2025-01-22,17.45,5.55,56.5,369.5,86.0,8.08,1.32,19.8,22.05,2.53,16.05,33.15,12.1,70.0,184.75,12.1,49.15,1.24,8.96,200.0,240.0,44.05,4.05,,1.7,6.48,4.0,6.0,6.22,395.0,7.3,314.0,2.65,0.27,,49.0,13.1,3.2,,25.2,14.9,138.25,2.99,281.5,18.9,4.84,6.2,,0.79,21.95,15.0,0.23,17.0,17.65,216.0,3.32,,,2165.73,131.73,1.05,0.4,34.7,1500.0,6.44,3529.74,0.45,,2.06,33.5,,2620.09,1744.03,4.66,20.0,1353.39,3260.0,70.0,,1110.91,2.5,,
2025-01-23,17.55,5.55,56.25,370.0,80.5,8.24,1.45,19.9,22.05,2.55,16.2,33.0,11.85,69.75,189.5,12.1,48.9,1.22,8.98,202.5,240.0,45.35,4.15,,1.7,6.48,4.0,6.0,5.6,395.0,7.38,314.0,2.52,0.27,,49.6,13.1,3.2,,25.05,14.95,140.0,2.86,285.0,18.9,5.0,6.76,,0.86,22.5,15.0,0.23,16.85,18.65,215.5,2.99,,,2186.9,132.43,1.15,0.41,34.9,1500.0,6.5,3560.14,0.45,,2.0,35.55,,2650.78,1765.82,4.66,20.0,1365.5,3260.0,70.0,,1111.32,2.54,,
2025-01-24,17.9,5.55,55.0,368.0,80.5,8.44,1.59,19.9,22.0,2.6,16.2,33.0,11.45,69.75,193.25,13.0,48.7,1.24,8.12,203.25,240.0,45.8,4.16,,1.7,6.36,4.0,6.0,5.36,395.0,7.1,314.0,2.6,0.27,,49.05,13.3,3.2,,24.9,15.0,138.0,2.97,286.5,18.9,5.0,7.04,,0.93,21.85,15.5,0.24,16.8,18.7,215.0,2.99,,,2185.88,132.48,1.26,0.45,34.9,1500.0,6.48,3569.73,0.45,,2.11,35.05,,2669.4,1778.22,4.66,20.0,1371.49,3260.0,70.0,,1110.97,2.53,,
2025-01-27,17.95,5.55,56.5,369.5,80.5,8.54,1.73,20.0,24.1,2.63,16.3,33.0,12.0,69.75,193.5,13.65,48.55,1.22,7.44,200.5,240.0,45.35,4.12,,1.7,6.4,4.0,6.0,5.1,395.0,7.38,314.0,2.7,0.27,,49.75,13.3,3.28,,26.25,15.15,139.0,2.97,283.0,18.8,5.0,6.84,,0.99,22.55,14.0,0.23,17.0,19.6,214.75,2.99,,,2195.12,132.11,1.3,0.49,35.05,1500.0,6.48,3570.86,0.45,,2.2,34.4,,2658.28,1770.81,4.66,20.0,1370.9,3260.0,70.0,,1111.56,2.61,,
2025-01-28,17.9,5.55,58.0,368.25,80.5,8.46,1.9,19.7,24.7,2.65,16.4,30.2,11.35,69.5,194.0,13.5,48.5,1.25,7.28,205.0,240.0,45.1,4.1,,1.71,6.36,4.0,6.0,5.42,395.0,6.74,314.0,2.74,0.27,,49.5,13.3,3.32,,28.85,15.0,139.25,2.81,283.0,18.85,5.04,6.32,,1.05,21.25,14.9,0.24,17.05,20.1,214.0,3.25,,,2190.92,132.28,1.41,0.53,35.15,1500.0,6.44,3569.94,0.45,,2.21,34.4,,2655.76,1769.82,4.66,20.0,1370.37,3260.0,70.0,,1107.29,2.71,,
2025-01-29,17.95,5.55,57.0,368.0,80.5,8.16,2.05,19.9,24.7,2.7,16.45,30.0,11.9,69.5,195.0,13.5,48.35,1.22,6.98,205.0,240.0,44.65,4.08,,1.7,6.44,4.0,6.0,5.36,395.0,6.56,314.0,2.8,0.27,,48.75,13.8,3.27,,27.45,15.05,139.0,2.85,281.5,18.3,4.98,6.28,,1.12,21.1,15.0,0.25,16.9,19.55,214.75,3.5,,,2194.57,130.66,1.47,0.58,35.0,1500.0,6.46,3544.38,0.45,,2.11,35.85,,2636.19,1756.78,4.66,20.0,1360.17,3260.0,70.0,,1113.62,2.57,,
2025-01-30,17.95,5.55,57.0,363.75,86.0,8.06,2.25,19.9,22.45,2.73,16.45,30.0,11.35,70.0,191.0,13.0,47.65,1.26,6.82,199.5,240.0,43.75,4.1,,1.68,6.78,4.0,6.0,5.2,434.0,6.58,330.0,2.8,0.27,,48.6,13.85,3.4,,29.0,15.0,138.5,3.04,280.75,17.7,5.0,6.7,,1.23,22.75,15.0,0.26,16.9,18.3,214.75,3.5,,,2181.86,128.48,1.61,0.63,34.8,1500.0,6.6,3496.44,0.45,,2.13,35.85,,2590.39,1727.6,4.66,20.0,1338.23,3260.0,63.0,,1114.12,2.54,,
2025-01-31,17.95,5.55,59.25,362.5,86.0,7.26,2.47,19.75,23.05,2.72,16.55,31.45,10.7,70.0,180.5,13.0,47.2,1.21,6.7,200.0,240.0,42.75,4.21,,1.67,7.56,4.0,6.0,5.4,434.0,6.58,330.0,2.75,0.27,,48.5,13.9,3.58,,27.0,14.95,139.0,3.32,278.5,17.2,5.0,7.08,,1.35,21.9,15.1,0.28,16.9,19.85,214.75,3.5,,,2162.58,128.28,1.77,0.69,33.7,1500.0,6.36,3436.04,0.45,,2.05,34.85,,2532.5,1687.68,4.66,20.0,1312.58,3260.0,56.75,,1115.3,2.79,,
2025-02-03,18.0,5.55,57.0,361.75,86.0,6.64,2.71,19.9,22.9,2.76,16.5,31.0,11.15,69.5,179.25,13.0,48.0,1.31,7.32,200.0,238.75,43.45,4.48,,1.61,7.08,4.0,6.0,5.48,430.0,6.6,330.0,2.9,0.27,,48.35,13.85,3.58,,27.95,14.95,140.75,3.38,277.25,17.6,5.38,6.54,,1.48,21.2,15.1,0.3,16.8,20.15,215.0,3.5,,,2159.74,127.71,1.93,0.75,35.0,1500.0,6.38,3464.7,0.45,,2.02,34.85,,2556.32,1703.55,4.66,20.0,1325.06,3260.0,56.75,,1118.48,3.05,,
2025-02-04,17.9,5.55,55.75,361.75,80.0,6.94,2.98,19.95,22.9,2.81,16.3,31.0,11.25,69.5,179.5,12.5,48.0,1.44,7.94,200.0,240.0,44.55,4.73,,1.67,7.0,4.0,6.0,5.48,430.0,7.12,330.0,3.09,0.27,,48.5,13.65,3.65,,27.8,15.0,145.0,3.52,279.75,17.85,5.88,6.54,,1.62,21.2,15.3,0.32,16.9,20.0,212.0,3.5,,,2181.38,128.96,2.12,0.82,34.6,1500.0,6.48,3484.6,0.45,,2.12,36.0,,2578.45,1718.97,4.66,20.0,1332.0,3260.0,56.75,,1120.9,3.35,,
2025-02-05,17.95,5.55,56.0,362.75,80.0,7.02,2.97,20.0,22.9,2.82,16.2,31.05,11.25,69.75,179.0,12.55,48.65,1.52,7.64,200.0,240.0,45.1,4.63,,1.69,7.04,4.0,6.0,5.52,430.0,6.72,330.0,3.17,0.27,,47.95,14.0,3.57,,27.8,15.25,144.75,3.66,279.75,18.45,6.2,6.74,,1.65,22.5,16.0,0.33,16.8,18.7,211.0,3.48,,,2190.99,130.69,2.21,0.89,35.3,1500.0,6.56,3517.65,0.45,,2.06,35.45,,2607.29,1737.52,4.66,20.0,1344.5,3260.0,56.75,,1120.1,3.55,,
2025-02-06,18.0,5.55,58.0,362.0,80.0,7.0,2.68,20.0,22.9,2.8,16.15,31.05,11.35,69.75,183.75,12.55,48.35,1.51,7.54,200.0,240.0,45.1,4.47,,1.69,6.94,4.0,6.0,5.48,430.0,6.96,330.0,3.12,0.27,,47.9,14.0,3.49,,27.85,15.5,143.5,3.87,279.75,18.15,6.06,7.2,,1.49,22.3,16.0,0.36,16.9,20.55,215.0,3.8,,,2188.21,130.01,2.1,0.95,35.25,1500.0,6.58,3513.25,0.45,,2.08,35.45,,2608.56,1739.71,4.66,20.0,1343.11,3385.0,56.75,,1118.84,3.59,,
2025-02-07,18.25,5.55,57.75,362.0,80.0,7.0,2.42,20.0,22.9,2.78,16.05,31.05,12.2,69.75,183.75,12.55,48.0,1.5,8.0,200.0,240.0,45.05,4.52,,1.69,6.96,4.0,6.0,5.48,400.0,7.24,301.0,3.2,0.27,,48.2,13.75,3.49,,30.45,15.5,143.5,3.78,279.5,17.95,6.38,6.52,,1.35,22.0,15.95,0.38,17.0,21.4,211.25,3.8,,,2194.48,129.58,1.9,1.02,35.5,1500.0,6.68,3508.72,0.45,,2.15,35.45,,2602.76,1735.84,4.66,20.0,1340.51,3385.0,56.75,,1132.25,3.26,,
2025-02-10,18.2,5.55,57.0,362.25,80.0,6.96,2.18,20.0,22.9,2.74,16.1,33.0,11.3,71.0,186.75,12.55,47.95,1.41,8.46,200.0,240.0,44.95,4.49,,1.67,6.9,4.0,6.0,5.34,400.0,7.28,301.0,3.09,0.27,,48.1,13.95,3.2,,32.0,16.0,148.5,3.86,285.5,17.9,6.68,6.52,,1.22,22.15,15.75,0.4,16.6,21.4,211.0,3.8,,,2186.4,129.71,1.71,1.12,35.6,1500.0,6.68,3519.2,0.45,,2.02,34.8,,2611.32,1740.88,4.66,20.0,1341.41,3385.0,52.0,,1132.39,3.28,,
2025-02-11,18.2,5.55,56.5,361.75,80.0,6.94,1.97,20.0,22.9,2.66,16.0,33.0,11.65,72.0,185.0,13.0,47.95,1.32,8.02,200.0,240.0,45.15,4.46,,1.68,6.66,4.0,6.0,5.38,400.0,7.96,301.0,3.03,0.27,,49.75,13.95,3.04,,32.0,15.4,145.5,3.75,283.5,17.75,6.76,6.52,,1.1,22.1,15.75,0.4,16.6,23.0,215.0,3.8,,,2178.88,129.22,1.54,1.05,35.65,1500.0,6.7,3514.41,0.45,,2.12,34.5,,2604.12,1736.08,4.66,20.0,1340.81,3385.0,51.5,,1141.87,3.23,,
2025-02-12,18.35,5.55,57.0,361.25,80.0,7.04,1.85,21.95,22.6,2.66,16.6,31.85,11.95,70.5,189.75,13.0,48.0,1.35,7.7,200.0,240.0,44.9,4.48,,1.66,6.76,4.0,6.0,5.32,396.0,7.98,299.0,3.25,0.27,,49.8,14.35,3.05,,32.8,15.8,148.25,3.51,284.0,17.7,6.44,7.1,,1.01,22.3,15.0,0.36,16.65,23.0,216.0,3.5,,,2198.11,129.66,1.4,0.95,35.95,1500.0,6.74,3539.82,0.45,,2.12,34.5,,2613.88,1743.26,4.66,20.0,1351.53,3385.0,51.5,,1142.68,3.1,,
2025-02-13,18.5,5.55,57.0,361.75,80.0,7.18,2.03,21.5,24.0,2.83,16.55,31.85,12.0,72.25,184.5,13.0,47.55,1.29,7.96,200.0,240.0,45.05,4.5,,1.68,6.76,4.0,6.0,5.34,396.0,7.98,299.0,3.2,0.27,,49.8,14.6,3.26,,34.9,15.4,148.0,3.5,286.0,17.95,6.58,7.1,,1.09,21.45,14.1,0.33,16.8,21.5,217.5,3.7,,,2208.92,130.16,1.47,0.86,35.95,1500.0,6.64,3536.07,0.45,,2.13,34.05,,2609.11,1739.41,4.66,20.0,1348.17,3455.0,51.5,,1144.32,3.27,,
2025-02-14,18.5,5.55,57.0,361.25,80.0,7.12,2.22,21.25,24.0,2.85,16.5,31.85,12.1,74.75,187.25,13.0,47.65,1.21,7.98,200.0,240.0,45.2,4.59,,1.67,6.82,4.0,6.0,5.32,396.0,7.6,299.0,3.06,0.27,,49.8,14.3,3.31,,35.9,14.95,150.0,3.5,290.0,18.1,6.58,7.0,,1.19,23.5,14.1,0.3,16.7,21.4,214.75,3.6,,,2222.69,131.05,1.51,0.86,36.05,1500.0,6.44,3555.75,0.45,,1.98,36.2,,2625.71,1747.76,4.66,20.0,1354.66,3455.0,51.5,,1153.77,3.26,,
2025-02-17,18.45,5.55,57.25,364.75,80.0,6.98,2.43,22.0,23.15,2.88,16.55,31.85,12.15,76.0,188.0,14.0,47.0,1.24,7.96,200.0,240.0,45.05,4.76,,1.69,6.9,4.0,6.0,5.4,396.0,7.96,299.0,3.3,0.27,,49.9,14.5,3.28,,36.15,15.45,149.0,3.48,287.0,18.5,6.58,7.24,,1.3,22.9,14.15,0.27,16.65,20.0,216.75,3.49,,,2224.74,131.91,1.55,0.93,36.0,1500.0,6.46,3561.07,0.45,,2.1,34.2,,2626.98,1751.32,4.66,20.0,1358.25,3455.0,51.5,,1153.66,3.29,,
2025-02-18,18.5,5.55,57.25,365.0,80.75,7.02,2.48,21.9,24.0,2.79,16.9,33.0,11.9,78.0,192.0,14.0,46.85,1.33,7.7,200.0,230.0,45.1,4.78,,1.69,7.0,4.0,6.0,5.32,396.0,8.0,299.0,3.15,0.27,,49.05,14.05,3.28,,35.25,15.45,148.0,3.44,291.5,18.7,6.58,6.86,,1.32,22.55,15.5,0.28,16.65,20.5,215.5,3.49,,,2223.99,132.73,1.51,0.96,35.95,1500.0,6.52,3577.81,0.45,,2.03,34.5,,2645.41,1762.24,4.66,20.0,1366.58,3455.0,56.5,,1155.04,3.19,,
2025-02-19,19.1,5.55,57.25,364.75,80.75,7.24,2.43,21.85,23.05,2.82,17.05,31.2,12.4,82.25,193.0,13.0,46.8,1.33,7.98,202.0,230.0,45.0,4.74,,1.69,7.0,4.0,6.0,5.34,399.75,7.68,309.5,3.46,0.27,,48.9,13.8,3.45,,35.0,15.45,148.5,3.35,293.25,18.95,6.58,7.5,,1.42,22.65,16.0,0.29,16.65,20.5,215.5,3.8,,,2237.81,133.86,1.54,0.95,35.65,1500.0,6.7,3603.14,0.45,,2.12,35.0,,2662.43,1770.84,4.66,20.0,1376.9,3455.0,56.5,,1152.75,3.12,,
2025-02-20,19.0,5.55,57.0,364.75,80.75,7.46,2.48,21.8,23.05,3.01,17.1,31.2,12.4,80.0,192.75,13.0,46.85,1.31,8.0,204.25,230.0,44.9,4.85,,1.71,7.0,4.0,6.0,5.4,399.75,7.52,309.5,3.12,0.27,,49.1,14.5,3.5,,35.0,15.5,147.75,3.3,293.0,18.85,6.56,7.6,,1.4,23.0,16.0,0.31,16.65,20.2,214.75,3.8,,,2255.17,133.63,1.49,0.93,35.35,1500.0,6.62,3597.66,0.45,,2.1,35.0,,2656.82,1767.11,4.66,20.0,1375.48,3455.0,56.5,,1153.88,3.12,,
2025-02-21,18.95,5.55,56.5,365.0,81.0,7.32,2.36,21.7,22.9,2.87,17.0,33.0,12.2,77.75,183.75,13.0,47.0,1.29,7.84,204.25,230.0,43.95,4.91,,1.81,6.98,4.0,6.0,5.42,399.75,7.5,309.5,3.12,0.27,,49.25,14.1,3.5,,34.05,15.45,148.0,3.31,293.0,18.8,6.56,7.38,,1.41,24.0,15.7,0.33,16.65,21.45,212.0,3.8,,,2241.11,132.81,1.46,0.9,35.35,1500.0,6.6,3566.84,0.45,,2.02,35.0,,2622.28,1744.13,4.66,20.0,1361.23,3455.0,56.5,,1155.57,3.15,,
2025-02-24,18.95,5.55,57.5,371.5,81.0,7.4,2.26,21.65,24.8,2.99,17.0,33.85,12.7,78.0,186.5,13.0,47.95,1.29,8.02,202.0,230.0,44.95,4.96,,1.82,7.0,4.0,6.0,5.46,399.75,7.5,309.5,3.43,0.27,,48.95,14.35,3.5,,36.95,14.75,149.25,3.33,292.0,18.7,6.48,7.3,,1.32,23.85,15.95,0.34,16.35,21.2,216.0,3.65,,,2265.08,133.26,1.43,0.92,35.05,1500.0,6.6,3590.24,0.45,,2.1,35.25,,2656.56,1767.62,4.66,20.0,1371.9,3455.0,56.5,,1153.54,3.08,,
2025-02-25,19.0,5.55,57.25,375.75,81.0,7.42,2.15,21.55,22.9,3.0,17.0,31.0,13.05,76.75,189.75,13.0,48.3,1.29,7.92,205.0,229.5,44.9,4.95,,1.8,7.0,4.0,6.0,5.44,399.75,7.94,309.5,3.42,0.27,,49.05,14.55,3.5,,33.65,15.35,150.0,3.57,298.25,18.5,6.54,7.3,,1.29,24.0,16.0,0.35,16.1,22.2,215.5,3.7,,,2280.56,133.26,1.3,0.85,35.45,1500.0,6.62,3602.8,0.45,,2.07,36.7,,2669.73,1776.38,4.66,20.0,1375.25,3455.0,56.5,,1152.83,3.25,,
2025-02-26,19.0,5.55,56.5,372.5,80.25,7.7,2.07,21.5,22.55,3.0,16.95,31.0,14.1,77.5,189.75,13.0,48.15,1.3,8.2,210.0,221.0,44.7,4.95,,1.79,6.98,4.0,6.0,5.5,399.75,7.5,309.5,3.42,0.27,,49.75,14.15,3.46,,33.5,15.4,150.0,3.31,305.25,18.15,6.54,6.58,,1.36,24.0,16.4,0.37,16.05,22.4,216.0,3.7,,,2288.37,132.64,1.29,0.87,35.8,1500.0,6.64,3597.89,0.45,,2.08,36.5,,2661.56,1770.94,4.66,20.0,1370.3,3455.0,56.5,,1154.41,3.2,,
2025-02-27,19.1,5.55,56.5,372.0,84.0,7.92,2.21,20.05,24.8,2.98,16.75,31.0,15.15,77.0,185.75,13.0,48.45,1.38,8.0,210.0,230.0,44.8,4.93,,1.8,6.98,4.0,6.0,5.5,410.0,7.78,309.5,3.08,0.27,,50.0,13.95,3.46,,33.0,15.8,152.75,3.25,300.0,18.1,6.12,7.12,,1.35,23.95,16.4,0.38,16.0,24.55,216.0,3.7,,,2293.51,132.35,1.27,0.89,35.8,1500.0,6.64,3596.05,0.45,,2.04,35.85,,2651.85,1766.53,4.66,20.0,1367.56,3455.0,56.5,,1149.39,3.09,,
2025-02-28,19.0,5.55,47.2,380.0,84.0,7.78,2.21,20.25,24.8,3.0,16.85,31.0,14.95,78.0,185.0,13.0,48.7,1.32,8.04,205.25,230.0,44.95,4.96,,1.81,6.94,4.0,6.0,5.5,410.0,7.78,300.0,3.16,0.27,,50.25,14.65,3.48,,33.5,15.55,152.25,3.27,300.25,17.95,6.52,7.42,,1.33,23.95,17.0,0.37,16.0,23.7,217.0,4.03,,,2300.17,132.13,1.2,0.85,35.95,1500.0,6.82,3595.08,0.45,,2.1,35.95,,2652.31,1767.52,4.66,20.0,1366.92,3455.0,56.5,,1152.96,3.28,,
2025-03-03,19.05,5.55,47.2,376.75,88.0,7.36,2.2,20.0,25.4,3.02,16.9,31.0,15.1,78.0,186.75,11.75,48.65,1.3,8.0,214.25,230.0,44.6,4.97,,1.8,6.88,4.0,6.0,5.5,410.0,7.44,300.0,3.18,0.27,,50.75,14.9,3.49,,35.7,15.1,158.25,3.54,300.25,18.1,6.52,7.54,,1.3,23.65,17.75,0.35,16.2,23.0,217.0,3.97,,,2293.87,132.59,1.24,0.89,36.0,1500.0,6.9,3612.83,0.45,,2.09,33.3,,2654.75,1769.15,4.66,20.0,1371.74,3455.0,56.5,,1153.09,3.28,,
2025-03-04,19.05,5.55,47.2,375.0,88.0,7.84,2.18,20.55,25.0,3.0,16.85,31.0,15.45,78.0,186.75,11.8,48.55,1.28,7.94,214.25,230.0,44.55,5.02,,1.81,6.78,4.0,6.0,5.44,410.0,7.12,300.0,3.2,0.27,,51.75,15.0,3.49,,38.75,15.1,157.75,3.2,303.25,17.4,6.5,7.18,,1.31,22.9,16.5,0.36,16.0,24.3,217.75,3.68,,,2306.85,131.04,1.16,0.87,36.0,1500.0,6.92,3594.1,0.45,,2.13,35.0,,2651.24,1766.81,4.66,20.0,1362.48,3455.0,56.5,,1154.3,3.32,,
2025-03-05,19.2,5.55,47.2,375.0,84.25,7.56,2.15,19.8,25.0,3.02,17.0,31.0,15.65,80.0,187.75,11.8,48.5,1.24,7.94,213.0,225.0,44.45,5.14,,1.84,6.8,4.0,6.0,5.48,410.0,7.12,300.0,2.98,0.27,,51.75,14.75,3.3,,38.0,15.4,168.0,3.3,308.75,17.7,6.22,7.06,,1.32,22.55,16.5,0.37,16.45,24.0,217.75,3.89,,,2321.45,132.4,1.12,0.83,36.0,1500.0,6.84,3624.96,0.45,,1.97,35.0,,2666.36,1776.88,4.66,20.0,1370.68,3455.0,56.5,,1146.97,3.31,,
2025-03-06,19.1,5.55,47.2,375.0,84.25,7.7,2.21,20.4,25.0,3.01,16.8,31.0,15.65,82.75,193.75,12.95,48.4,1.32,7.96,213.0,223.0,44.5,5.26,,1.92,6.78,4.0,6.0,5.5,410.0,7.82,300.0,2.89,0.27,,54.0,15.05,3.48,,37.95,15.95,168.5,3.31,309.5,17.95,6.02,7.68,,1.3,22.55,16.3,0.37,16.6,24.15,230.5,3.89,,,2339.62,133.69,1.19,0.81,36.0,1500.0,6.82,3656.97,0.45,,2.05,34.4,,2686.02,1790.68,4.66,20.0,1384.12,3455.0,56.5,,1147.68,3.38,,
2025-03-07,19.3,5.55,47.2,375.5,84.0,7.82,2.14,20.7,24.0,3.04,16.9,31.1,15.55,80.5,189.75,12.95,48.5,1.27,7.92,210.0,220.0,44.75,5.18,,1.86,6.74,4.0,6.0,5.46,410.0,7.88,300.0,2.88,0.27,,51.75,14.85,3.16,,38.0,15.7,166.5,3.25,309.0,18.05,6.02,7.06,,1.3,23.1,15.5,0.35,17.0,24.5,232.5,3.88,,,2337.85,133.71,1.17,0.87,36.05,1500.0,6.86,3643.48,0.45,,2.12,37.15,,2685.94,1790.62,4.66,20.0,1379.48,3455.0,56.5,,1157.82,3.35,,
2025-03-10,19.05,5.55,47.2,374.0,84.0,7.64,2.15,20.1,25.0,3.02,16.6,31.1,15.4,80.25,185.0,11.75,48.5,1.26,7.18,210.0,221.5,44.5,5.18,,1.91,6.74,4.0,6.0,5.44,400.0,7.2,300.0,2.8,0.27,,51.25,14.95,3.16,,38.0,16.0,167.75,3.25,293.0,18.0,6.02,7.18,,1.29,22.65,16.0,0.34,16.65,23.65,218.25,3.83,,,2317.22,132.36,1.11,0.84,36.1,1500.0,6.88,3613.41,0.45,,2.03,35.4,,2651.94,1767.96,4.66,20.0,1366.78,3455.0,51.0,,1160.67,3.31,,
2025-03-11,19.0,5.55,47.2,368.5,86.0,7.7,2.26,20.4,25.0,3.0,16.45,31.15,14.2,80.25,185.75,11.75,48.5,1.32,7.84,216.0,221.5,44.45,5.18,,1.95,6.8,4.0,6.0,5.44,400.0,7.5,320.0,2.8,0.27,,50.75,14.45,3.17,,38.1,16.0,166.5,3.23,291.25,18.0,5.88,7.68,,1.29,22.65,15.75,0.35,16.3,23.8,218.25,3.6,,,2299.94,132.17,1.15,0.81,36.0,1500.0,6.8,3605.4,0.45,,1.95,34.85,,2648.93,1765.95,4.66,20.0,1363.79,3455.0,51.0,,1158.51,3.55,,
2025-03-12,19.0,5.55,47.2,363.5,86.0,7.52,2.2,20.2,25.0,2.99,15.9,31.15,13.95,79.5,186.75,12.85,48.45,1.25,7.36,219.5,221.5,44.1,5.14,,1.93,6.76,4.0,6.0,5.34,400.0,7.6,320.0,3.05,0.27,,50.25,14.5,3.17,,38.0,15.9,162.0,3.22,288.0,17.95,6.0,7.22,,1.24,23.1,15.75,0.33,17.0,23.8,218.25,3.96,,,2287.09,131.56,1.11,0.82,35.95,1500.0,6.74,3583.05,0.45,,2.09,36.9,,2640.37,1758.2,4.66,20.0,1356.5,3455.0,51.0,,1161.59,3.56,,
2025-03-13,19.0,5.55,47.2,370.0,86.0,7.66,2.23,19.9,25.0,2.85,15.45,31.15,13.15,81.75,189.25,12.9,48.1,1.21,7.44,221.25,222.0,40.1,5.0,,1.92,6.52,4.0,6.0,5.3,400.0,7.98,320.0,3.0,0.27,,50.25,14.45,3.17,,38.05,15.8,160.0,3.2,285.5,17.85,6.0,7.8,,1.22,23.1,15.75,0.31,17.0,23.8,218.75,3.96,,,2251.02,130.14,1.21,0.78,35.75,1500.0,6.68,3538.96,0.45,,2.05,36.0,,2587.09,1720.73,4.66,20.0,1336.6,3455.0,51.0,,1161.94,3.5,,
2025-03-14,19.05,5.55,47.2,369.75,84.0,7.7,2.21,20.45,24.5,2.92,15.05,31.15,12.15,79.25,185.5,12.9,47.6,1.21,7.46,225.25,225.0,42.15,5.02,,1.9,6.5,4.0,6.0,5.3,400.0,7.68,320.0,3.04,0.27,,51.75,14.4,3.17,,38.0,15.9,160.5,3.04,270.75,17.75,6.1,8.12,,1.26,23.65,15.5,0.34,17.0,23.2,225.0,3.9,,,2236.72,129.54,1.21,0.76,35.05,1500.0,6.84,3529.45,0.45,,2.04,35.5,,2585.76,1719.84,4.66,20.0,1334.54,3455.0,51.0,,1162.73,3.48,,
2025-03-17,19.05,5.55,47.2,369.5,84.0,7.66,2.24,20.0,24.5,3.0,16.55,33.5,12.3,81.5,186.0,12.9,47.55,1.22,7.56,221.0,226.0,42.25,5.04,,1.94,6.44,4.0,6.0,5.22,400.0,7.1,320.0,3.27,0.27,,52.25,14.2,3.17,,39.0,15.7,160.75,3.02,272.0,17.8,6.18,8.42,,1.28,24.0,15.7,0.33,16.9,23.7,226.75,3.96,,,2252.25,130.35,1.2,0.81,34.95,1500.0,6.86,3558.32,0.45,,2.07,35.1,,2590.04,1722.69,4.66,20.0,1350.02,3455.0,51.0,,1163.11,3.52,,
2025-03-18,19.0,5.55,47.2,369.75,84.0,7.88,2.14,19.95,22.05,2.74,16.45,33.5,13.0,80.0,187.0,12.9,47.4,1.23,7.38,216.0,226.0,42.45,5.04,,1.89,6.32,4.0,6.0,5.16,400.0,7.32,320.0,3.13,0.27,,52.0,13.8,3.17,,42.0,15.85,161.75,3.04,270.5,17.7,5.88,8.58,,1.28,23.65,15.0,0.32,16.65,23.7,225.0,3.96,,,2241.35,129.9,1.21,0.77,34.85,1500.0,6.8,3552.28,0.45,,1.97,35.0,,2589.13,1722.75,4.66,20.0,1348.16,3455.0,51.0,,1157.42,3.52,,
2025-03-19,18.95,5.55,47.2,369.5,84.0,7.66,2.2,20.0,22.05,2.94,16.2,33.5,13.25,80.0,190.0,13.0,47.35,1.22,7.18,203.75,226.0,42.45,5.12,,1.9,6.28,4.0,6.0,5.16,400.0,7.84,320.0,3.35,0.27,,51.5,13.95,3.48,,39.0,15.85,161.5,3.01,305.5,17.6,5.88,8.58,,1.29,23.85,15.75,0.3,16.05,23.0,225.0,3.58,,,2256.53,130.25,1.17,0.76,34.8,1500.0,6.64,3555.16,0.45,,1.9,33.25,,2622.52,1745.64,4.66,20.0,1346.7,3455.0,51.0,,1155.5,3.54,,
2025-03-20,18.9,5.55,47.2,370.0,84.0,7.96,2.19,20.0,22.05,2.99,16.1,32.6,12.75,79.75,185.25,13.0,46.9,1.19,7.3,216.25,230.0,42.5,5.12,,1.9,6.3,4.0,6.0,5.08,400.0,8.0,320.0,3.35,0.27,,51.75,13.65,3.18,,41.4,15.3,161.0,3.07,304.25,17.55,5.9,8.18,,1.27,22.7,15.75,0.31,17.0,23.0,228.5,3.66,,,2252.97,129.91,1.21,0.73,34.6,1500.0,6.64,3537.34,0.45,,1.92,34.0,,2604.23,1732.8,4.66,20.0,1336.88,3455.0,51.0,,1156.36,3.78,,
2025-03-21,18.8,5.55,47.2,369.25,84.0,7.66,2.17,19.85,22.05,2.85,15.95,33.0,13.1,79.75,185.25,13.0,46.65,1.17,7.4,216.25,226.25,42.0,5.06,,1.91,6.38,4.0,6.0,5.26,400.0,8.18,320.0,3.35,0.27,,52.25,13.55,3.17,,40.0,15.9,160.0,3.02,304.0,17.75,5.9,8.18,,1.28,22.2,15.1,0.32,17.0,24.95,228.5,3.66,,,2245.04,130.22,1.21,0.75,34.95,1500.0,6.76,3534.87,0.45,,1.91,34.0,,2598.16,1729.43,4.66,20.0,1335.94,3455.0,51.0,,1159.29,3.49,,
2025-03-24,18.95,5.55,47.2,370.0,90.0,7.62,2.13,20.0,22.05,2.89,15.95,33.0,12.55,80.0,177.5,13.0,46.35,1.21,7.0,208.25,226.25,41.7,5.04,,1.9,6.48,4.0,6.0,5.22,400.0,8.02,320.0,3.35,0.27,,53.75,13.5,3.31,,40.65,15.55,160.25,2.96,301.25,17.75,5.9,7.9,,1.26,21.6,15.05,0.34,16.95,23.95,223.5,3.8,,,2240.76,129.75,1.16,0.77,34.6,1500.0,6.66,3515.62,0.45,,2.1,35.0,,2572.5,1712.35,4.66,20.0,1328.05,3455.0,51.0,,1159.96,3.61,,
2025-03-25,19.0,5.55,47.2,370.0,85.0,7.6,2.18,19.9,22.05,2.83,15.9,33.0,13.05,80.0,172.75,12.5,46.2,1.19,6.82,202.0,226.25,42.0,5.04,,1.94,6.5,4.0,6.0,5.1,400.0,8.34,320.0,3.08,0.27,,52.75,13.7,3.46,,42.0,15.95,161.0,2.98,300.5,17.85,6.1,8.52,,1.26,23.25,14.9,0.34,17.0,22.9,217.25,3.56,,,2242.61,129.62,1.21,0.75,34.55,1500.0,6.7,3505.23,0.45,,1.92,34.95,,2566.14,1708.11,4.66,20.0,1322.67,3455.0,51.0,,1162.16,3.29,,
2025-03-26,19.05,5.55,47.2,370.0,84.0,8.1,2.19,19.85,22.0,2.9,15.95,30.0,12.65,76.25,181.25,12.5,46.3,1.17,6.98,199.0,226.25,42.05,5.08,,2.0,6.56,4.0,6.0,5.28,400.0,10.4,320.0,3.04,0.27,,52.75,13.55,3.39,,40.0,15.85,164.0,3.18,300.25,17.9,6.1,8.16,,1.23,23.3,14.85,0.33,16.6,24.95,217.0,3.8,,,2254.26,130.24,1.21,0.74,33.15,1500.0,6.76,3525.79,0.45,,2.08,34.05,,2590.14,1724.09,4.66,20.0,1334.79,3455.0,51.0,,1161.89,3.32,,
2025-03-27,19.0,5.55,47.2,370.0,84.0,8.42,2.18,19.9,22.0,2.94,15.95,30.0,12.45,73.0,180.0,11.55,46.95,1.19,6.98,195.0,226.25,42.05,5.06,,2.07,6.64,4.0,6.0,5.06,400.0,10.5,320.0,3.34,0.27,,52.5,13.65,3.39,,38.0,15.55,164.5,3.14,299.0,18.0,6.1,8.38,,1.23,23.2,14.7,0.36,16.8,25.15,217.0,3.67,,,2263.39,130.41,1.2,0.72,32.4,1500.0,6.88,3527.24,0.45,,2.05,34.5,,2594.46,1726.96,4.66,20.0,1337.71,3455.0,51.0,,1161.82,3.6,,
2025-03-28,19.0,5.55,47.2,371.25,80.5,7.98,2.23,19.75,20.15,2.84,16.0,30.0,12.55,75.75,180.0,11.5,47.1,1.16,6.9,192.25,226.25,42.15,5.02,,1.61,6.76,4.0,6.0,4.98,400.0,10.3,320.0,3.02,0.27,,52.5,13.65,3.62,,40.25,15.8,161.75,3.26,299.25,18.3,6.0,8.4,,1.26,22.1,14.6,0.35,16.0,25.1,219.0,3.57,,,2226.88,130.81,1.14,0.76,32.35,1500.0,6.98,3532.38,0.45,,2.0,34.0,,2605.59,1735.04,4.66,20.0,1342.38,3455.0,51.0,,,3.61,,
2025-04-01,19.0,5.55,47.2,376.25,80.5,7.86,2.23,19.6,20.15,2.91,16.15,30.0,12.75,76.25,180.0,11.5,47.15,1.18,6.96,190.25,226.25,42.05,4.98,,1.63,6.74,4.0,6.0,4.95,400.0,10.6,320.0,3.02,0.27,,52.5,13.8,3.62,,39.35,15.65,163.25,3.02,300.25,18.5,6.0,8.4,,1.33,21.9,14.75,0.35,15.65,25.1,220.0,3.8,,,2241.25,131.59,1.13,0.75,33.3,1500.0,7.08,3548.88,0.45,,2.09,34.6,,2612.44,1740.28,4.66,20.0,1346.78,3455.0,51.0,,1163.71,3.3,,
2025-04-02,18.8,5.55,47.2,377.75,80.5,7.6,2.24,19.75,22.0,2.99,16.1,30.0,12.35,74.0,184.5,11.5,47.5,1.18,6.84,190.0,226.0,41.9,4.96,,1.61,6.6,4.0,6.0,4.83,400.0,10.2,300.0,3.02,0.27,,53.5,13.8,3.87,,38.0,15.45,164.0,2.98,300.5,18.55,6.0,8.4,,1.39,22.85,14.55,0.34,15.65,26.6,217.0,3.62,,,2225.59,131.5,1.13,0.76,30.35,1500.0,7.04,3545.87,0.45,,1.95,34.0,,2623.94,1747.94,4.66,20.0,1353.95,3455.0,51.0,,1164.24,3.32,,
2025-04-03,18.05,5.55,47.2,376.5,80.5,7.6,2.23,19.5,22.0,3.12,16.1,30.0,12.95,72.75,181.5,11.5,47.35,1.13,6.92,203.75,226.0,41.5,4.96,,1.63,6.54,4.0,6.0,4.83,400.5,10.6,300.0,3.02,0.27,,54.0,13.5,3.8,,40.0,15.5,165.75,2.95,301.5,18.5,6.04,8.6,,1.4,22.15,14.85,0.35,15.65,26.65,217.0,3.79,,,2233.39,131.25,1.16,0.73,31.95,1500.0,7.04,3537.01,0.45,,2.01,34.0,,2597.96,1730.63,4.66,20.0,1343.23,3455.0,51.0,,1163.5,3.35,,
2025-04-04,18.1,5.55,47.2,374.75,80.5,7.32,2.23,19.95,22.0,2.98,16.15,32.55,13.3,75.0,185.75,12.65,47.1,1.15,6.84,210.0,210.0,39.75,4.99,,1.66,6.48,4.0,6.0,4.96,400.5,11.05,310.0,3.3,0.27,,54.0,13.5,3.54,,40.0,15.25,165.5,2.95,300.25,18.65,6.1,8.6,,1.4,22.3,14.95,0.35,15.65,27.35,220.0,3.8,,,2225.1,131.51,1.19,0.75,31.6,1500.0,7.46,3536.24,0.45,,1.99,34.0,,2605.21,1735.47,4.66,20.0,1344.08,3455.0,51.0,,1167.54,3.57,,
2025-04-07,17.75,5.55,47.2,370.25,80.0,6.88,2.21,19.55,22.0,3.1,16.15,33.05,13.25,74.0,185.25,12.65,45.15,1.14,6.76,211.25,210.0,38.4,4.93,,1.67,6.22,4.0,6.0,5.0,400.5,11.3,310.0,3.01,0.27,,54.0,13.7,3.5,,39.0,15.05,168.0,3.01,301.5,18.1,6.1,8.6,,1.39,22.0,15.4,0.37,15.65,27.05,215.25,3.79,,,2204.76,129.13,1.17,0.73,31.5,1500.0,7.08,3475.74,0.45,,1.92,34.0,,2546.13,1692.18,4.66,20.0,1316.01,3455.0,51.0,,1166.63,3.25,,
2025-04-08,17.2,5.55,47.2,371.75,78.0,6.6,2.21,19.9,22.0,2.98,16.0,35.15,13.0,71.25,185.5,12.65,44.2,1.13,6.56,210.0,210.0,38.0,4.83,,1.65,6.08,4.0,6.0,5.16,440.0,11.95,310.0,3.0,0.27,,52.0,13.7,3.51,,38.25,15.4,165.75,3.0,301.5,17.6,6.1,8.72,,1.36,22.9,16.05,0.39,15.65,26.0,220.0,3.63,,,2167.53,126.88,1.2,0.71,30.3,1500.0,7.06,3410.14,0.45,,1.9,34.0,,2511.22,1669.62,4.66,20.0,1291.16,3555.0,51.0,,1166.53,3.51,,
2025-04-09,17.0,5.55,47.2,365.75,78.0,6.52,2.2,19.55,22.0,2.96,15.35,35.0,12.25,67.75,180.0,12.65,42.55,1.13,6.34,200.0,225.0,35.3,4.69,,1.6,6.02,4.0,6.0,4.85,411.0,11.7,320.0,2.78,0.27,,51.5,13.8,3.5,,38.0,15.2,163.5,3.08,294.5,17.25,6.1,8.82,,1.37,22.0,14.95,0.39,15.65,24.25,217.0,3.5,,,2119.14,123.6,1.16,0.7,30.05,1500.0,7.1,3314.15,0.45,,1.9,33.2,,2424.57,1610.77,4.66,20.0,1250.85,3555.0,51.0,,1172.62,3.31,,
2025-04-10,16.85,5.55,47.2,369.75,78.0,6.54,2.17,19.05,22.0,2.96,15.65,35.0,12.1,69.5,179.75,11.5,44.1,1.11,6.52,200.0,225.0,37.55,4.61,,1.62,5.96,4.0,6.0,4.75,440.0,10.65,320.0,2.78,0.27,,53.25,13.3,3.46,,38.0,15.5,165.0,3.2,296.5,17.55,5.92,9.5,,1.36,22.95,14.85,0.38,15.65,25.75,225.0,3.8,,,2138.65,125.76,1.19,0.71,32.4,1500.0,7.06,3387.48,0.45,,1.9,32.7,,2478.66,1647.98,4.66,20.0,1277.04,3555.0,51.0,,1172.56,3.17,,
2025-04-11,17.05,5.55,47.2,369.75,78.0,6.8,2.11,18.9,22.0,2.95,16.0,35.0,12.65,70.25,180.25,11.5,44.6,1.11,6.12,203.25,216.0,38.3,4.78,,1.62,6.0,4.0,6.0,4.77,440.0,11.45,320.0,3.0,0.27,,53.75,13.75,3.17,,38.0,15.55,165.75,2.99,299.0,17.65,5.9,10.35,,1.35,22.6,15.0,0.39,15.65,23.2,215.25,3.56,,,2166.25,126.78,1.15,0.73,32.25,1500.0,7.04,3420.07,0.45,,1.98,33.0,,2502.76,1661.43,4.66,20.0,1291.33,3555.0,51.0,,1172.59,3.03,,
2025-04-14,17.4,5.55,47.2,368.75,79.5,6.56,2.0,19.1,22.0,2.98,16.0,35.0,12.05,71.25,179.75,12.0,45.05,1.12,6.18,200.0,216.0,39.6,4.95,,1.65,6.42,4.0,6.0,4.71,440.0,11.25,320.0,2.73,0.27,,53.5,13.35,3.46,,39.0,15.3,173.5,3.03,299.25,17.7,5.46,10.3,,1.34,22.0,15.0,0.38,15.65,24.0,215.0,3.23,,,2179.96,127.62,1.16,0.75,32.45,1500.0,7.08,3450.99,0.45,,2.0,33.0,,2529.95,1680.13,4.66,20.0,1301.03,3555.0,51.0,,1175.73,3.01,,
2025-04-15,17.55,5.55,47.2,372.25,79.5,6.54,2.08,19.2,22.0,2.98,16.0,33.95,12.4,72.75,179.0,12.45,44.55,1.1,6.18,210.0,220.0,38.0,4.99,,1.64,6.36,4.0,6.0,4.63,411.0,12.0,320.0,2.59,0.27,,54.25,13.4,3.49,,39.0,15.65,179.5,3.33,299.5,17.5,5.88,10.15,,1.34,22.1,15.0,0.38,15.65,21.7,215.0,2.94,,,2183.22,127.01,1.2,0.76,32.75,1500.0,7.1,3444.74,0.45,,1.98,33.0,,2500.05,1659.63,4.66,20.0,1291.7,3555.0,51.0,,1177.02,3.02,,
2025-04-16,17.5,5.55,47.2,370.75,80.0,6.98,2.25,19.7,20.35,2.99,16.0,34.0,12.05,72.0,178.0,12.45,44.1,1.09,6.42,201.0,215.0,38.3,4.99,,1.64,6.3,4.0,6.0,4.35,411.0,11.6,320.0,2.51,0.27,,52.5,13.05,3.49,,39.0,15.65,175.0,3.08,300.0,17.35,5.62,10.3,,1.34,22.1,14.45,0.38,15.65,21.7,215.0,3.2,,,2170.1,126.02,1.19,0.76,32.3,1500.0,7.14,3414.52,0.45,,2.03,32.0,,2492.37,1654.53,4.66,20.0,1282.17,3555.0,51.0,,1177.66,3.32,,
2025-04-17,17.3,5.55,47.2,370.25,80.0,6.8,2.26,19.55,20.55,2.99,15.95,34.15,12.0,73.5,170.0,12.45,44.6,1.1,6.2,200.0,215.0,38.25,4.89,,1.61,6.16,4.0,6.0,4.31,411.0,11.8,320.0,2.74,0.27,,54.0,13.0,3.3,,39.0,15.5,173.25,3.03,300.25,17.3,5.72,10.2,,1.33,22.2,15.0,0.37,15.65,22.4,220.0,3.2,,,2151.08,125.33,1.19,0.77,29.95,1500.0,7.14,3387.61,0.45,,1.99,33.0,,2473.14,1641.77,4.66,20.0,1275.72,3555.0,51.0,,1175.18,3.43,,
2025-04-22,17.4,5.55,47.2,370.0,80.0,6.72,2.08,19.55,21.9,3.07,15.95,34.9,11.6,73.5,170.0,12.45,44.75,1.09,6.2,200.0,215.0,40.55,4.9,,1.63,6.18,4.0,6.0,4.33,440.0,11.95,320.0,2.74,0.27,,53.75,13.5,3.22,,40.95,15.55,179.25,2.95,301.0,17.3,5.9,9.62,,1.34,22.2,15.0,0.36,15.65,21.7,216.5,3.14,,,2163.49,126.03,1.18,0.72,30.0,1500.0,7.2,3415.83,0.45,,1.92,32.3,,2509.43,1665.22,4.66,20.0,1284.77,3555.0,51.0,,,3.09,,
2025-04-23,17.5,5.55,47.2,369.5,85.0,6.8,2.06,19.55,21.75,2.91,16.0,34.9,11.5,74.5,168.0,12.45,45.7,1.08,6.2,200.0,215.0,39.35,4.91,,1.6,6.04,4.0,6.0,4.34,440.0,11.9,320.0,2.83,0.27,,53.75,12.9,3.4,,38.95,15.7,178.5,2.88,300.5,17.4,6.16,9.08,,1.37,22.0,15.0,0.34,15.65,21.75,215.5,3.14,,,2149.76,126.18,1.18,0.76,30.0,1500.0,7.12,3417.25,0.45,,1.91,33.0,,2504.99,1666.76,4.66,20.0,1286.26,3555.0,51.0,,1174.93,3.1,,
2025-04-24,18.0,5.55,47.2,371.0,88.0,6.66,1.96,19.55,19.8,2.97,16.0,34.9,11.85,74.5,174.25,12.45,45.65,1.06,6.2,191.0,215.0,38.5,4.79,,1.58,6.22,4.0,6.0,4.22,440.0,11.65,320.0,2.95,0.27,,54.25,12.95,3.25,,38.95,15.45,178.0,2.94,300.0,17.35,6.12,8.72,,1.32,22.05,15.0,0.35,15.65,22.0,216.25,3.0,,,2151.86,126.14,1.18,0.74,29.55,1500.0,7.12,3428.22,0.45,,1.9,31.75,,2504.67,1667.2,4.66,20.0,1294.29,4000.0,51.0,,,3.09,,
2025-04-25,18.5,5.55,47.2,371.0,88.0,6.94,2.01,19.6,19.8,2.9,16.0,34.9,11.25,75.0,170.75,12.0,45.45,1.07,6.2,191.0,209.25,38.5,4.94,,1.6,6.28,4.0,6.0,4.3,440.0,11.5,320.0,2.97,0.27,,54.0,12.7,3.12,,38.95,15.45,175.75,2.75,300.25,17.2,6.4,8.96,,1.3,22.0,14.25,0.35,15.65,22.0,220.0,3.11,,,2151.5,125.8,1.27,0.73,30.25,1500.0,7.1,3421.61,0.45,,1.88,31.65,,2498.07,1662.81,4.66,20.0,1290.14,4000.0,51.0,,1177.89,3.03,,
2025-04-28,18.6,5.55,47.2,370.0,88.0,6.92,1.98,19.2,19.8,2.82,16.0,34.9,11.7,75.5,170.25,12.0,45.0,1.07,6.1,199.75,209.25,38.45,4.9,,1.56,6.36,4.0,6.0,4.38,440.0,11.7,320.0,3.0,0.27,,54.75,12.3,3.12,,38.95,15.5,172.0,2.93,301.25,17.1,6.2,8.2,,1.29,22.0,15.0,0.32,15.65,20.3,220.0,3.19,,,2146.45,125.53,1.15,0.74,30.45,1500.0,7.1,3416.03,0.45,,1.96,32.05,,2487.56,1657.09,4.66,20.0,1287.81,4000.0,51.0,,1175.39,3.02,,
2025-04-29,18.7,5.55,47.2,370.25,88.0,6.78,2.0,19.55,19.8,2.85,14.65,35.05,11.05,75.5,174.0,12.0,44.9,1.04,6.1,200.0,206.25,38.25,4.9,,1.59,6.12,4.0,6.0,4.33,440.0,11.9,320.0,2.76,0.27,,54.0,12.0,3.37,,38.95,15.55,173.25,2.81,300.0,17.3,6.3,8.0,,1.29,21.95,15.0,0.34,15.65,21.0,210.0,3.19,,,2129.51,125.6,1.15,0.8,31.1,1500.0,7.2,3408.28,0.45,,1.99,32.0,,2497.84,1663.94,4.66,20.0,1281.2,3925.0,51.0,,1174.84,3.02,,
2025-04-30,18.15,5.55,47.2,370.25,80.0,6.76,2.01,19.45,19.8,2.92,14.4,35.55,11.9,74.25,174.0,12.0,45.7,1.04,6.06,200.0,206.75,38.45,4.89,,1.58,6.42,4.0,6.0,4.23,440.0,11.7,320.0,2.53,0.27,,54.0,11.6,3.56,,38.95,15.4,174.5,2.92,300.0,17.55,6.18,7.2,,1.29,22.35,15.0,0.34,15.65,21.0,219.25,3.08,,,2135.51,126.08,1.12,0.73,30.1,1500.0,7.1,3412.63,0.45,,1.92,31.7,,2509.25,1669.6,4.66,20.0,1284.67,3925.0,51.0,,1163.26,3.18,,
2025-05-02,17.2,5.55,47.2,372.5,80.0,6.56,2.02,19.35,19.8,2.94,14.4,36.9,11.3,72.75,171.75,12.75,46.05,0.98,6.2,200.0,209.5,38.55,4.9,,1.62,6.28,4.0,6.0,4.16,411.0,11.4,320.0,2.66,0.27,,49.45,11.75,3.7,,38.95,15.4,174.5,2.86,270.0,18.0,6.26,7.38,,1.26,22.85,14.0,0.32,15.65,22.4,210.25,3.0,,,2106.31,125.6,1.16,0.75,30.3,1500.0,7.14,3378.62,0.45,,2.0,31.5,,2533.93,1687.98,4.66,20.0,1273.62,3925.0,51.0,,1149.59,3.1,,
2025-05-05,16.45,5.55,47.2,370.75,80.0,6.74,2.02,19.45,20.0,2.82,14.1,36.9,11.7,72.5,170.25,12.75,46.4,0.91,6.2,195.0,210.0,38.4,4.89,,1.62,6.3,4.0,6.0,4.17,411.0,11.75,320.0,2.66,0.27,,49.05,11.6,3.83,,38.0,15.25,172.25,2.84,270.5,18.25,6.06,7.44,,1.21,22.75,14.0,0.31,15.65,22.4,210.25,3.0,,,2099.56,125.76,1.07,0.72,30.55,1500.0,7.1,3365.95,0.45,,1.91,31.5,,2528.84,1684.59,4.66,20.0,1268.27,3925.0,51.0,,1144.86,3.21,,
2025-05-06,16.35,5.55,47.2,369.5,80.0,6.58,1.9,19.45,21.5,2.87,13.95,36.6,11.2,71.75,171.5,12.75,46.5,0.83,5.9,200.0,202.5,38.5,4.88,,1.62,6.2,4.0,6.0,4.11,411.0,11.45,320.0,2.5,0.27,,49.05,12.0,3.87,,38.0,15.05,170.25,2.71,269.75,18.35,5.62,7.02,,1.26,22.2,14.0,0.31,15.65,23.45,215.0,3.0,,,2099.22,125.94,1.15,0.74,30.6,1500.0,7.18,3365.92,0.45,,1.98,33.0,,2531.6,1687.74,4.66,20.0,1269.66,3925.0,51.0,,1140.96,3.13,,
2025-05-07,16.45,5.55,47.2,370.25,80.0,6.56,2.07,19.3,21.5,2.81,14.1,35.95,11.1,71.5,171.0,12.0,47.75,0.75,5.84,204.0,200.0,38.55,4.86,,1.68,6.22,4.0,6.0,4.17,411.0,11.4,320.0,2.4,0.27,,49.1,10.95,3.87,,38.0,14.5,169.0,2.69,269.75,18.3,5.62,6.5,,1.27,21.55,14.15,0.3,15.65,23.5,215.0,3.0,,,,,1.2,0.71,30.3,1500.0,7.2,,0.45,,2.02,32.85,,2546.15,1696.12,4.66,20.0,,3925.0,51.0,,1149.05,3.1,,
2025-05-08,16.55,5.55,47.2,370.0,76.0,6.4,1.92,19.25,20.35,2.81,14.1,36.45,11.15,71.5,170.75,12.75,47.85,0.82,5.8,204.0,200.0,38.5,4.82,,1.78,6.58,4.0,6.0,4.09,411.0,11.4,320.0,2.4,0.27,,49.0,10.6,3.5,,38.95,14.5,169.75,2.72,268.5,18.35,5.2,6.52,,1.21,21.55,15.3,0.28,15.65,21.15,215.0,3.0,,,2092.84,126.13,1.2,0.68,30.05,1500.0,7.1,3382.67,0.45,,1.93,31.5,,2547.85,1697.25,4.66,20.0,1279.65,3925.0,51.0,,1141.08,3.1,,
2025-05-09,16.65,5.55,47.2,370.25,76.0,6.72,1.97,19.25,20.45,2.87,14.25,36.45,11.0,71.0,174.25,12.0,47.4,0.9,5.6,205.0,200.0,38.5,4.88,,1.78,6.88,4.0,6.0,4.14,440.0,11.45,320.0,2.4,0.27,,49.0,10.25,3.5,,40.0,14.05,169.5,2.73,267.75,18.5,5.2,5.88,,1.24,22.0,15.3,0.29,15.65,21.15,215.0,3.0,,,2109.29,126.87,1.2,0.66,30.0,1500.0,7.28,3395.77,0.45,,1.86,33.0,,2555.28,1702.2,4.66,20.0,1285.49,3925.0,51.0,,1147.3,3.1,,
2025-05-12,16.9,5.55,47.2,370.0,76.0,6.34,1.9,19.3,20.45,2.83,14.2,35.65,11.8,71.5,175.0,13.0,47.45,0.91,5.4,205.0,200.0,38.45,4.86,,1.81,7.16,4.0,6.0,4.18,440.0,11.45,320.0,2.4,0.27,,49.4,10.7,3.79,,40.0,14.0,170.0,2.66,266.5,18.6,5.2,5.64,,1.25,22.25,14.0,0.29,15.65,19.05,215.0,3.0,,,2121.98,127.22,1.21,0.63,30.0,1500.0,7.34,3407.98,0.45,,1.78,33.0,,2560.38,1705.6,4.66,20.0,1291.17,3925.0,51.0,,1151.01,3.05,,
2025-05-13,16.75,5.55,56.5,370.0,80.0,6.5,1.92,19.45,21.5,2.8,14.3,35.25,11.15,71.25,178.25,13.0,47.45,0.94,5.8,206.0,200.0,39.9,4.91,,1.78,6.98,4.0,6.0,4.19,439.0,11.4,320.0,2.64,0.27,,48.8,11.3,3.79,,40.0,14.0,169.75,2.67,265.25,19.05,5.5,6.12,,1.23,21.8,15.4,0.31,15.65,19.05,215.0,3.0,,,2126.84,128.82,1.14,0.65,30.15,1500.0,7.28,3436.76,0.45,,1.89,33.05,,2597.06,1730.03,4.66,20.0,1304.84,3925.0,51.0,,1142.77,3.32,,
2025-05-14,16.95,5.55,54.0,371.5,88.0,6.14,1.95,19.3,20.15,2.82,15.05,35.25,11.1,71.0,190.75,12.6,48.1,0.95,5.98,206.0,200.0,40.9,4.97,,1.8,6.96,4.0,6.0,4.22,439.0,11.5,320.0,2.64,0.27,,49.5,12.1,3.79,,40.0,13.95,169.75,2.63,264.25,19.45,5.5,6.36,,1.26,22.55,15.1,0.33,15.65,19.05,211.75,3.0,,,2154.27,131.35,1.18,0.63,30.75,1500.0,7.34,3513.32,0.45,,1.97,34.5,,2659.4,1771.56,4.66,20.0,1342.38,3925.0,51.0,,1144.05,3.32,,
2025-05-15,17.1,5.55,54.0,372.75,88.0,6.74,1.96,19.35,21.05,2.81,15.1,35.35,11.85,72.0,192.0,12.25,48.1,0.9,6.26,206.0,200.0,42.6,4.88,,1.7,6.96,4.0,6.0,4.36,439.0,11.5,320.0,2.64,0.27,,50.75,12.65,3.63,,40.0,13.95,169.75,2.51,264.0,19.9,5.9,6.8,,1.27,22.55,14.55,0.33,15.65,19.05,212.0,2.85,,,2182.6,133.36,1.21,0.62,31.7,1500.0,7.42,3563.46,0.45,,1.84,34.4,,2698.0,1797.28,4.66,20.0,1361.2,3925.0,51.0,,1146.75,3.11,,
2025-05-16,17.1,5.55,54.0,395.25,80.0,6.62,2.04,19.3,22.0,2.69,15.5,37.0,12.0,73.0,192.0,11.35,48.6,0.88,6.34,206.0,200.0,42.85,4.87,,1.74,7.14,4.0,6.0,4.6,439.0,11.5,320.0,2.86,0.27,,51.0,12.45,3.8,,40.0,13.85,169.75,2.54,270.0,19.95,5.98,7.46,,1.27,22.9,14.3,0.31,15.65,19.3,201.0,3.0,,,2195.93,134.27,1.22,0.63,31.9,1500.0,7.46,3587.3,0.45,,1.76,34.5,,2721.19,1812.72,4.66,20.0,1369.91,3925.0,56.0,,1147.25,3.3,,
2025-05-19,17.5,5.55,54.0,394.75,80.5,6.74,2.22,19.35,22.0,2.71,16.45,40.55,12.15,77.0,188.75,11.35,48.7,0.84,6.02,209.0,200.0,42.8,4.97,,1.75,7.06,4.0,6.0,4.63,396.0,11.5,320.0,2.64,0.27,,50.25,12.3,4.01,,39.0,13.95,155.0,2.56,276.25,19.95,6.02,7.22,,1.29,23.0,14.7,0.31,15.65,21.2,215.0,3.0,,,2200.81,134.51,1.17,0.59,32.55,1500.0,7.44,3588.73,0.45,,1.81,34.55,,2737.66,1824.4,4.66,20.0,1376.54,3925.0,56.0,,1149.6,3.26,,
2025-05-20,17.6,5.55,54.0,391.25,80.5,7.1,2.12,19.4,22.0,2.77,16.45,40.25,12.1,76.5,190.0,11.35,48.9,0.85,6.22,220.0,200.0,42.7,4.89,,1.72,7.18,4.0,6.0,4.5,396.0,10.75,320.0,2.66,0.27,,51.0,11.65,3.74,,39.0,13.95,153.75,2.56,273.25,19.7,6.02,7.1,,1.27,22.8,15.45,0.31,15.65,21.2,215.0,2.99,,,2201.2,134.02,1.16,0.57,32.85,1500.0,7.24,3592.08,0.45,,1.95,34.8,,2730.23,1819.45,4.66,20.0,1376.97,3910.0,56.0,,1147.5,3.03,,
2025-05-21,17.65,5.55,54.0,395.5,80.5,7.26,2.17,19.35,21.5,2.75,16.05,40.45,12.1,76.75,192.0,12.45,48.75,0.9,6.76,220.0,203.75,42.2,4.88,,1.72,7.24,4.0,6.0,4.43,396.0,11.7,320.0,2.85,0.27,,51.0,11.85,3.85,,39.0,13.95,150.75,2.76,269.5,19.85,6.02,7.4,,1.24,22.7,15.4,0.29,15.65,20.0,208.0,2.8,,,2202.88,134.27,1.19,0.56,33.5,1500.0,7.38,3591.7,0.45,,1.95,34.75,,2722.46,1814.27,4.66,20.0,1375.93,3910.0,56.0,,1147.73,3.0,,
2025-05-22,17.65,5.55,47.2,395.75,86.5,7.2,2.07,19.3,22.0,2.72,15.85,37.35,11.6,76.25,187.5,12.45,48.5,0.92,6.18,223.25,200.0,41.65,4.93,,1.7,7.24,4.0,6.0,4.46,396.0,11.75,320.0,2.64,0.27,,52.0,11.4,3.85,,39.0,14.0,151.75,2.71,270.0,19.85,6.3,7.18,,1.23,22.55,14.55,0.29,15.65,21.2,200.25,2.85,,,2190.0,133.84,1.19,0.53,33.85,1500.0,7.0,3577.97,0.45,,1.87,34.75,,2704.47,1802.28,4.66,20.0,1367.45,3910.0,56.0,,1150.09,2.72,,
2025-05-23,17.75,5.55,47.2,399.25,86.75,7.32,2.1,19.2,21.5,2.7,15.7,37.35,11.5,76.5,189.75,12.45,48.45,0.9,6.34,224.75,200.0,40.8,4.92,,1.7,7.2,4.0,6.0,4.47,365.0,11.8,320.0,2.68,0.27,,52.0,11.45,3.85,,39.0,14.0,148.75,2.61,269.25,19.9,6.3,7.0,,1.24,23.2,15.5,0.28,15.65,21.2,200.25,3.01,,,2189.83,133.91,1.17,0.52,34.5,1500.0,7.14,3577.98,0.45,,1.95,35.0,,2695.42,1795.56,4.66,20.0,1366.9,3910.0,56.0,,1148.58,2.8,,
2025-05-26,17.9,5.55,47.2,354.0,87.5,6.98,2.01,19.1,21.35,2.71,15.55,38.0,11.45,68.75,191.5,12.0,44.0,0.88,6.48,228.25,200.5,40.8,4.95,,1.7,7.26,4.0,6.0,4.39,365.0,11.5,320.0,2.61,0.27,,53.75,11.4,3.85,,36.0,13.95,151.0,2.62,268.75,19.85,5.68,6.44,,1.21,23.35,14.15,0.28,15.65,20.05,200.75,3.3,,,2161.38,132.37,1.17,0.51,34.0,1500.0,7.08,3523.35,0.45,,1.83,33.5,,2695.48,1796.29,4.66,20.0,1346.17,3910.0,56.0,,1148.6,3.08,,
2025-05-27,17.9,5.55,47.2,349.5,87.0,7.02,1.89,19.25,21.85,2.74,15.55,37.35,11.2,70.0,185.0,12.0,43.55,0.88,6.88,233.25,200.5,41.35,4.91,,1.71,7.36,4.0,6.0,4.5,365.0,11.45,320.0,2.83,0.27,,54.25,11.4,3.7,,34.7,14.0,150.75,2.63,270.0,20.0,5.68,6.18,,1.27,23.4,15.5,0.29,15.65,20.05,201.0,3.3,,,2164.88,132.71,1.17,0.55,33.8,1500.0,7.22,3515.61,0.45,,1.83,35.45,,2690.79,1793.17,4.66,20.0,1341.1,3910.0,56.0,,1148.95,3.06,,
2025-05-28,18.0,5.55,47.2,349.25,83.75,7.0,1.72,19.3,22.0,2.72,15.5,37.35,11.6,72.0,180.0,12.0,43.55,0.9,6.72,231.25,205.0,41.85,4.91,,1.75,7.58,4.0,6.0,4.52,365.0,11.35,320.0,2.84,0.27,,54.0,11.45,3.83,,32.55,14.0,151.0,2.67,270.0,20.6,6.2,6.4,,1.22,23.1,14.3,0.3,15.65,20.05,205.25,3.01,,,2174.41,134.12,1.21,0.56,34.0,1500.0,7.14,3531.47,0.45,,1.83,35.0,,2707.84,1803.83,4.66,20.0,1346.65,3910.0,56.0,,1151.82,3.29,,
2025-05-29,18.0,5.55,47.2,347.25,90.0,6.98,1.62,19.25,22.0,2.72,15.5,38.7,11.8,72.0,183.0,12.0,43.4,0.89,6.72,228.0,205.0,42.25,4.93,,1.76,7.66,4.0,6.0,4.5,365.0,11.15,320.0,2.84,0.27,,54.25,11.45,3.83,,30.0,13.65,151.0,2.66,268.75,20.65,6.2,6.84,,1.29,23.0,14.1,0.28,15.65,22.0,205.0,3.11,,,2180.26,134.45,1.17,0.58,34.0,1500.0,7.36,3541.69,0.45,,1.9,35.0,,2716.87,1809.84,4.66,20.0,1352.26,3910.0,56.0,,1151.22,3.21,,
2025-05-30,18.3,5.55,47.2,346.75,83.5,6.7,1.49,19.5,22.0,2.71,15.5,40.0,11.8,72.0,179.5,12.0,43.05,0.86,6.64,227.0,204.75,42.1,4.95,,1.85,7.84,4.0,6.0,4.54,365.0,11.55,320.0,2.56,0.27,,54.5,11.45,3.83,,28.0,13.75,152.75,2.68,268.5,20.6,6.24,7.04,,1.22,24.35,14.1,0.26,15.65,22.0,200.5,3.11,,,2183.46,134.21,1.18,0.62,34.0,1500.0,6.92,3535.41,0.45,,1.91,35.0,,2707.56,1804.34,4.66,20.0,1348.15,3910.0,56.0,,,3.01,,
2025-06-03,18.2,5.55,47.2,346.75,80.75,6.7,1.6,19.15,20.4,2.76,15.45,41.4,11.6,72.0,174.0,12.45,42.5,0.9,6.82,219.75,221.75,43.4,5.0,,1.83,8.02,4.0,6.0,4.5,365.0,11.1,320.0,2.56,0.27,,55.0,11.05,3.49,,28.2,14.0,152.5,2.66,268.25,20.45,6.14,7.38,,1.24,23.05,14.7,0.25,15.65,22.0,205.5,2.9,,,2180.68,133.71,1.17,0.59,34.0,1500.0,7.5,3518.92,0.45,,1.95,35.35,,2704.33,1801.49,4.66,20.0,1340.72,3910.0,56.0,,1155.58,3.07,,
2025-06-04,18.1,5.55,47.2,347.75,83.5,6.98,1.76,19.05,20.5,2.71,15.45,42.6,11.4,72.0,180.0,12.45,44.05,0.88,6.52,219.0,220.0,43.0,5.0,,1.85,8.52,4.0,6.0,4.59,365.0,10.5,320.0,2.42,0.27,,54.75,11.3,3.49,,29.65,14.0,152.0,2.65,268.5,20.85,5.78,7.3,,1.19,22.4,14.1,0.23,15.65,22.85,205.5,2.9,,,2193.05,135.36,1.17,0.62,34.0,1500.0,7.66,3558.42,0.45,,1.95,35.75,,2737.57,1823.64,4.66,20.0,1360.18,3910.0,56.0,,1153.05,3.17,,
2025-06-05,18.15,5.55,47.2,347.5,84.0,6.96,1.82,19.3,22.0,2.73,15.5,43.2,11.3,72.0,179.75,12.45,44.95,0.89,6.94,225.0,220.0,43.35,5.0,,1.86,8.94,4.0,6.0,4.53,365.0,11.4,320.0,2.42,0.27,,54.75,11.4,3.29,,30.5,14.85,153.0,2.78,269.0,21.05,5.78,6.62,,1.17,23.35,14.45,0.25,15.65,22.8,205.5,2.91,,,2212.08,135.43,1.2,0.67,33.95,1500.0,7.86,3586.53,0.45,,1.89,36.2,,2760.24,1838.74,4.66,20.0,1371.42,3910.0,56.0,,1155.3,3.38,,
2025-06-09,18.3,5.55,47.2,347.5,85.5,7.02,1.81,19.75,22.0,2.86,15.45,43.95,11.45,72.0,180.0,12.45,44.35,0.88,6.54,223.0,220.0,43.2,5.0,,1.86,8.72,4.0,6.0,4.59,365.0,10.85,320.0,2.42,0.27,,54.0,11.1,3.29,,32.5,15.2,155.0,2.69,268.25,21.3,5.78,6.4,,1.16,23.95,14.05,0.25,15.65,22.0,205.0,2.92,,,2203.31,136.74,1.18,0.67,34.0,1500.0,7.76,3583.34,0.45,,1.83,34.0,,2760.6,1839.69,4.66,20.0,1371.39,3910.0,56.0,,1159.89,3.65,,
2025-06-10,18.35,5.55,47.2,348.5,85.5,7.06,1.9,20.0,20.45,2.83,15.6,43.95,11.7,72.0,186.25,12.45,44.65,0.85,6.48,209.25,220.0,43.25,5.0,,1.86,8.3,4.0,6.0,4.85,365.0,10.55,320.0,2.66,0.27,,53.75,11.15,3.6,,35.35,15.3,162.5,2.57,269.0,22.6,6.14,6.36,,1.18,23.75,14.1,0.25,15.65,22.0,205.0,2.95,,,2210.04,140.6,1.19,0.71,34.0,1500.0,8.02,3650.54,0.45,,1.84,32.05,,2820.41,1879.54,4.66,20.0,1402.54,3910.0,56.0,,1159.73,3.71,,
2025-06-11,18.5,5.55,47.2,349.0,87.0,7.34,1.9,20.15,22.0,2.71,15.95,46.55,12.05,72.0,180.5,12.45,45.45,0.85,6.66,220.0,220.0,43.5,5.16,,1.83,8.22,4.0,6.0,4.83,365.0,10.5,320.0,2.7,0.27,,54.25,11.7,3.7,,36.05,15.1,163.0,2.68,269.0,23.85,6.14,6.38,,1.17,24.55,15.5,0.26,15.65,22.0,205.75,2.95,,,2235.97,144.37,1.2,0.72,34.0,1500.0,8.08,3708.45,0.45,,1.8,34.9,,2868.59,1911.65,4.66,20.0,1426.01,3910.0,56.0,,1166.2,3.5,,
2025-06-12,18.75,5.55,47.2,348.75,88.0,7.48,1.85,20.05,21.9,2.85,16.15,46.55,11.95,72.5,181.25,12.45,46.0,0.88,6.72,211.25,213.25,44.3,5.42,,1.83,8.38,4.1,6.0,4.82,400.0,11.25,320.0,2.56,0.27,,55.0,11.95,3.5,,39.0,15.15,161.75,2.52,270.0,24.9,6.14,6.36,,1.17,24.35,15.5,0.26,15.65,22.0,207.0,2.94,,,2264.63,147.83,1.18,0.71,33.9,1500.0,8.02,3767.0,0.45,,1.95,34.9,,2925.67,1949.69,4.66,20.0,1453.83,3910.0,56.0,,1167.83,3.8,,
2025-06-13,18.9,5.55,47.2,349.0,85.5,7.68,1.88,20.05,21.9,2.86,16.7,44.55,11.9,72.5,181.0,12.45,45.35,0.89,6.72,211.25,220.0,44.55,5.52,,1.86,8.72,4.1,6.0,4.98,400.0,10.55,320.0,2.7,0.27,,56.0,12.0,3.85,,39.95,15.2,161.75,2.5,275.75,24.65,6.08,6.48,,1.19,24.25,15.5,0.26,15.05,21.95,207.25,2.85,,,2281.14,147.6,1.16,0.68,34.0,1500.0,7.86,3771.8,0.45,,1.95,34.25,,2925.84,1949.81,4.66,20.0,1453.3,3910.0,56.0,,1168.9,3.8,,
2025-06-16,18.8,5.55,47.2,349.5,86.75,7.54,1.86,19.9,21.05,2.88,16.55,44.0,11.95,73.25,182.5,12.4,46.45,0.89,6.56,212.0,220.0,44.45,5.58,,1.83,8.52,4.1,6.0,4.99,400.0,10.15,320.0,2.7,0.27,,55.0,12.0,3.8,,36.15,15.45,161.5,2.5,282.25,23.55,6.08,6.72,,1.17,25.05,15.1,0.27,13.55,20.0,208.0,2.86,,,2261.71,144.68,1.21,0.71,34.05,1500.0,7.56,3740.49,0.45,,1.95,31.05,,2908.94,1937.04,4.66,20.0,1441.68,3910.0,56.0,,1168.38,3.96,,
2025-06-17,19.0,5.55,47.2,349.5,85.0,7.3,1.85,20.3,21.05,2.86,16.35,43.95,12.0,71.0,186.25,12.45,46.3,0.85,7.06,220.5,220.0,43.95,5.42,,1.82,8.5,4.1,6.0,4.8,400.0,9.5,320.0,2.7,0.27,,56.0,11.95,3.8,,37.0,15.0,160.0,2.51,284.75,23.0,6.08,6.88,,1.2,23.1,14.2,0.28,12.85,20.65,205.75,3.14,,,2249.94,143.1,1.21,0.71,34.2,1500.0,8.0,3730.54,0.45,,1.94,28.75,,2888.55,1924.95,4.66,20.0,1435.87,3910.0,56.0,,1166.0,3.65,,
2025-06-18,18.95,5.55,47.2,349.5,85.0,7.08,1.81,20.3,20.35,2.82,16.35,43.95,12.0,74.0,185.0,12.45,46.1,0.81,7.08,220.0,220.0,44.15,5.42,,1.95,8.52,4.1,6.0,4.77,400.0,10.4,320.0,2.83,0.27,,56.0,12.0,3.8,,36.5,14.5,160.0,2.59,284.5,23.5,6.0,6.86,,1.21,24.5,14.2,0.28,11.9,20.65,205.75,3.37,,,2266.1,144.37,1.21,0.7,34.2,1500.0,8.04,3745.93,0.45,,1.86,30.55,,2901.08,1933.31,4.66,20.0,1441.87,3910.0,56.0,,1165.33,3.61,,
2025-06-19,18.5,5.55,47.2,349.25,89.5,7.48,1.73,20.4,20.0,2.83,16.5,46.4,11.5,73.0,182.5,11.3,46.1,0.89,6.92,220.0,220.0,43.55,5.5,,1.86,8.52,4.1,6.0,4.62,400.0,9.52,320.0,2.65,0.27,,56.0,11.95,3.8,,39.15,15.0,160.0,2.5,282.25,23.7,5.52,6.72,,1.2,24.4,15.4,0.29,11.9,20.8,207.5,3.44,,,2265.89,144.62,1.2,0.68,34.15,1500.0,8.18,3736.84,0.45,,1.95,33.6,,2891.67,1927.03,4.66,20.0,1436.96,3910.0,56.0,,1161.89,3.62,,
2025-06-20,18.65,5.55,47.2,350.0,90.0,7.46,1.71,20.4,20.7,2.82,16.65,46.4,11.5,74.0,185.0,11.3,46.15,0.88,6.98,225.0,220.0,43.6,5.54,,1.83,8.66,4.1,6.0,4.55,400.0,10.25,295.0,2.65,0.27,,56.0,11.95,3.42,,38.3,14.9,160.25,2.47,283.0,23.95,5.52,6.54,,1.12,24.9,15.15,0.3,12.4,20.05,208.25,3.71,,,2277.04,145.68,1.17,0.68,34.3,1500.0,8.12,3760.63,0.45,,1.76,34.3,,2908.7,1938.38,4.66,20.0,1447.35,3910.0,56.0,,1156.88,3.38,,
2025-06-23,18.7,5.55,47.2,358.0,85.0,7.54,1.0,20.25,21.5,2.77,16.65,41.8,11.5,74.0,181.25,11.6,46.15,0.88,6.98,235.0,220.0,43.55,5.66,,1.8,8.8,4.1,6.0,4.79,400.0,10.2,295.0,2.65,0.27,,56.75,11.5,3.42,,37.8,14.75,161.0,2.59,288.75,23.9,5.52,6.68,,0.71,25.0,14.35,0.3,12.35,20.1,207.75,3.8,,,2280.76,145.76,1.17,0.69,34.4,1500.0,7.92,3761.26,0.45,,1.9,33.5,,2907.99,1937.91,4.66,20.0,1442.91,3910.0,56.0,,1158.0,3.65,,
2025-06-24,18.65,5.55,47.2,359.25,92.0,7.54,1.0,20.4,20.1,2.73,17.0,38.0,11.45,74.0,189.5,11.6,46.5,0.86,6.98,213.0,217.5,44.0,5.66,,1.82,9.06,4.1,6.0,4.74,400.0,10.1,295.0,2.65,0.27,,57.0,11.5,3.7,,34.5,15.0,160.5,2.46,290.25,24.05,6.0,6.64,,0.71,24.95,14.45,0.3,19.25,20.0,206.5,3.66,,,2294.05,147.49,1.15,0.65,34.65,1500.0,8.1,3794.8,0.45,,1.92,33.2,,2940.19,1959.37,4.66,20.0,1461.98,3910.0,56.0,,1148.53,3.65,,
2025-06-25,18.65,5.55,47.2,360.25,92.0,7.52,1.0,20.3,20.0,2.77,17.0,38.0,11.45,74.25,189.5,12.4,47.1,0.86,7.0,213.0,217.5,44.45,5.96,,1.87,9.68,4.1,6.0,4.89,400.0,10.2,295.0,2.89,0.27,,58.0,11.95,3.7,,34.05,14.9,161.25,2.58,293.0,24.15,6.0,6.72,,0.71,24.7,15.0,0.32,19.75,20.2,205.5,3.66,,,2318.17,148.5,1.17,0.66,34.7,1500.0,8.2,3818.82,0.45,,1.92,32.65,,2961.99,1973.13,4.66,20.0,1469.98,3910.0,56.0,,1154.69,3.48,,
2025-06-26,18.7,5.55,47.2,359.5,92.0,7.52,1.0,20.4,21.85,2.77,16.9,38.1,11.65,74.75,185.0,11.3,47.85,0.89,7.04,215.0,217.5,45.3,6.36,,1.88,10.55,4.1,6.0,4.73,400.0,10.4,295.0,2.9,0.27,,57.5,11.75,3.7,,36.05,14.65,161.0,2.54,294.75,24.55,6.0,7.0,,0.71,24.95,14.05,0.3,19.35,20.2,206.25,3.67,,,2342.91,149.88,1.17,0.69,35.0,1500.0,8.48,3841.6,0.45,,1.94,32.65,,2991.62,1992.87,4.66,20.0,1480.14,3910.0,56.0,,1155.08,3.8,,
2025-06-27,18.95,5.55,47.2,354.5,85.25,7.76,1.0,20.6,21.85,2.88,17.35,38.05,11.5,75.5,186.0,11.3,48.85,0.88,7.3,225.0,221.0,46.5,6.84,,1.91,11.4,4.1,6.0,4.74,400.0,10.2,295.0,2.9,0.27,,58.75,12.1,4.04,,37.5,14.5,161.5,2.59,296.5,24.95,6.02,7.22,,0.71,24.45,14.95,0.3,19.15,20.4,200.0,3.88,,,2396.78,152.45,1.15,0.64,35.55,1500.0,8.62,3909.5,0.45,,1.96,34.15,,3046.28,2029.28,4.66,20.0,1507.39,3910.0,56.0,,1155.86,4.14,,
2025-06-30,19.2,5.55,47.2,361.0,85.25,8.06,1.0,20.2,21.0,2.98,17.9,37.8,11.7,77.25,184.5,11.3,48.9,0.89,7.5,225.0,226.0,46.6,7.46,,1.97,11.5,4.1,6.0,4.81,400.0,10.35,310.0,2.9,0.27,,59.5,13.0,4.01,,35.65,15.3,164.5,2.75,299.75,25.0,6.5,7.04,,0.71,23.45,15.0,0.29,17.85,20.4,212.0,3.78,,,2440.26,153.43,1.19,0.68,35.75,1500.0,9.02,3938.28,0.45,,1.96,33.7,,3068.19,2043.88,4.66,20.0,1516.93,3910.0,56.0,,1159.52,4.48,,
2025-07-01,19.65,5.55,47.2,362.0,85.25,7.86,1.0,20.2,21.5,2.91,17.55,39.55,11.6,80.25,186.5,11.3,49.95,0.94,7.56,225.0,226.0,46.3,6.86,,2.0,10.4,4.1,6.0,5.08,400.0,10.5,310.0,2.89,0.27,,61.25,13.4,3.63,,39.0,14.95,173.5,2.65,302.0,26.0,6.5,7.18,,0.71,23.85,14.1,0.31,17.95,20.25,212.25,3.91,,,2438.43,156.58,1.12,0.7,36.25,1500.0,8.56,4007.96,0.45,,1.96,33.4,,3109.42,2071.34,4.66,20.0,1540.4,3910.0,56.0,,1159.97,4.83,,
2025-07-02,19.6,5.55,47.2,365.0,85.25,7.96,1.0,20.8,21.9,2.83,17.05,39.55,12.0,79.25,187.5,11.3,50.25,0.88,7.7,230.0,245.0,46.6,6.74,,2.02,9.78,4.1,6.0,5.18,400.0,10.05,310.0,2.85,0.27,,60.75,13.95,3.8,,39.0,15.3,174.5,2.71,304.75,26.45,6.3,7.2,,0.71,24.0,14.1,0.29,18.0,20.5,219.0,3.88,,,2439.78,157.86,1.2,0.67,36.75,1500.0,8.66,4026.68,0.45,,1.96,34.2,,3127.27,2084.04,4.66,20.0,1548.2,3910.0,56.0,,1153.97,5.3,,
2025-07-03,19.95,5.55,47.2,365.25,85.25,7.62,1.0,20.5,21.5,2.92,17.1,40.75,12.25,80.0,190.0,11.3,52.0,0.86,7.72,225.0,267.5,46.4,7.08,,2.01,10.55,4.1,6.0,5.4,395.0,9.62,310.0,2.85,0.27,,62.5,13.4,3.76,,39.5,15.0,177.25,2.74,308.5,26.75,6.86,7.56,,0.71,23.95,15.1,0.3,19.65,21.05,227.0,4.21,,,2473.79,160.13,1.24,0.65,37.3,1500.0,9.1,4085.6,0.45,,1.81,33.85,,3169.59,2112.24,4.66,20.0,1571.16,4040.0,56.0,,1149.81,5.76,,
2025-07-04,19.95,5.55,47.2,367.25,85.25,7.8,1.0,20.9,21.8,3.04,17.3,40.85,12.2,78.0,191.25,11.35,51.75,0.92,7.74,233.0,281.0,47.0,7.16,,2.1,11.5,4.1,6.0,5.14,365.25,9.92,310.0,2.81,0.27,,62.75,14.0,3.76,,39.4,15.05,177.5,2.75,306.0,26.95,6.8,7.62,,0.71,23.95,15.25,0.3,20.9,21.65,230.0,4.06,,,2503.72,161.17,1.26,0.67,37.4,1500.0,9.24,4107.72,0.45,,1.85,34.65,,3185.11,2122.59,4.66,20.0,1579.05,4040.0,56.0,,1154.42,6.16,,
2025-07-07,19.95,5.55,47.2,373.25,91.25,8.46,1.0,21.1,21.95,3.15,17.3,40.95,12.25,80.0,193.5,11.35,50.5,0.85,7.48,230.0,304.0,47.0,7.32,,2.31,11.65,4.1,6.0,5.2,365.25,10.7,310.0,2.81,0.27,,62.75,14.0,3.76,,42.8,15.25,180.0,2.75,305.0,27.2,6.62,7.9,,0.71,24.05,15.25,0.31,22.5,21.8,234.25,3.88,,,2540.41,162.33,1.29,0.66,37.7,1500.0,9.42,4117.34,0.45,,1.86,35.25,,3185.59,2122.91,4.66,20.0,1579.58,4040.0,56.0,,1153.76,6.62,,
2025-07-08,19.95,5.55,47.2,380.25,91.5,8.42,1.0,21.75,22.0,3.36,17.25,40.95,12.35,79.0,200.25,12.45,50.5,0.9,7.62,230.0,301.0,47.3,7.38,,2.43,11.1,4.1,6.0,5.2,365.25,10.65,310.0,2.78,0.27,,62.75,14.05,3.78,,39.95,15.5,178.25,2.75,303.25,27.2,6.58,8.06,,0.71,23.55,15.25,0.31,23.7,20.8,232.0,3.89,,,2556.38,162.83,1.33,0.68,37.6,1500.0,9.74,4132.27,0.45,,1.89,35.35,,3200.25,2132.67,4.66,20.0,1588.86,4040.0,56.0,,1156.35,7.1,,
2025-07-09,19.9,5.55,47.2,373.0,89.0,8.28,1.0,21.35,22.0,3.57,17.15,37.15,12.3,78.25,203.0,13.1,49.5,0.88,7.78,225.75,320.0,46.5,7.24,,2.42,10.8,4.1,6.0,5.2,365.25,10.9,310.0,2.73,0.27,,62.25,14.15,4.14,,40.0,15.3,176.75,2.65,297.5,26.85,6.5,7.94,,0.71,23.15,14.05,0.3,22.1,20.15,230.0,4.2,,,2543.81,161.0,1.34,0.69,37.15,1500.0,9.74,4094.85,0.45,,1.94,35.8,,3162.63,2107.61,4.66,20.0,1575.32,3900.0,56.0,,1156.08,6.62,,
2025-07-10,19.85,5.55,47.2,373.25,89.0,8.24,1.0,21.65,22.5,3.39,17.05,37.3,12.3,78.25,210.5,12.95,49.5,0.91,7.56,226.0,302.0,46.5,7.16,,2.21,10.6,4.1,6.0,5.34,369.75,10.85,310.0,2.54,0.27,,62.0,14.4,4.11,,43.4,15.25,173.0,2.65,301.75,26.55,6.82,7.78,,0.71,23.65,14.1,0.32,21.3,20.1,230.75,4.23,,,2516.27,160.27,1.34,0.69,36.8,1500.0,9.78,4088.43,0.45,,1.9,35.5,,3163.57,2108.23,4.66,20.0,1575.69,3900.0,56.0,,1153.98,6.02,,
2025-07-11,19.9,5.55,47.2,381.0,89.0,8.18,1.0,20.7,22.05,3.29,17.05,37.3,12.05,79.25,211.75,11.75,49.65,0.92,7.42,226.0,321.5,46.4,7.08,,2.26,11.05,4.1,6.0,5.32,400.0,10.9,310.0,2.58,0.27,,63.5,14.0,4.25,,45.05,15.75,171.0,2.53,301.25,26.0,6.5,8.0,,0.71,24.05,15.2,0.31,21.25,20.5,239.75,4.22,,,2513.67,159.06,1.31,0.69,36.15,1500.0,9.66,4077.04,0.45,,1.85,35.1,,3149.64,2098.95,4.66,20.0,1567.28,3900.0,56.0,,1156.88,5.42,,
2025-07-14,19.65,5.55,47.2,379.75,89.0,8.04,1.0,21.75,22.0,3.42,16.9,40.0,11.7,79.0,209.0,11.75,48.55,0.91,7.38,226.0,320.75,46.15,7.04,,2.25,11.15,4.1,6.0,5.42,400.0,10.8,310.0,2.52,0.27,,63.25,14.0,4.2,,46.8,15.05,170.5,2.61,301.0,25.7,7.02,8.0,,0.71,23.2,15.25,0.3,20.6,21.0,240.0,4.48,,,2502.86,157.69,1.3,0.68,36.8,1500.0,9.92,4039.89,0.45,,1.85,35.05,,3114.76,2075.7,4.66,20.0,1550.19,3900.0,56.0,,1155.69,5.38,,
2025-07-15,19.75,5.55,47.2,377.5,89.0,8.02,1.0,21.2,22.55,3.32,17.0,38.45,12.0,78.5,206.25,11.75,49.45,0.9,7.38,230.5,320.0,46.35,7.1,,2.28,11.2,4.1,6.0,5.34,400.0,10.85,310.0,2.7,0.27,,62.75,14.0,4.3,,47.5,15.2,170.0,2.67,301.25,25.6,6.76,8.04,,0.71,23.4,14.5,0.32,15.75,20.85,240.25,4.25,,,2504.4,157.04,1.32,0.69,36.7,1500.0,9.86,4043.51,0.45,,1.81,35.1,,3122.78,2081.05,4.66,20.0,1553.09,3900.0,56.0,,1154.15,5.32,,
2025-07-16,19.8,5.55,47.2,377.5,89.0,8.06,1.0,21.7,23.35,3.23,16.95,40.65,12.0,78.5,208.25,11.65,49.45,0.91,7.34,237.25,340.75,45.9,7.04,,2.2,11.0,4.1,6.0,5.28,400.0,10.7,310.0,2.69,0.27,,63.5,13.95,4.43,,47.65,15.35,171.0,2.7,301.5,25.85,6.6,8.14,,0.71,23.45,15.0,0.32,14.25,19.1,240.5,4.23,,,2496.77,157.6,1.34,0.68,36.7,1500.0,9.78,4057.97,0.45,,1.77,35.15,,3127.2,2083.19,4.66,20.0,1557.13,3900.0,56.0,,1156.26,5.38,,
2025-07-17,19.7,5.55,47.2,381.0,89.0,8.14,1.0,21.3,23.35,3.21,16.85,40.0,11.8,78.0,199.5,11.5,50.0,0.9,7.5,235.0,340.75,45.9,7.12,,2.14,10.7,4.1,6.0,5.28,400.0,10.8,310.0,2.54,0.27,,63.0,13.85,4.4,,47.65,15.5,171.25,2.57,302.0,26.1,6.46,8.34,,0.71,23.85,15.0,0.32,14.0,19.9,239.25,4.53,,,2487.98,157.79,1.33,0.65,36.55,1500.0,9.66,4046.55,0.45,,1.82,35.3,,3127.07,2083.91,4.66,20.0,1552.39,3900.0,56.0,,1156.0,5.5,,
2025-07-18,19.55,5.55,47.2,381.0,90.75,8.28,1.0,21.9,23.35,3.33,16.75,41.0,11.85,78.25,194.25,11.5,49.5,0.93,7.72,235.0,321.75,46.2,7.16,,2.21,10.7,4.1,6.0,5.3,400.0,10.85,310.0,2.53,0.27,,63.0,13.8,4.01,,47.15,15.55,173.5,2.58,304.5,26.25,6.46,8.16,,0.71,24.0,15.0,0.32,13.65,19.55,235.25,4.52,,,2500.78,157.93,1.27,0.68,36.5,1500.0,9.52,4038.52,0.45,,1.81,35.05,,3121.91,2080.47,4.66,20.0,1545.47,3900.0,56.0,,1157.31,5.0,,
2025-07-21,19.6,5.55,47.2,380.0,90.0,8.42,1.0,21.95,23.5,3.3,16.45,41.0,12.0,78.0,196.0,11.95,49.8,0.87,7.68,235.25,325.25,46.9,7.08,,2.24,10.8,4.1,6.0,5.22,400.0,10.65,310.0,2.6,0.27,,63.0,13.65,4.0,,48.4,15.45,176.25,2.52,305.75,26.45,6.16,7.76,,0.71,24.1,14.3,0.31,13.35,19.55,239.75,4.35,,,2507.43,158.63,1.27,0.66,36.15,1500.0,9.34,4056.82,0.45,,1.83,35.05,,3141.93,2093.81,4.66,20.0,1551.59,3900.0,56.0,,1161.02,5.0,,
2025-07-22,19.45,5.55,47.2,379.75,90.0,8.54,1.0,21.7,23.5,3.34,16.45,41.5,11.5,78.25,193.0,11.0,49.7,0.86,7.78,235.25,328.5,47.55,7.14,,2.22,10.75,4.1,6.0,5.36,400.0,10.4,310.0,2.6,0.27,,63.0,13.55,4.0,,48.95,15.4,177.25,2.63,305.5,27.0,6.14,8.02,,0.71,24.0,14.9,0.31,12.25,18.95,239.75,4.22,,,2507.36,159.92,1.29,0.67,36.15,1500.0,9.8,4070.99,0.45,,1.82,34.75,,3160.67,2106.3,4.66,20.0,1557.62,4080.0,56.0,,1169.22,5.0,,
2025-07-23,19.55,5.55,47.2,380.5,89.25,8.42,1.0,21.4,23.5,3.25,16.5,44.9,11.4,78.0,198.25,11.15,50.0,0.88,7.88,238.5,329.25,48.25,7.16,,2.2,10.9,4.1,6.0,5.2,400.0,11.0,310.0,2.65,0.27,,64.0,13.55,3.64,,45.0,15.1,177.0,2.61,307.0,27.2,6.36,8.02,,0.71,24.1,14.7,0.31,11.55,19.55,239.25,4.33,,,2512.88,160.98,1.27,0.65,36.15,1500.0,9.78,4106.07,0.45,,1.83,34.5,,3190.71,2126.32,4.66,20.0,1572.7,4080.0,61.5,,1165.18,5.04,,
2025-07-24,19.45,5.55,47.2,379.25,89.5,8.44,1.0,21.6,24.8,3.37,16.6,41.25,11.6,78.0,198.0,11.6,50.25,0.93,7.82,235.0,332.25,47.3,7.26,,2.21,10.9,4.1,6.0,5.18,439.0,11.0,310.0,2.68,0.27,,64.25,13.65,3.86,,46.75,15.45,176.75,2.68,309.25,26.9,6.62,8.0,,0.71,24.95,14.7,0.31,10.65,19.55,241.5,4.05,,,2521.81,160.23,1.27,0.65,36.5,1500.0,9.6,4094.94,0.45,,1.83,35.0,,3173.57,2114.9,4.66,20.0,1566.92,4080.0,63.5,,1154.15,5.5,,5.9
2025-07-25,19.5,5.55,47.2,398.5,89.5,8.8,1.0,21.65,24.8,3.36,16.65,43.95,11.55,77.0,196.25,11.6,50.5,0.91,7.84,231.75,330.75,47.5,7.3,,2.2,10.9,4.1,6.0,5.2,439.0,11.0,310.0,2.69,0.27,,64.75,13.7,3.9,,47.75,15.05,176.75,2.6,309.0,26.9,6.02,8.1,,0.71,25.45,14.3,0.3,9.94,19.25,245.25,4.18,,,2536.04,160.53,1.28,0.68,36.9,1500.0,9.9,4104.79,0.45,,1.81,35.5,,3182.27,2120.69,4.66,20.0,1569.11,4080.0,63.5,,1152.52,5.92,,5.92
2025-07-28,19.35,5.55,47.2,398.75,89.5,8.48,1.0,21.55,24.8,3.38,17.0,43.0,11.55,80.0,207.0,11.6,49.8,0.94,7.8,231.75,338.25,47.1,7.38,,2.21,10.95,4.1,6.0,5.22,439.0,10.9,310.0,2.69,0.27,,65.25,13.7,3.8,,44.4,15.05,176.5,2.55,310.75,27.15,6.6,7.8,,0.71,25.4,14.3,0.3,9.56,19.55,245.5,4.18,,,2543.57,161.55,1.25,0.63,36.85,1500.0,10.0,4130.57,0.45,,1.81,34.55,,3197.56,2130.88,4.66,20.0,1581.92,4080.0,63.5,,1155.7,6.48,,5.9
2025-07-29,19.5,5.55,47.2,399.75,89.5,8.52,1.0,21.95,24.05,3.39,17.0,40.1,11.55,76.5,224.0,12.4,50.25,0.92,7.82,231.75,339.5,47.3,7.34,,2.21,11.0,4.1,6.0,5.14,439.0,10.95,310.0,2.68,0.27,,65.75,13.55,4.0,,43.25,15.05,177.0,2.51,310.25,27.85,6.6,7.96,,0.71,25.35,14.5,0.29,9.52,19.55,245.25,4.18,,,2565.78,164.49,1.26,0.63,36.9,1500.0,9.96,4204.21,0.45,,1.8,37.1,,3254.74,2168.99,4.66,20.0,1617.48,4080.0,67.5,,1153.16,7.08,,5.9
2025-07-30,19.5,5.55,47.2,402.0,89.5,8.54,1.0,21.6,24.05,3.39,17.0,39.6,11.5,77.5,226.0,11.7,50.25,0.9,7.8,239.0,345.0,47.35,7.4,,2.22,11.35,4.1,6.0,5.1,439.0,10.9,310.0,2.46,0.27,,66.0,13.7,4.03,,44.6,15.2,177.0,2.55,315.0,27.4,6.6,7.98,,0.71,25.45,14.5,0.29,9.58,20.0,245.0,4.2,,,2570.81,163.67,1.2,0.61,36.95,1500.0,9.66,4199.94,0.45,,1.83,35.9,,3249.25,2165.33,4.66,20.0,1613.27,4080.0,67.5,,1150.14,7.76,,6.26
2025-07-31,19.5,5.55,47.2,400.25,90.0,8.54,1.0,21.7,23.9,3.4,17.0,39.6,11.65,79.5,210.75,12.05,50.5,0.94,7.78,244.0,339.5,47.4,7.36,,2.21,11.3,4.1,6.0,5.02,439.0,10.9,310.0,2.58,0.27,,66.25,13.4,4.23,,47.5,15.15,177.25,2.57,316.25,26.3,6.52,8.1,,0.71,25.5,14.5,0.29,9.6,20.1,245.5,4.2,,,2558.63,160.22,1.26,0.63,36.65,1500.0,9.52,4135.28,0.45,,1.83,35.5,,3195.88,2129.76,4.66,20.0,1578.79,4080.0,67.5,,1155.11,8.52,,5.92
2025-08-01,19.5,5.55,47.2,404.5,90.0,8.46,1.0,22.05,23.7,3.41,16.7,43.25,11.75,76.5,210.25,12.5,50.5,0.94,7.52,267.0,310.5,47.3,7.26,,2.22,11.2,4.1,6.0,5.02,439.0,10.7,310.0,2.59,0.27,,62.75,13.2,4.48,,50.75,15.05,178.5,2.59,315.0,26.0,6.52,8.22,,0.71,25.5,14.5,0.29,9.5,19.4,224.5,4.5,,,2537.5,158.95,1.26,0.63,36.85,1500.0,10.35,4106.83,0.45,,1.8,35.2,,3200.53,2132.86,4.66,20.0,1570.16,4080.0,67.5,,1151.6,8.74,,5.9
2025-08-04,19.5,5.55,47.2,405.0,89.25,7.64,1.0,21.95,23.7,3.39,16.65,43.25,11.8,77.25,209.75,12.55,50.25,0.98,7.5,240.5,303.5,47.05,7.22,,2.2,11.2,4.1,6.0,5.0,439.0,10.85,310.0,2.59,0.27,,64.75,13.4,4.45,,45.75,15.6,179.75,2.69,311.5,25.75,6.5,8.02,,0.71,27.25,14.5,0.29,9.5,19.5,225.25,4.5,,,2522.6,158.02,1.24,0.63,36.7,1500.0,10.2,4091.45,0.45,,1.74,35.0,,3183.71,2121.65,4.66,20.0,1562.2,4080.0,74.0,,1152.14,9.46,,6.12
2025-08-05,19.55,5.55,47.2,405.0,90.0,7.7,1.0,22.15,24.8,3.38,16.6,41.0,11.7,77.25,208.75,13.1,50.5,1.01,7.42,260.0,310.0,47.15,7.28,,2.22,11.25,4.1,6.0,4.99,439.0,10.65,310.0,2.62,0.27,,64.5,13.4,4.52,,45.7,15.85,178.0,2.61,313.25,25.85,6.5,8.4,,0.71,27.0,14.5,0.3,9.5,20.4,237.75,4.43,,,2521.09,158.38,1.25,0.63,36.6,1500.0,10.15,4097.37,0.45,,1.71,34.5,,3190.0,2125.85,4.66,20.0,1564.17,4080.0,74.0,,1153.69,10.35,792.0,5.98
2025-08-06,19.65,5.55,47.2,408.75,89.75,7.78,1.0,22.0,24.8,3.36,16.55,41.0,11.55,76.75,207.75,13.0,51.5,1.05,7.28,265.0,316.5,47.5,7.24,,2.2,11.35,4.1,6.0,4.9,439.0,10.35,310.0,2.68,0.27,,64.75,13.55,4.59,,47.2,16.2,179.75,2.69,317.75,26.0,6.5,8.38,,0.71,27.4,14.5,0.29,9.5,20.4,238.0,4.5,,,2525.07,159.24,1.26,0.64,36.75,1500.0,10.15,4122.17,0.45,,1.72,34.5,,3213.86,2141.74,4.66,20.0,1572.71,3985.0,74.0,,1150.78,10.9,792.0,6.1
2025-08-07,19.7,5.55,47.2,414.75,89.5,7.62,1.0,22.45,23.75,3.38,16.8,43.7,11.7,77.75,209.5,13.45,52.0,1.04,7.38,264.5,316.5,48.05,7.42,,2.25,11.4,4.1,6.0,4.91,439.0,10.6,310.0,2.61,0.27,,65.0,13.6,4.98,,47.65,16.3,180.0,2.61,319.0,26.4,5.96,8.12,,0.71,26.9,14.5,0.29,9.48,20.4,235.0,4.4,,,2549.09,160.98,1.27,0.65,36.75,1500.0,9.9,4159.04,0.45,,1.71,35.45,,3249.69,2160.6,4.66,20.0,1589.48,3985.0,74.0,,1147.58,11.8,792.0,6.1
2025-08-08,19.85,5.55,47.2,419.0,89.75,8.0,1.0,22.6,24.6,3.42,16.95,43.75,11.75,79.5,208.0,14.0,52.5,1.06,7.3,260.0,317.75,48.35,7.44,,2.25,11.3,4.1,6.0,4.9,410.0,10.0,310.0,2.75,0.27,,66.25,13.7,5.4,,48.55,15.95,180.75,2.73,321.0,26.25,5.94,8.38,,0.71,26.95,14.1,0.31,9.46,20.4,244.75,4.32,,,2569.28,161.19,1.27,0.65,37.3,1500.0,10.35,4176.79,0.45,,1.72,35.95,,3258.8,2171.69,4.66,20.0,1593.22,3985.0,74.0,,1148.69,12.55,792.0,6.12
2025-08-11,19.95,5.55,47.2,425.0,90.0,8.28,1.0,21.95,24.6,3.45,16.9,43.75,11.6,79.75,208.25,15.0,52.0,1.13,7.5,269.75,319.25,48.35,7.44,,2.24,11.3,4.1,6.0,4.88,400.0,10.9,310.0,2.95,0.27,,66.75,13.4,5.72,,49.55,15.85,185.25,2.67,329.5,26.4,5.96,8.26,,0.71,27.75,14.4,0.31,9.34,19.55,235.75,4.09,,,2590.7,162.18,1.28,0.62,38.75,1500.0,10.75,4201.88,0.45,,1.71,35.95,,3267.1,2177.22,4.66,20.0,1597.69,3985.0,74.0,,1150.95,13.75,792.0,6.1
2025-08-12,19.95,5.55,47.2,429.0,90.0,8.02,1.0,22.0,24.75,3.57,17.0,45.55,11.95,80.75,208.0,14.5,52.75,1.24,8.04,274.5,325.5,48.5,7.4,,2.27,11.25,4.1,6.0,4.78,400.0,11.15,310.25,2.94,0.27,,66.5,13.85,6.02,,49.9,16.05,184.25,2.74,330.0,26.3,6.2,8.1,,0.71,27.9,14.5,0.31,9.46,19.65,239.25,4.49,,,2607.39,162.22,1.23,0.64,38.4,1500.0,10.75,4209.58,0.45,,1.78,35.95,,3275.92,2183.1,4.66,20.0,1602.12,3985.0,74.0,,1159.51,14.85,800.0,5.9
2025-08-13,19.8,5.55,47.2,434.5,89.25,8.06,1.0,21.8,26.4,3.71,17.35,45.55,11.85,81.0,207.75,14.6,54.0,1.35,8.84,275.75,326.5,49.35,7.4,,2.26,11.05,4.1,6.0,4.76,385.75,11.35,310.25,2.85,0.27,,65.25,13.7,6.48,,50.25,16.0,184.25,2.78,333.5,26.35,6.04,8.28,,0.71,28.0,14.3,0.31,9.32,19.75,241.75,4.42,,,2629.39,162.96,1.24,0.65,38.3,1500.0,10.65,4235.84,0.45,,1.77,36.0,,3309.17,2205.26,4.66,20.0,1616.66,3985.0,74.0,,1160.96,14.3,800.0,6.0
2025-08-14,20.0,5.55,47.2,438.75,90.0,8.3,1.0,21.75,29.0,3.86,17.4,45.5,11.9,81.0,204.25,14.15,54.75,1.48,9.58,273.5,326.25,52.75,7.44,,2.28,11.1,4.1,6.0,4.72,402.75,11.5,310.25,2.82,0.27,,65.75,12.7,6.9,,53.75,15.95,184.5,2.85,333.0,26.5,6.1,8.3,,0.71,29.3,14.45,0.3,9.36,19.65,241.25,4.13,,,2664.29,164.38,1.26,0.65,38.0,1500.0,10.6,4279.56,0.45,,1.72,36.0,,3367.29,2243.99,4.66,20.0,1635.0,3985.0,74.0,,1160.58,14.5,800.0,6.2
2025-08-15,19.95,5.55,47.2,442.0,89.25,8.3,1.0,21.8,31.9,3.97,17.35,45.5,12.0,81.5,207.0,14.0,54.5,1.62,9.22,286.25,327.0,54.0,7.42,,2.29,11.2,4.1,6.0,4.7,372.0,11.35,310.25,2.87,0.27,,64.75,13.05,6.56,,55.0,16.0,184.25,2.87,335.25,26.9,5.98,8.3,,0.71,29.55,13.8,0.3,9.3,19.75,242.25,4.26,,,2670.48,165.66,1.22,0.69,37.55,1500.0,10.75,4299.73,0.45,,1.71,36.15,,3398.43,2264.74,4.66,20.0,1644.52,3985.0,74.0,,1179.17,14.7,800.0,6.2
2025-08-18,19.9,5.55,47.2,439.0,89.5,8.3,1.0,22.2,31.2,4.14,17.1,44.05,11.85,85.0,207.0,15.3,54.75,1.47,8.98,289.75,326.5,54.5,7.44,,2.39,11.35,4.1,6.0,4.71,400.0,11.45,310.25,2.84,0.27,,65.0,13.9,6.28,,58.5,16.0,184.0,2.81,336.0,27.0,6.06,8.3,,0.71,28.45,13.7,0.31,9.3,19.95,241.5,4.36,,,2689.51,166.34,1.27,0.7,38.7,1500.0,11.55,4316.91,0.45,,1.72,36.5,,3407.69,2270.92,4.66,20.0,1649.71,3985.0,74.0,,1182.09,14.75,809.0,6.2
2025-08-19,19.6,5.55,47.2,437.5,93.0,8.3,1.0,22.45,33.0,4.17,17.25,47.9,11.75,87.0,211.25,16.5,54.75,1.34,9.32,281.0,321.0,54.5,7.44,,2.43,11.3,4.1,6.0,4.7,405.75,11.0,310.25,2.82,0.27,,64.5,13.75,5.98,,62.75,16.0,183.5,2.8,341.5,26.8,5.98,8.4,,0.71,29.25,15.0,0.3,9.3,19.25,240.75,4.18,,,2700.67,166.18,1.31,0.69,38.75,1500.0,12.05,4317.27,0.45,,1.68,36.55,,3409.86,2272.36,4.66,20.0,1651.64,3985.0,74.0,,1181.65,14.5,810.0,6.16
2025-08-20,19.6,5.55,47.2,439.75,99.25,8.5,1.0,22.15,33.05,4.38,17.25,44.5,11.8,87.25,215.5,17.95,55.75,1.24,9.4,290.0,329.0,54.5,7.48,,2.5,11.35,4.1,6.0,4.7,381.0,10.5,310.25,3.02,0.27,,64.0,13.75,5.6,,58.25,16.15,182.0,2.85,335.0,27.25,6.2,9.1,,0.71,30.3,14.9,0.3,9.3,19.95,240.25,4.36,,,2728.26,167.75,1.43,0.7,38.45,1500.0,13.15,4351.1,0.45,,1.75,38.8,,3438.26,2291.28,4.66,20.0,1669.32,4050.0,80.0,,1187.49,13.65,811.0,6.2
2025-08-21,19.9,5.55,47.2,440.25,90.75,8.86,1.0,22.75,32.35,4.45,17.35,45.35,12.1,88.0,216.25,19.55,55.75,1.16,9.42,276.0,327.75,54.0,7.52,,2.5,11.25,4.1,6.0,4.69,419.0,11.05,310.25,2.95,0.27,,62.0,13.75,5.16,,62.0,17.0,183.5,2.85,312.25,27.9,6.2,8.2,,0.71,30.8,14.9,0.3,9.3,20.0,243.25,4.65,,,2733.31,168.87,1.52,0.72,38.4,1500.0,14.4,4365.68,0.45,,1.71,38.9,,3444.4,2295.38,4.66,20.0,1681.84,3985.0,80.0,,1189.48,12.85,811.0,6.24
2025-08-22,19.95,5.55,47.2,441.0,90.75,8.78,1.0,22.35,32.0,4.68,17.35,47.9,12.6,87.75,218.0,21.1,55.0,1.13,9.36,288.75,320.25,54.0,7.56,,2.66,11.4,4.1,6.0,4.69,381.0,11.05,310.25,2.8,0.27,,62.25,13.0,5.04,,60.25,18.0,183.75,2.85,315.25,28.25,6.82,7.72,,0.71,31.35,15.5,0.3,9.38,20.5,240.0,4.75,,,2758.62,170.03,1.53,0.77,38.2,1500.0,15.75,4381.7,0.45,,1.66,39.3,,3451.81,2300.31,4.66,20.0,1685.33,3985.0,80.0,,1191.61,12.9,892.0,6.2
2025-08-25,19.85,5.55,47.2,440.0,100.5,8.76,1.0,22.8,32.05,5.0,17.45,48.0,12.85,88.0,220.0,22.75,55.5,1.18,9.5,294.25,324.0,54.0,7.6,,2.74,11.75,4.1,6.0,4.76,387.0,11.1,310.25,2.8,0.27,,62.5,13.45,5.52,,61.75,18.3,182.75,2.93,317.25,28.1,6.8,7.66,,0.71,33.15,15.15,0.29,9.7,20.5,240.25,5.0,,,2792.72,170.41,1.68,0.78,38.35,1500.0,15.6,4395.53,0.45,,1.67,41.7,,3457.4,2304.04,4.66,20.0,1689.51,3985.0,80.0,,1190.04,13.9,898.0,6.2
2025-08-26,19.9,5.55,47.2,442.0,109.75,9.0,1.0,22.75,31.4,5.34,17.55,46.75,13.4,88.0,220.0,22.8,56.0,1.27,9.48,294.0,329.0,54.0,7.82,,2.99,12.4,4.1,6.0,4.99,387.0,11.05,310.25,2.73,0.27,,63.5,13.85,5.54,,60.75,18.15,183.75,2.92,320.0,28.5,6.78,8.14,,0.71,31.75,15.15,0.29,10.05,20.35,242.5,5.5,,,2845.04,172.35,1.82,0.81,38.7,1500.0,14.7,4432.38,0.45,,1.67,41.45,,3482.0,2320.43,4.66,20.0,1702.39,3985.0,80.0,,1190.39,15.2,845.0,6.2
2025-08-27,20.0,5.55,47.2,440.0,119.5,8.96,1.0,23.1,29.25,4.84,17.55,48.35,13.75,89.0,215.5,22.55,56.0,1.35,9.66,274.75,323.25,53.75,8.0,,2.94,12.65,4.1,6.0,4.0,400.5,10.95,310.25,2.8,0.27,,63.75,13.2,5.16,,61.75,17.85,183.25,2.84,319.5,28.45,6.6,8.18,,0.71,33.85,15.15,0.3,9.94,20.45,250.0,5.58,,,2837.16,171.57,1.84,0.88,38.55,1500.0,14.15,4415.86,0.45,,1.66,41.3,,3471.85,2313.67,4.66,20.0,1696.65,4090.0,80.0,,1187.57,15.75,821.0,6.2
2025-08-28,20.0,5.55,47.2,440.25,126.5,8.84,1.0,24.6,30.4,4.78,17.65,47.3,13.75,90.0,220.25,23.4,56.0,1.36,9.54,288.5,329.0,54.0,8.28,,2.97,12.7,4.1,6.0,3.84,425.5,10.4,310.25,2.96,0.27,,63.0,13.5,5.04,,61.75,17.7,184.25,2.86,318.0,28.55,6.28,8.52,,0.71,33.5,13.95,0.3,9.56,19.7,245.0,6.02,,,2839.52,172.05,1.72,0.86,38.4,1500.0,14.2,4432.56,0.45,,1.67,40.25,,3490.06,2325.81,4.66,20.0,1705.79,4100.0,72.0,,1182.55,15.05,820.0,6.2
2025-08-29,20.1,5.55,47.2,427.25,124.75,9.02,1.0,27.0,31.4,4.73,17.8,47.85,13.0,89.75,218.25,21.4,56.0,1.4,9.58,294.5,327.0,54.25,8.76,,2.99,12.8,4.1,6.0,3.74,387.0,10.9,310.25,2.99,0.27,,64.25,13.3,5.0,,60.75,17.05,182.5,2.84,320.0,28.6,6.32,8.2,,0.71,34.95,14.7,0.3,9.5,20.5,250.5,6.62,,,2845.64,172.6,1.56,0.88,38.65,1500.0,14.6,4443.4,0.45,,1.62,40.8,,3497.1,2330.49,4.66,20.0,1709.51,4105.0,72.0,,,15.65,815.0,6.2
2025-09-01,20.5,5.55,47.2,410.0,121.5,8.6,1.0,26.7,31.1,4.63,17.8,48.0,13.75,90.25,218.25,20.95,56.0,1.37,9.6,295.0,311.75,54.25,9.5,,3.23,13.6,4.1,6.0,3.75,395.5,10.95,310.25,3.0,0.27,,65.0,13.05,4.85,,56.75,17.0,183.75,2.75,319.25,28.8,6.04,8.04,,0.71,34.85,14.85,0.29,9.46,20.6,245.25,6.1,,,2874.69,173.64,1.49,0.97,39.05,1500.0,15.0,4466.68,0.45,,1.61,39.9,,3514.16,2341.86,4.66,20.0,1720.02,4100.0,72.0,,1191.24,16.05,822.0,6.2
2025-09-02,20.55,5.55,47.2,412.5,126.5,8.4,1.0,26.55,32.5,4.84,18.2,47.4,13.7,90.5,220.0,22.95,56.0,1.42,9.96,300.0,327.0,54.0,10.2,,3.48,14.4,4.1,6.0,3.69,390.0,10.7,310.25,2.97,0.27,,65.5,13.0,5.3,,58.5,17.2,183.0,2.7,320.0,29.1,5.92,8.08,,0.71,35.05,15.0,0.29,9.52,20.1,245.0,6.6,,,2914.06,175.21,1.44,1.05,39.95,1500.0,15.25,4499.55,0.45,,1.62,37.55,,3536.21,2356.56,4.66,20.0,1736.05,4185.0,72.0,,1183.7,16.8,814.0,6.46
2025-09-03,20.65,5.55,47.2,410.25,126.0,8.22,1.0,26.2,32.5,5.06,18.45,48.0,13.55,99.5,224.5,20.8,56.0,1.36,10.9,300.5,312.25,53.75,9.66,,3.62,14.25,4.1,6.0,3.69,385.0,10.8,310.0,3.02,0.27,,66.0,13.3,5.38,,57.75,16.7,182.0,2.79,325.75,29.95,6.0,7.92,,0.71,35.05,15.0,0.3,9.54,20.0,241.25,7.24,,,2959.67,178.04,1.35,1.15,40.0,1500.0,16.2,4555.9,0.45,,1.61,39.9,,3567.31,2377.29,4.66,20.0,1758.14,4265.0,68.0,,1191.33,16.45,807.0,6.18
2025-09-04,20.85,5.55,47.2,415.5,126.25,8.68,1.0,25.7,32.45,5.3,19.2,49.65,13.7,103.0,223.25,20.85,55.5,1.4,11.0,304.75,324.5,50.5,9.66,,3.46,14.0,4.1,6.0,3.73,395.0,10.95,310.0,2.95,0.27,,66.0,13.0,5.4,,53.5,17.4,179.5,2.86,334.0,30.0,5.92,8.16,,0.71,35.3,15.15,0.3,9.92,20.6,245.5,7.94,,,2973.85,178.08,1.44,1.24,40.55,1500.0,16.1,4546.06,0.45,,1.59,39.55,,3586.36,2390.91,4.66,20.0,1751.95,4265.0,72.0,,1189.83,16.3,811.0,6.2
2025-09-05,20.75,5.55,47.2,428.75,129.5,8.86,1.0,24.4,32.9,5.3,20.3,50.25,13.7,104.0,222.0,19.55,55.5,1.3,11.0,305.25,326.75,51.0,9.8,,3.17,13.5,4.1,6.0,4.02,390.0,11.0,310.0,2.99,0.27,,66.0,13.35,5.18,,54.5,17.65,180.25,2.86,325.0,29.95,6.2,8.58,,0.71,35.15,15.3,0.31,10.0,20.25,245.0,8.42,,,2968.82,178.28,1.48,1.35,40.15,1500.0,15.7,4555.47,0.45,,1.63,39.3,,3601.43,2400.02,4.66,20.0,1758.49,4275.0,72.0,,1192.69,16.6,818.0,6.42
2025-09-08,20.8,5.55,47.2,435.25,129.5,8.88,1.0,24.8,33.5,5.56,21.0,50.25,13.6,104.75,221.75,19.55,55.0,1.36,11.0,310.75,327.0,51.25,10.05,,3.0,14.1,4.1,6.0,4.4,423.0,11.4,310.0,2.82,0.27,,68.5,13.45,5.54,,54.75,18.0,183.75,2.89,292.75,29.25,6.0,8.52,,0.71,35.35,15.25,0.31,10.2,20.0,245.0,9.12,,,2975.81,176.82,1.5,1.47,41.2,1500.0,15.6,4556.57,0.45,,1.64,38.65,,3573.6,2382.4,4.66,20.0,1754.62,4275.0,72.0,,1184.78,15.75,817.0,6.86
2025-09-09,21.7,5.55,47.2,444.75,129.5,8.58,1.0,24.95,34.6,5.32,21.45,50.0,13.9,105.0,224.0,19.6,55.25,1.36,11.0,319.75,320.5,51.75,10.1,,3.29,14.5,4.1,6.0,4.38,421.5,11.2,310.0,2.96,0.27,,68.25,13.5,5.42,,54.5,18.1,181.75,3.0,299.25,29.1,5.76,8.68,,0.71,37.6,15.15,0.31,10.1,20.5,245.0,9.88,,,3001.82,177.52,1.6,1.59,42.1,1500.0,15.6,4593.02,0.45,,1.57,37.5,,3602.41,2400.68,4.66,20.0,1772.82,4400.0,72.0,,1189.88,15.85,797.0,7.54
2025-09-10,22.65,5.55,47.2,447.0,129.75,8.74,1.0,25.85,36.45,5.18,21.25,51.0,14.0,106.0,224.75,20.5,55.25,1.38,10.95,318.0,326.25,52.25,10.0,,3.6,14.55,4.1,6.0,4.36,422.0,11.1,310.0,3.0,0.27,,69.5,13.6,5.4,,54.0,18.45,181.75,3.04,310.25,29.15,6.0,8.9,,0.71,37.95,15.75,0.32,10.05,21.55,246.0,9.12,,,3035.87,178.78,1.76,1.67,44.0,1500.0,15.65,4636.25,0.45,,1.66,37.0,,3625.14,2415.82,4.66,20.0,1787.92,4390.0,72.0,,1182.31,15.95,821.0,7.54
2025-09-11,23.0,5.55,47.2,446.0,128.25,8.7,1.0,26.15,38.6,5.26,21.0,51.0,13.8,105.0,224.25,19.05,54.75,1.35,11.0,306.5,327.0,53.0,9.86,,3.46,14.3,4.1,6.0,4.37,388.5,11.05,310.0,2.94,0.27,,70.0,13.9,5.12,,53.0,18.6,182.25,2.91,311.25,29.2,6.16,9.26,,0.71,37.75,16.5,0.33,9.82,21.4,240.0,8.48,,,3028.96,178.82,1.91,1.77,44.25,1500.0,15.8,4638.33,0.45,,1.63,37.35,,3629.92,2419.01,4.66,20.0,1788.44,4380.0,72.0,,1188.72,15.45,822.0,8.24
2025-09-12,23.05,5.55,47.2,442.0,121.25,8.88,1.0,24.0,38.85,5.4,19.9,51.0,13.95,105.25,223.0,20.35,54.25,1.34,11.0,310.75,327.0,53.0,9.56,,3.33,14.4,4.1,6.0,4.34,422.0,11.0,310.0,2.86,0.27,,72.5,13.8,5.08,,54.0,18.1,180.25,2.88,304.5,29.45,6.08,9.18,,0.71,37.55,17.7,0.34,9.54,21.8,241.0,8.88,,,3018.52,178.69,1.91,1.69,43.75,1500.0,15.5,4626.68,0.45,,1.65,37.7,,3612.33,2407.29,4.66,20.0,1776.19,4390.0,72.0,,1189.55,14.1,822.0,8.2
2025-09-15,23.0,5.55,47.2,429.0,127.75,8.8,1.0,24.6,36.7,5.28,20.8,50.75,13.95,105.0,223.5,20.8,54.0,1.32,11.0,320.0,326.75,53.0,9.92,,3.4,14.5,4.1,6.0,4.29,395.5,11.0,310.0,2.94,0.27,,73.0,14.0,5.08,,56.0,18.55,181.0,2.83,306.25,29.4,6.0,9.14,,0.71,38.0,17.5,0.33,8.98,21.7,241.75,8.02,,,3027.44,179.02,1.79,1.66,43.55,1500.0,14.95,4640.1,0.45,,1.65,38.0,,3621.14,2413.16,4.66,20.0,1782.64,4390.0,72.0,,1195.98,14.95,828.0,7.92
2025-09-16,23.3,5.55,47.2,432.5,122.75,8.88,1.0,25.3,39.25,5.18,20.3,49.4,13.9,105.0,220.0,20.65,54.0,1.36,10.9,320.0,327.0,53.0,9.62,,3.36,14.45,4.1,6.0,4.23,395.5,11.0,320.0,2.82,0.27,,74.75,13.8,5.08,,58.5,19.0,180.25,2.72,291.25,29.3,6.0,9.46,,0.71,37.1,17.2,0.35,8.62,22.05,240.5,7.94,,,3005.44,178.06,1.73,1.51,43.55,1500.0,14.75,4628.26,0.45,,1.67,37.1,,3597.67,2398.45,4.66,20.0,1773.76,4390.0,72.0,,1197.84,14.15,828.0,8.18
2025-09-17,23.3,5.55,47.2,430.25,125.25,8.94,1.0,25.3,37.75,4.93,20.35,50.0,14.15,104.5,220.0,19.75,54.0,1.39,10.75,320.0,327.0,53.0,9.52,,3.23,14.4,4.1,6.0,4.06,412.0,10.5,310.0,2.96,0.27,,72.0,13.2,5.04,,59.0,18.6,180.25,2.75,289.75,29.35,6.1,9.4,,0.71,35.45,16.0,0.35,8.42,22.4,245.0,7.18,,,2987.99,177.6,1.6,1.37,43.5,1500.0,14.15,4613.42,0.45,,1.63,38.05,,3606.2,2403.2,4.66,20.0,1773.69,4430.0,65.0,,1192.66,13.75,830.0,8.2
2025-09-18,22.75,5.55,47.2,430.0,125.0,8.66,1.0,24.4,37.2,4.71,19.8,51.5,14.25,104.75,214.5,19.05,53.75,1.4,10.2,319.25,311.5,53.25,9.3,,3.19,14.4,4.1,6.0,3.99,421.25,10.2,341.0,2.98,0.27,,71.0,13.55,5.5,,59.25,19.45,180.75,2.89,285.25,28.8,6.1,9.46,,0.71,35.35,16.0,0.35,8.34,22.3,244.5,7.88,,,2945.51,175.02,1.64,1.24,43.25,1500.0,14.0,4552.16,0.45,,1.63,38.0,,3564.03,2375.1,4.66,20.0,1746.02,4430.0,65.0,,1192.72,14.5,833.0,8.5
2025-09-19,21.25,5.55,47.2,415.0,124.25,8.8,1.0,25.1,36.65,4.32,19.15,49.4,14.35,104.75,211.75,20.0,54.0,1.42,10.1,324.25,327.0,53.75,9.1,,3.14,14.25,4.1,6.0,4.06,424.75,10.25,340.75,3.0,0.27,,68.5,13.15,5.5,,57.25,19.0,181.25,2.83,284.0,28.7,6.0,9.1,,0.71,34.15,16.85,0.35,8.34,23.25,241.0,8.24,,,2903.15,173.5,1.69,1.12,43.0,1500.0,14.2,4499.62,0.45,,1.63,38.55,,3537.45,2357.39,4.66,20.0,1725.26,4430.0,65.0,,1191.12,14.9,832.0,8.36
2025-09-22,20.2,5.55,47.2,419.0,120.75,8.94,1.0,25.35,35.6,4.12,18.95,51.0,14.45,104.75,211.75,19.75,54.25,1.42,10.05,313.5,327.0,54.25,9.2,,3.17,14.3,4.1,6.0,4.0,396.0,10.25,374.75,3.02,0.27,,70.0,13.05,5.46,,57.25,19.0,182.75,2.89,287.0,28.7,5.82,9.16,,0.71,34.6,15.65,0.34,7.62,21.5,236.75,8.14,,,2902.38,173.4,1.72,1.01,42.9,1500.0,14.05,4494.26,0.45,,1.65,38.6,,3541.37,2360.0,4.66,20.0,1718.46,4490.0,65.0,,1193.93,15.2,834.0,8.32
2025-09-23,20.0,5.55,47.2,428.75,120.75,8.96,1.0,25.3,35.5,4.28,18.95,53.0,14.45,104.75,214.75,20.0,54.75,1.43,10.3,320.0,326.5,55.5,9.14,,3.18,14.15,4.1,6.0,4.01,425.5,10.5,374.75,3.02,0.27,,70.0,13.0,5.5,,58.25,18.75,181.25,2.88,285.25,28.9,5.44,9.04,,0.71,34.7,15.95,0.35,6.94,20.0,238.25,7.4,,,2916.97,174.32,1.71,0.94,42.8,1500.0,13.75,4520.79,0.45,,1.68,38.55,,3573.59,2382.4,4.66,20.0,1731.24,4470.0,65.0,,1191.85,15.4,842.0,8.48
2025-09-24,20.35,5.55,47.2,428.75,123.0,9.0,1.0,25.3,37.4,4.6,20.35,53.5,15.45,105.0,215.25,19.85,57.0,1.45,10.35,315.0,327.0,57.5,9.0,,3.19,14.05,4.1,6.0,4.01,404.75,10.55,374.75,3.02,0.27,,70.0,13.0,5.46,,57.0,18.65,180.5,2.95,285.0,29.35,5.98,8.96,,0.71,35.0,15.45,0.35,6.98,21.5,240.0,8.0,,,2962.3,177.13,1.7,1.01,42.8,1500.0,13.95,4606.8,0.45,,1.71,38.55,,3660.64,2440.43,4.66,20.0,1773.91,4470.0,65.0,,1166.2,15.5,900.0,7.98
2025-09-25,20.7,5.55,47.2,425.0,124.5,8.94,1.0,25.35,37.45,4.8,21.4,54.25,15.5,105.0,214.0,18.0,57.0,1.42,10.75,320.0,329.0,57.0,8.88,,3.18,13.7,4.51,6.0,4.04,413.5,10.5,380.0,3.03,0.27,,70.0,12.95,5.4,,57.5,18.7,183.0,2.96,285.0,29.45,5.58,9.02,,0.71,34.8,15.45,0.35,7.04,23.45,240.75,7.78,,,2974.45,177.8,1.7,1.11,42.85,1500.0,13.9,4629.87,0.45,,1.64,37.95,,3669.47,2445.36,4.66,20.0,1784.79,4535.0,65.0,,1163.91,15.55,838.0,8.1
2025-09-26,20.6,5.55,47.2,428.0,123.75,8.94,1.0,25.35,35.4,4.91,21.15,57.0,15.15,104.5,215.0,20.0,58.0,1.41,10.8,320.25,327.0,57.0,8.82,,3.18,13.95,4.51,6.0,3.99,413.5,10.85,376.0,3.01,0.27,,69.0,13.8,5.68,,59.5,18.9,183.25,2.82,285.0,29.4,5.54,8.92,,0.71,32.15,15.45,0.34,7.62,24.25,248.25,7.82,,,2978.63,177.89,1.61,1.22,42.95,1500.0,14.05,4634.69,0.45,,1.61,38.6,,3677.87,2450.96,4.66,20.0,1788.35,4755.0,65.0,,1164.81,15.7,831.0,8.22
2025-09-29,20.75,5.55,47.2,428.0,122.0,8.86,1.0,25.35,38.45,4.96,20.95,57.5,15.15,104.25,214.0,20.2,57.75,1.41,10.45,315.0,334.0,56.75,8.72,,3.16,13.75,4.51,6.0,3.97,423.75,10.95,380.0,2.99,0.27,,69.25,13.1,5.82,,59.25,18.8,184.25,2.98,284.75,29.0,5.98,8.94,,0.71,34.4,15.35,0.37,7.94,24.9,264.5,7.24,,,2964.45,176.68,1.68,1.32,43.0,1500.0,14.95,4612.52,0.45,,1.62,38.25,,3656.02,2436.4,4.66,20.0,1776.86,4595.0,65.0,,1174.14,15.7,828.0,8.08
2025-09-30,21.5,5.55,47.2,427.5,121.0,8.92,1.0,25.7,38.85,4.85,21.4,59.5,15.25,104.5,211.0,20.55,58.0,1.41,10.65,314.25,365.5,56.75,8.62,,3.16,13.95,4.51,6.0,3.91,424.5,10.95,380.0,3.02,0.27,,69.0,13.35,5.96,,58.75,18.55,184.25,2.91,284.0,28.9,5.9,9.0,,0.71,34.0,15.0,0.38,8.02,24.1,275.0,7.92,,,2972.64,176.74,1.6,1.24,43.0,1500.0,14.75,4624.72,0.45,,1.67,38.4,,3662.07,2441.38,4.66,20.0,1783.31,4620.0,65.0,,1179.47,15.0,830.0,8.26
2025-10-01,21.5,5.55,47.2,428.25,120.0,8.88,1.0,26.8,41.35,4.84,21.0,58.0,15.55,104.75,211.75,20.4,58.0,1.4,10.7,319.75,399.75,56.5,8.66,,3.16,14.4,4.51,6.0,3.94,422.25,11.0,380.0,3.03,0.27,,69.75,13.0,6.52,,58.0,18.5,194.25,2.87,284.25,29.3,5.9,9.22,,0.71,34.05,16.4,0.41,8.82,24.0,302.5,7.92,,,2985.91,178.16,1.68,1.25,42.95,1500.0,14.8,4651.32,0.45,,1.61,37.4,,3674.04,2448.41,4.66,20.0,1786.22,4680.0,65.0,,1181.3,14.8,811.0,8.06
2025-10-02,22.0,5.55,47.2,421.75,123.0,8.96,1.0,26.75,41.9,4.87,20.85,61.25,15.5,105.0,213.0,20.85,58.0,1.39,10.65,320.0,390.75,57.0,9.12,,3.18,14.75,4.51,6.0,3.94,426.0,10.95,380.0,3.3,0.27,,70.0,13.25,6.44,,58.75,18.75,197.25,2.91,284.0,29.35,5.9,9.14,,0.71,33.85,16.6,0.39,8.88,23.9,324.25,8.06,,,3004.28,178.96,1.62,1.31,42.95,1500.0,14.7,4672.29,0.45,,1.61,37.25,,3693.43,2462.29,4.66,20.0,1794.31,4680.0,65.0,,1177.71,15.6,838.0,8.18
2025-10-03,22.05,5.55,47.2,428.25,125.0,8.92,1.0,26.7,45.5,4.87,20.7,60.25,15.6,105.0,213.0,20.9,58.25,1.4,10.5,322.75,385.75,57.0,10.0,,3.19,15.5,4.51,6.0,3.91,438.0,10.9,379.0,3.22,0.27,,70.75,13.25,7.04,,59.25,18.85,197.5,2.95,284.0,28.9,5.9,9.0,,0.71,33.8,16.7,0.39,8.92,22.9,325.75,8.0,,,3030.95,178.5,1.67,1.28,42.95,1500.0,14.9,4668.95,0.45,,1.69,38.5,,3693.64,2461.48,4.66,20.0,1790.15,4675.0,65.0,,1160.97,15.15,846.0,8.16
2025-10-06,22.05,5.55,47.2,433.5,124.75,8.9,1.0,26.9,49.05,4.88,20.85,61.0,15.7,104.75,214.0,21.65,58.5,1.4,10.65,325.0,413.5,56.5,9.58,,3.17,15.15,4.51,6.0,3.89,416.75,10.85,380.0,3.25,0.27,,70.0,13.6,7.04,,59.5,18.9,197.5,2.95,283.75,28.65,5.82,9.0,,0.71,34.5,16.05,0.39,8.74,23.25,334.5,7.56,,,3022.14,177.67,1.67,1.26,42.8,1500.0,14.95,4659.81,0.45,,1.63,38.5,,3681.58,2453.43,4.66,20.0,1787.02,4755.0,65.0,164.75,1160.95,15.05,846.0,8.18
2025-10-07,22.2,5.55,47.2,426.5,129.0,8.78,1.0,27.65,50.5,4.84,20.7,61.0,15.6,104.75,215.5,21.65,58.5,1.42,10.45,325.5,391.5,56.75,9.28,,3.1,14.25,4.51,6.0,3.86,430.0,10.75,380.0,3.25,0.27,,70.0,13.75,7.04,,56.0,18.9,199.0,2.96,283.0,28.2,5.64,9.0,,0.71,34.0,16.0,0.38,8.62,25.25,328.75,7.6,,,2995.01,176.28,1.57,1.26,42.9,1500.0,14.95,4646.37,0.45,,1.63,38.35,,3668.87,2445.91,4.66,20.0,1781.15,4765.0,65.0,164.63,1164.72,15.0,845.0,8.06
2025-10-08,21.95,5.55,47.2,433.0,130.0,8.82,1.0,27.45,50.5,4.73,20.55,56.5,15.55,104.75,216.75,20.05,58.75,1.39,10.15,317.75,387.0,56.5,9.1,,3.04,13.65,4.51,6.0,3.86,420.5,10.65,376.75,3.09,0.27,,69.75,13.6,6.96,,56.75,18.5,199.0,2.96,280.5,27.4,5.88,8.98,,0.71,34.2,16.0,0.36,8.18,25.7,308.0,7.46,,,2968.93,173.75,1.58,1.24,43.0,1500.0,14.55,4609.76,0.45,,1.69,38.15,,3639.83,2426.55,4.66,20.0,1766.12,4765.0,65.0,165.2,1177.8,15.1,841.0,8.14
2025-10-09,21.9,5.55,47.2,430.0,127.75,8.5,1.0,26.8,51.75,4.56,20.0,55.5,15.35,103.25,217.0,20.25,59.0,1.37,10.15,320.0,383.5,56.5,9.28,,2.95,13.4,4.51,6.0,3.87,398.5,10.85,380.0,2.94,0.27,,69.0,13.75,6.6,,59.75,18.5,198.5,2.98,280.5,27.1,5.96,8.74,,0.71,34.7,15.7,0.37,8.04,24.95,301.0,7.44,,,2942.0,172.58,1.67,1.16,42.9,1500.0,14.7,4585.44,0.45,,1.63,38.35,,3628.37,2418.91,4.66,20.0,1758.04,4900.0,65.0,165.87,1179.24,15.15,834.0,8.16
2025-10-13,21.75,5.55,47.2,432.5,128.25,8.46,1.0,25.4,51.75,4.68,19.95,58.0,15.05,100.5,214.75,20.85,59.25,1.34,10.4,314.75,394.25,57.25,9.06,,3.02,13.05,4.51,6.0,3.93,401.5,10.9,339.5,3.0,0.27,,69.5,13.25,6.78,,56.25,18.05,198.5,2.91,282.0,26.6,6.04,8.24,,0.71,35.0,15.9,0.39,8.26,25.5,302.0,7.36,,,2935.11,171.21,1.61,1.22,42.05,1500.0,15.0,4564.51,0.45,,1.62,38.5,,3619.77,2413.18,4.66,20.0,1748.08,5310.0,65.0,165.59,1179.54,14.1,831.0,8.18
2025-10-14,21.85,5.55,47.2,431.75,126.75,8.46,1.0,26.45,52.25,4.48,19.7,56.5,13.95,100.5,214.25,20.7,59.0,1.36,10.65,320.75,363.25,57.5,9.1,,3.01,12.9,4.51,6.0,3.89,401.5,11.0,380.0,3.0,0.27,,75.25,13.3,6.8,,57.5,18.45,199.0,2.81,282.25,26.0,6.26,8.92,,0.71,34.9,16.0,0.39,8.5,24.85,238.0,7.38,,,2939.16,170.34,1.58,1.2,42.25,1500.0,14.75,4572.87,0.45,,1.63,41.75,,3600.06,2399.11,4.66,20.0,1737.49,5050.0,65.0,164.16,1180.04,13.55,828.0,7.42
2025-10-15,21.95,5.55,47.2,431.75,129.0,8.46,1.0,25.85,52.25,4.65,19.7,58.5,14.05,104.0,213.0,20.4,58.75,1.33,10.05,324.75,355.0,57.0,9.1,,3.0,12.15,4.51,6.0,3.78,425.0,10.95,376.75,3.17,0.27,,81.25,13.35,7.04,,58.25,18.45,199.0,2.86,289.5,26.55,6.4,8.9,,0.71,35.0,15.55,0.39,8.24,25.75,214.5,7.16,,,2950.65,172.24,1.57,1.18,42.15,1500.0,14.7,4612.06,0.45,,1.6,42.35,,3609.97,2406.65,4.66,20.0,1740.24,5090.0,65.0,162.74,1178.78,14.1,820.0,8.16
2025-10-16,22.0,5.55,47.2,432.75,129.0,8.56,1.0,26.85,52.5,4.59,19.95,54.0,14.35,103.75,212.5,20.5,59.25,1.3,10.35,321.5,319.5,57.0,9.12,,3.01,13.05,4.51,6.0,3.85,425.0,10.8,380.0,3.04,0.27,,83.25,13.5,6.42,,58.5,18.15,199.0,2.67,290.75,27.95,6.38,9.0,,0.71,35.1,16.0,0.37,8.1,23.45,193.25,7.24,,,2984.54,176.39,1.52,1.13,42.1,1500.0,14.95,4682.27,0.45,,1.64,42.45,,3662.31,2441.54,4.66,20.0,1767.79,5335.0,65.0,161.61,1186.05,14.2,820.0,8.16
2025-10-21,22.4,5.55,47.2,430.5,133.75,8.7,1.0,26.5,53.25,4.51,20.0,54.0,13.9,103.75,215.0,20.55,60.0,1.32,10.25,316.25,319.5,57.75,9.2,,3.02,13.7,4.51,6.0,3.85,414.25,10.9,380.0,3.02,0.27,,91.25,13.5,6.98,,58.25,18.15,198.5,2.75,285.5,27.95,6.38,9.06,,0.71,33.75,16.4,0.37,8.0,23.4,191.25,7.48,,,3006.77,177.72,1.41,1.19,41.95,1500.0,14.65,4745.8,0.45,,1.62,42.9,,3687.58,2457.43,4.66,20.0,1781.09,5300.0,65.0,159.12,1184.35,13.75,830.0,8.0
2025-10-22,22.4,5.55,47.2,438.5,133.25,8.56,1.0,26.35,53.5,4.5,20.0,54.0,14.05,103.75,215.25,20.55,60.0,1.28,10.15,315.0,287.75,58.25,9.18,,3.01,13.7,4.51,6.0,3.85,415.0,10.95,376.75,2.86,0.27,,96.25,13.45,7.0,,55.0,18.5,198.75,2.9,290.0,27.95,6.16,9.0,,0.71,34.5,17.0,0.37,7.88,23.35,196.75,6.9,,,3010.7,178.36,1.48,1.19,42.3,1500.0,14.6,4776.45,0.45,,1.62,40.5,,3699.46,2466.31,4.66,20.0,1783.78,5045.0,65.0,157.6,1188.57,13.75,835.0,8.06
2025-10-23,22.5,5.55,47.2,449.5,132.25,8.52,1.0,26.85,52.75,4.54,20.05,50.5,14.85,103.75,219.75,20.0,59.5,1.29,10.75,324.5,259.0,58.25,9.18,,3.0,13.45,4.51,6.0,3.81,402.5,10.9,376.75,2.87,0.27,,91.75,13.65,7.48,,57.5,18.65,198.25,2.89,295.0,28.1,5.76,9.0,,0.71,34.2,16.5,0.35,7.96,22.85,192.75,7.02,,,3032.53,178.8,1.48,1.18,43.35,1500.0,14.65,4780.64,0.45,,1.6,40.85,,3712.28,2474.85,4.66,20.0,1794.08,5120.0,70.0,158.03,1191.98,13.3,842.0,7.88
2025-10-24,22.5,5.55,47.2,450.0,131.5,8.5,1.0,26.55,55.25,4.58,20.35,54.5,14.5,104.0,222.25,20.3,59.5,1.35,10.4,319.5,234.0,58.25,9.98,,2.99,13.15,4.51,6.0,3.73,410.0,10.65,375.0,2.89,0.27,,91.0,13.65,7.82,,60.0,18.7,198.25,2.86,295.0,28.3,6.0,8.96,,0.71,36.65,16.8,0.37,8.0,23.0,192.25,7.04,,,3041.37,179.81,1.49,1.16,43.75,1500.0,14.4,4792.9,0.45,,1.57,41.4,,3735.53,2490.35,4.66,20.0,1805.26,4950.0,65.0,157.91,1193.33,13.7,850.0,7.92
2025-10-27,22.6,5.55,47.2,440.75,120.25,8.5,1.0,26.75,54.5,4.78,20.75,54.75,14.65,104.0,226.25,20.3,59.75,1.34,10.65,316.5,215.75,58.0,9.96,,2.98,13.05,4.51,6.0,3.77,405.0,10.65,375.0,2.99,0.27,,89.0,13.4,7.5,,60.75,18.65,198.0,2.86,298.0,28.65,6.38,8.98,,0.71,40.05,17.2,0.4,8.12,23.05,192.0,7.02,,,3058.83,181.06,1.62,1.16,43.75,1500.0,14.9,4814.08,0.45,,1.59,42.7,,3757.06,2504.71,4.66,20.0,1820.79,5305.0,70.0,157.65,1179.87,13.45,857.0,8.16
2025-10-28,22.8,5.55,47.2,445.75,129.0,8.52,1.0,26.75,53.0,4.61,20.7,54.5,14.65,105.0,224.0,19.75,60.0,1.34,10.6,320.0,222.0,58.75,10.0,,2.99,13.3,4.51,6.0,3.76,406.0,10.85,375.0,2.98,0.27,,85.5,13.6,7.4,,60.0,18.6,198.0,2.88,302.0,29.5,6.3,8.88,,0.71,44.0,17.85,0.37,8.04,23.0,192.0,7.0,,,3061.14,183.22,1.62,1.19,43.75,1500.0,15.0,4834.7,0.45,,1.56,42.3,,3798.15,2532.1,4.66,20.0,1836.82,4805.0,70.0,157.58,1171.2,14.15,857.0,8.16
2025-10-29,22.75,5.55,47.2,445.25,130.25,8.58,1.0,26.75,53.25,4.64,20.75,50.25,14.6,104.0,228.25,20.0,60.5,1.35,10.65,315.0,233.25,59.75,10.0,,3.0,13.35,4.51,6.0,3.76,415.0,10.5,375.0,3.0,0.27,,82.0,13.5,7.24,,59.5,18.7,197.5,2.85,303.75,29.5,6.0,8.72,,0.71,45.95,16.2,0.37,8.02,24.6,193.0,6.8,,,3055.75,183.23,1.71,1.17,43.7,1500.0,15.0,4837.81,0.45,,1.59,40.2,,3825.85,2550.57,4.66,20.0,1848.44,4860.0,58.5,157.63,1166.12,14.2,856.0,8.16
2025-10-30,22.9,5.55,47.2,450.0,131.25,8.7,1.0,26.6,55.5,4.7,21.0,54.0,14.7,105.0,231.25,20.4,63.5,1.36,10.6,319.25,232.5,60.75,10.0,,3.0,13.45,4.51,6.0,3.76,414.75,10.85,385.0,2.98,0.27,,81.5,13.55,7.6,,59.5,18.6,197.25,2.8,308.0,29.55,6.0,9.0,,0.71,46.25,16.25,0.35,7.88,24.7,192.5,7.38,,,3090.7,184.97,1.74,1.15,43.8,1500.0,15.55,4900.89,0.45,,1.57,42.85,,3890.28,2592.51,4.66,20.0,1877.52,4835.0,70.25,155.02,1169.8,15.25,857.0,8.06
2025-10-31,23.0,5.55,47.2,449.75,130.75,8.66,1.0,27.8,54.25,4.64,21.1,50.25,14.6,105.0,231.75,20.4,66.25,1.37,10.65,320.0,232.0,61.5,10.25,,3.0,13.7,4.51,6.0,3.74,412.75,10.75,385.0,2.9,0.27,,88.0,13.5,7.82,,59.5,18.55,196.0,2.8,303.0,30.25,6.08,9.0,,0.71,46.4,16.3,0.36,7.94,24.65,195.0,6.9,,,3116.69,188.29,1.74,1.13,43.9,1500.0,16.25,4998.39,0.45,,1.55,42.8,,3957.32,2638.22,4.66,20.0,1910.77,4910.0,59.75,152.1,1175.76,15.0,855.0,7.46
