Date,ABSA,ARM,BAMB,BAT,BKG,BOC,BRIT,CABL,CARB,CGEN,CIC,COOP,CRWN,CTUM,DCON,DTK,EABL,EGAD,EQTY,EVRD,FAHR,FTGH,GLD,HAFR,HFCK,IMH,JUB,KAPC,KCB,KEGN,KNRE,KPLC,KPLC-P4,KPLC-P7,KQ,KUKZ,KURV,LBTY,LIMT,LKL,NBK,NBV,NCBA,NMG,NSE,OCH,ORCH,PORT,SASN,SBIC,SCAN,SCBK,SCOM,SGL,SLAM,SMER,TCL,TOTL,TPSE,UCHM,UMME,UNGA,WTK,XPRS,^FNK15,^FNK25,^N20I,^N25I,^NASI,^ZKEQTK,^ZKEQTU
2021-01-04,9.52,5.55,39.95,361,20.5,63,7,1.4,12.1,22,2.11,12.55,38,16.45,0.45,76.75,154,12.5,36.25,1.27,5.84,1.23,"1,975.00",0.42,3.14,44.85,275.75,78,38.4,4.67,2.31,1.71,5,6,3.83,365,"1,500.00",7.7,360,4.87,4.12,4.65,26.6,15.3,8.3,2.2,10.5,11,19.5,85,6,144.5,34.25,22.5,13,3.25,1.48,24,16,0.28,7.3,31.8,129.75,3.61,177.94,197.7,"1,872.42","3,410.11",152.04,"1,781.47","1,403.33"
2021-01-05,9.44,5.55,38.2,385,20.5,63,7.12,1.45,12.25,22.5,2.16,12.5,38,17.1,0.45,76.25,155,12.5,36.05,1.23,5.68,1.25,"1,975.00",0.41,3.3,43.5,285,78,38.5,4.76,2.33,1.71,5,6,3.83,365,"1,500.00",7.5,360,4.75,4.12,4.48,25.75,15.1,8.4,2.2,10.5,11,19.5,85,6,144.5,34.4,22.5,13,3.25,1.5,24.4,16,0.28,7.28,31.8,130,3.61,177.98,198.26,"1,877.89","3,412.13",152.49,"1,785.74","1,405.41"
2021-01-06,9.44,5.55,38.5,385,20.5,63,7,1.45,12.15,24,2.12,12.6,38,17.05,0.45,76.75,155.5,12.5,36,1.18,6.22,1.33,"1,975.00",0.4,3.38,45,290,78,38.5,4.55,2.39,1.71,5,6,3.83,365,"1,500.00",7.4,360,4.71,4.12,4.65,25.05,15.45,8.38,2.06,10.5,11,18.95,80.25,5.96,141.25,35,21,12,3.44,1.51,24.4,16,0.3,7.28,31.8,128.25,3.51,178.29,199.7,"1,869.26","3,428.83",153.82,"1,790.36","1,407.76"
2021-01-07,9.4,5.55,38.5,390,20.5,63,7.26,1.31,12.3,24,2.15,12.85,38,17.25,0.45,76.75,158,13.5,36,1.19,6.24,1.3,"1,975.00",0.38,3.33,45.5,290,78,38,4.52,2.41,1.73,5,6,3.83,365,"1,500.00",7.7,360,4.71,4.12,4.55,25.55,15.4,8.38,2.06,10.5,10.8,18.95,80.25,6.06,139.75,34.95,22.5,12,3.57,1.5,24.05,16,0.28,7.32,31.8,128,3.54,178.63,199.69,"1,879.92","3,438.04",153.94,"1,792.93","1,409.14"
2021-01-11,9.46,5.55,40,390,19,63,7.08,1.35,12.35,24,2.11,13.1,40,17.55,0.45,77,154.5,13.5,36,1.2,6.46,1.37,"1,975.00",0.4,3.36,45,291.5,78,38,4.63,2.5,1.77,5,6,3.83,365,"1,500.00",7.88,360,4.75,4.12,4.3,25.75,15.1,8.24,2.27,10.5,10.25,19.85,80.25,6.3,140,34.95,22.5,12.5,3.67,1.42,24,16.9,0.3,7.28,31.8,130,3.62,178.69,199.7,"1,892.39","3,436.08",153.92,"1,790.11","1,406.92"
2021-01-12,9.5,5.55,40,388.75,19,62.75,7.14,1.4,12.3,24,2.1,13.15,40,17.65,0.45,77.5,154,13.5,36.1,1.19,6.28,1.32,"1,975.00",0.4,3.4,45.9,291.75,80,37.95,4.64,2.68,1.77,5,6,3.83,365,"1,500.00",7.9,360,4.8,4.12,4.57,25.5,15.15,8.48,2.4,10.5,10.25,19.8,79.25,6.3,140,34.9,22.5,12,3.8,1.45,24.5,17.35,0.27,7.28,31.8,130,3.61,178.75,199.64,"1,902.22","3,437.23",153.88,"1,789.01","1,404.14"
2021-01-13,9.42,5.55,41.35,385.75,20.5,57.25,7.32,1.36,12.6,24,2.12,13.05,40,17.6,0.45,77.5,152.5,13.5,36.7,1.15,6.42,1.37,"1,975.00",0.38,3.54,46,290,80,37.9,4.68,2.7,1.75,5,6,3.83,365,"1,500.00",7.88,360,4.87,4.12,4.38,25.5,15.75,8.5,2.4,10.5,10.25,18.8,79.25,6.3,140,35.1,22.5,13,3.67,1.45,23.95,17.35,0.27,7.28,31,130.5,3.6,179.16,200.34,"1,910.64","3,445.93",154.53,"1,792.56","1,403.08"
2021-01-14,9.4,5.55,43.9,390,20.5,62,7.46,1.4,12.1,24,2.13,12.95,39,18,0.45,77.25,151.25,13.5,36.95,1.09,6.32,1.37,"1,975.00",0.39,3.61,46,290,80,37.2,4.73,2.55,1.76,5,6,3.83,370,"1,500.00",7.86,360,4.83,4.12,4.56,25.35,15.55,8.14,2.26,10.5,10.25,19.55,87,6.3,140,36.5,22.5,13.2,3.45,1.44,23.9,16,0.26,7.2,31,130.5,3.6,179.87,203.74,"1,921.06","3,498.61",158.26,"1,807.85","1,415.70"
2021-01-15,9.5,5.55,45.1,389.5,20.5,60.75,7.46,1.39,12,24,2.15,12.9,39,17.4,0.45,77,151.25,13.5,36.9,1.19,6.14,1.37,"1,975.00",0.36,3.64,45.85,290,80,36.9,4.8,2.64,1.73,5,6,3.83,370,"1,500.00",8,360,4.53,4.12,4.5,25.5,15.5,8.5,2.39,10.4,10.25,17.8,80.5,6.3,139.75,36.55,22.5,13.2,3.16,1.36,23.9,17,0.24,7.2,32,133,3.31,179.7,203.72,"1,919.70","3,489.64",158.19,"1,800.79","1,408.24"
2021-01-18,9.5,5.55,45.15,390,20.5,60.75,7.1,1.37,12.05,24,2.14,13,39.5,17.1,0.45,77,151,13.5,36.7,1.19,6.32,1.35,"1,975.00",0.39,3.67,45.85,286.75,80,36.55,4.84,2.5,1.64,5,6,3.83,370,"1,500.00",7.2,360,4.9,4.12,4.51,25.5,15.45,8.5,2.38,10.4,10.25,17.95,84.75,6.26,139.75,36.35,22.3,13.2,3.16,1.34,23.7,17,0.25,7.2,32,130,3.6,178.88,202.75,"1,906.63","3,479.81",157.56,"1,795.72","1,404.28"
2021-01-19,9.5,5.55,44.85,394,18.5,60,7.32,1.39,12.15,23,2.13,12.95,40,17,0.45,76.5,151,13.85,36.55,1.17,6.18,1.37,"1,975.00",0.4,3.69,44,286.75,80,35.95,4.77,2.46,1.55,5,6,3.83,370,"1,500.00",7.32,360,4.89,4.12,4.66,25.5,15.6,8.52,2.39,10.4,10.25,17,80,6.28,139.75,36.4,22.3,13.95,2.95,1.42,24,17.45,0.27,7.2,29.55,130,3.73,178.01,202.25,"1,894.18","3,463.15",157.16,"1,786.13","1,395.51"
2021-01-20,9.5,5.55,42,394,18.5,60,7.48,1.35,12,23,2.13,12.85,39.35,17.15,0.45,75.25,150.25,13.85,37.25,1.09,6.06,1.37,"1,975.00",0.39,3.89,46,286.75,79.5,35.75,4.72,2.44,1.65,5,6,3.83,370,"1,500.00",7.32,360,4.54,4.12,4.69,25.5,15.5,8.5,2.39,10.4,10.25,17,74,6.14,139.5,35.85,22.3,13.2,2.95,1.34,24,17.45,0.25,7.2,29.55,130.5,3.73,177.75,200.73,"1,881.57","3,444.30",155.64,"1,778.25","1,389.36"
2021-01-21,9.48,5.55,45.3,392,18.5,60,7.36,1.34,11.9,24,2.15,12.85,38,16.9,0.45,72,150.25,13.85,37.15,1.03,6.2,1.35,"1,975.00",0.39,3.9,44.5,280.5,79.25,36.4,4.71,2.46,1.67,5,6,3.83,370,"1,500.00",7.4,360,4.5,4.12,4.71,25.45,15.5,8.5,2.39,10.4,10.25,17.35,77,6.34,139,35.3,22.5,13.2,3.16,1.44,23.3,17,0.27,6.5,29.55,130.5,3.73,177.61,199.54,"1,888.89","3,425.10",154.17,"1,775.67","1,392.40"
2021-01-22,9.46,5.55,46.05,397.75,18.5,58,7.52,1.36,11.9,24,2.15,12.6,38,16.35,0.45,73,150,13.85,37.2,1.03,6.3,1.37,"1,975.00",0.4,3.89,46,280,79,36,4.64,2.51,1.67,5,6,3.83,370,"1,500.00",7.42,360,4.64,4.12,4.73,25.4,15.05,8.5,2.39,10.4,11.25,17.05,77.75,6.3,138.75,35.55,22.5,14,3.16,1.44,23.5,16.05,0.27,7.14,29.55,132,3.73,177.03,199.85,"1,887.23","3,432.28",154.84,"1,774.14","1,388.67"
2021-01-25,9.36,5.55,46.35,400,18.5,58,7.5,1.38,11.45,24,2.14,12.65,40,15.7,0.45,73,149,13.85,36.85,1.04,6.22,1.35,"1,975.00",0.39,3.76,46.45,280,80,35.95,4.68,2.49,1.66,5,6,3.83,365,"1,500.00",7.48,360,4.35,4.12,4.87,25.35,15.05,8.46,2.39,10.4,11.25,17,77.75,6.22,139,36.45,21,13.8,3.16,1.34,25,15.6,0.28,7.4,32,130,3.75,177.22,201.9,"1,882.20","3,455.98",157.07,"1,778.64","1,390.93"
2021-01-26,9.34,5.55,46,400.25,18.5,58,7.4,1.34,11.5,24,2.11,12.7,40,16.05,0.45,75,148.25,13.85,36.75,1.07,6.18,1.37,"1,975.00",0.41,3.69,46.5,280,79,35.95,4.85,2.5,1.61,5,6,3.83,365,"1,500.00",7.44,360,4.35,4.12,5.14,25.3,15.05,8.4,2.39,10.4,11.25,17.05,79.75,6.3,139.75,36.55,20.55,13.5,3.17,1.44,25.6,14.85,0.28,7.4,32,137,3.75,177.33,202.26,"1,888.71","3,461.61",157.45,"1,780.63","1,392.48"
2021-01-27,9.1,5.55,45.85,405,18.5,58,7.42,1.31,11.55,24,2.14,12.65,40,17,0.45,75,148.5,13.85,36.75,1.05,6.18,1.35,"1,975.00",0.38,3.75,46.5,278.5,79,35.9,4.93,2.49,1.59,5,6,3.83,365,"1,500.00",7.44,360,4.36,4.12,5.28,24.75,15.15,8.4,2.4,10.4,11.25,17,79.75,6.28,139,36.4,20.55,13.5,3.17,1.43,24.1,15.6,0.28,7.12,32,137,3.75,176.96,201.76,"1,889.74","3,450.04",156.95,"1,777.75","1,389.35"
2021-01-28,9.14,5.55,45.7,406,18.5,58,7.46,1.4,11.75,22,2.13,12.6,40,17.05,0.45,75,150.75,13.85,36.5,1.05,6.18,1.36,"1,975.00",0.38,3.84,46.5,280,78,35.9,5.12,2.5,1.51,5,6,3.83,365,"1,500.00",7.5,360,4.77,4.12,5.62,24.75,14.75,8.4,2.31,10.4,10.2,17.85,79.75,6.4,138.5,36.2,20.5,13.5,3,1.43,23.8,15.6,0.28,7.04,32,137,3.71,177.05,201.37,"1,888.74","3,445.65",156.56,"1,776.78","1,388.84"
2021-01-29,9.32,5.55,42.05,406.25,18.5,58,7.46,1.4,12,22,2.07,12.6,40,17.05,0.45,76,149.75,13.85,36.5,1.04,6.2,1.28,"1,975.00",0.36,3.86,47,280,78,35.85,5.18,2.47,1.5,5,6,3.83,365,"1,500.00",7.5,360,4.71,4.12,5.58,24.75,14.9,8.44,2.4,10.4,10.2,17.85,80,6.3,138.5,35.85,20.5,13,3,1.39,23.8,15.65,0.28,6.66,32,137,3.7,176.68,200.26,"1,881.91","3,434.52",155.59,"1,772.28","1,385.33"
2021-02-01,9.04,5.55,41.95,408.5,18.5,58,7.5,1.39,11.75,22,2.1,12.5,40,16.9,0.45,70,152.25,13.85,37.2,1.03,6.2,1.28,"1,975.00",0.36,3.74,46.3,279.75,78,35.75,5.14,2.46,1.61,5,6,3.83,365,"1,500.00",7.5,360,4.69,4.12,5.66,24.75,14.55,8.4,2.2,10.4,10.2,17,80,6.3,139,35.15,20.5,12.6,2.99,1.34,23.6,15.65,0.29,6.96,31.15,135.75,3.7,176.54,198.51,"1,874.96","3,412.05",153.78,"1,768.03","1,382.00"
2021-02-02,8.9,5.55,42.05,415,18.5,58,7.5,1.41,11.75,22,2.1,12.55,38.45,16.9,0.45,70,154.75,13.85,37.25,1.11,6.1,1.35,"1,975.00",0.39,3.74,46.3,279.75,78,35.7,5.1,2.5,1.54,5,6,3.83,365,"1,500.00",7.48,360,4.7,4.12,5.44,24.9,14.7,8.44,2.4,10.4,10.2,16.65,79,6.3,137.25,35.55,19,11.75,2.9,1.34,23.6,16,0.29,6.7,32,136.25,3.9,177.29,199.86,"1,874.37","3,429.89",154.84,"1,777.37","1,391.20"
2021-02-03,9.18,5.55,41.3,414.75,19,58,7.52,1.4,12,22,2.13,12,40,16.85,0.45,70,156.75,13.85,37.2,1.09,6.04,1.36,"1,975.00",0.37,3.89,44.55,272.75,78,36.4,5.04,2.42,1.5,5,6,3.83,370,"1,500.00",7.48,360,4.68,4.12,5.66,25,14.05,9.1,2.35,10.4,10.3,17.3,79,6.24,137.75,36.45,19,12,2.9,1.32,23.3,16.5,0.28,6.7,32,136.75,3.83,178.75,202.85,"1,872.56","3,459.86",157.22,"1,795.39","1,406.58"
2021-02-04,9.1,5.55,40.25,415,19,58,7.5,1.41,12.1,22,2.14,12,40,17.25,0.45,69.75,162.75,13.85,37.2,1.1,6.04,1.36,"1,975.00",0.35,3.71,44.2,272.5,78,36.5,4.93,2.46,1.6,5,6,3.83,370,"1,500.00",7.48,360,4.6,4.12,5.22,24.3,13.35,8.98,2.35,10.4,10.3,16.5,79.25,6.18,136,36.85,18.5,12,2.9,1.3,23.5,15.5,0.28,6.7,32,134.25,3.9,179.89,204.38,"1,870.81","3,481.90",158.33,"1,810.33","1,419.58"
2021-02-05,9.26,5.55,41.65,420.75,19,60,7.54,1.42,12.15,22,2.1,12.2,40,17.25,0.45,68.5,165.25,13.85,37.25,1.11,6,1.37,"1,975.00",0.35,3.62,44.15,272,78,37.05,4.89,2.43,1.55,5,6,3.83,370,"1,500.00",7.9,360,4.7,4.12,5.64,24.5,13,8.58,2.35,10.4,10,16.5,79.5,6,137,36.2,19,11.75,3.01,1.36,23.35,15.15,0.28,6.7,32,135,3.9,180.5,203.49,"1,865.93","3,477.49",157.11,"1,815.68","1,425.72"
2021-02-08,9.18,5.55,40.35,420,19,60,7.42,1.45,11.85,22,2.1,12.5,40,17.3,0.45,69.75,169.75,13.85,37.05,1.12,5.98,1.3,"1,975.00",0.36,3.31,45,270,78,37.45,5.04,2.44,1.61,5,6,3.83,365,"1,500.00",7.58,360,4.6,4.12,5.7,24.35,12.8,8.38,2.35,10.4,10.2,17.1,87.25,6.1,136.75,35.95,19,11.5,2.91,1.36,23.5,14.5,0.28,7,32,134.5,3.8,181.5,203.61,"1,879.71","3,494.82",157.06,"1,829.03","1,436.20"
2021-02-09,9.3,5.55,41.3,420,20.4,60,7.04,1.43,11.95,22,2.08,12.5,40,17.3,0.45,68.25,170.25,12.5,37.15,1.15,6,1.3,"1,975.00",0.35,3.39,42.1,276,78,37.5,4.94,2.41,1.59,5,6,3.83,370,"1,500.00",7.48,360,4.6,4.12,5.14,24.35,12.65,8.8,2.15,10.4,10.2,16.55,87.25,6,136.75,36.6,19,11.5,3.02,1.36,23.5,15.5,0.28,7,32,135,3.8,182.38,205.52,"1,876.19","3,512.68",158.68,"1,839.12","1,445.44"
2021-02-10,9.36,5.55,41.5,420,20.4,59.75,7.2,1.43,12,22,2.19,12.55,40,17.45,0.45,68.25,177.5,12.5,37.5,1.15,6,1.3,"1,975.00",0.35,3.5,42.15,276.5,78,37.5,4.82,2.46,1.57,5,6,3.83,370,"1,500.00",7.48,360,4.64,4.12,5.04,24.45,13.85,8.64,2.15,10.4,10.2,18,85,5.94,135,36.4,19,11.3,3,1.36,23.5,14.55,0.28,6.9,32,135,3.8,183.9,205.99,"1,885.83","3,527.97",158.6,"1,852.43","1,457.23"
2021-02-11,9.4,5.55,40.65,424.25,20.4,59.25,7.04,1.46,12,22,2.13,12.7,40,17.5,0.45,69,177.25,12.5,37.8,1.1,6.04,1.35,"1,975.00",0.36,3.49,44,276,78,37.75,4.82,2.49,1.55,5,6,3.83,370,"1,500.00",7.48,360,4.79,4.12,4.98,24.25,12.9,8.6,2.28,10.4,10.2,18.1,85,5.96,135,37.8,19,11.3,3,1.35,25.6,14.5,0.27,6.9,32,134.75,4,185.91,210.26,"1,882.68","3,588.76",162.5,"1,876.63","1,476.27"
2021-02-12,9.6,5.55,38.85,425,20.5,59.25,7.3,1.47,11.85,24,2.12,12.7,40,17.5,0.45,69,175,12.5,37.85,1.11,6,1.26,"1,975.00",0.36,3.5,45,276,78,38,4.81,2.46,1.53,5,6,3.83,370,"1,500.00",7.48,360,4.79,4.12,5.2,24.45,13.5,8.82,2.28,10.4,10.2,18.3,85,5.96,135,38.35,19,11.3,3,1.35,23.7,14.5,0.28,6.8,32,135,3.8,186.65,211.81,"1,889.77","3,612.06",164.02,"1,884.03","1,482.09"
2021-02-15,9.6,5.55,39.25,425,20.5,59.25,7.2,1.42,11.5,24,2.14,12.6,40,17.4,0.45,69.5,175.5,12.5,38,1.12,6,1.26,"1,975.00",0.37,3.48,43.55,280,78,38.05,4.89,2.45,1.52,5,6,3.83,370,"1,500.00",7.46,360,4.79,4.12,4.86,24.15,13.1,8.6,2.12,10.4,10.2,18.3,85,5.94,135,39.05,19,10.6,3,1.36,24,14.5,0.28,6.84,32,135,3.8,187.48,213.85,"1,885.15","3,633.08",165.79,"1,894.26","1,490.14"
2021-02-16,9.54,5.55,39.65,437,21,59.25,7.2,1.42,12.1,24,2.15,12.45,40,17.4,0.45,69,174.5,12.5,39,1.07,6,1.35,"1,975.00",0.37,3.46,43.15,270,85,38.6,4.85,2.45,1.47,5,6,3.83,370,"1,500.00",7.5,360,4.79,4.12,4.71,24.05,13.05,8.48,2.2,10.4,10,17.3,82,5.96,135,38.5,19,10.05,3,1.36,24.35,14.5,0.29,6.6,32,135,3.8,187.9,213.22,"1,879.19","3,618.75",164.48,"1,898.95","1,493.83"
2021-02-17,9.58,5.55,38.95,437,21,59.25,7.08,1.41,11.75,24,2.12,12.45,39,17.45,0.45,69.5,173,12.5,38.55,1.01,6,1.29,"1,855.00",0.36,3.45,45,270,84,38.85,4.81,2.46,1.45,5,6,3.83,370,"1,500.00",7.46,360,4.79,4.12,4.59,24.15,13.15,8.46,2.01,10.4,10,17.55,80.75,5.98,135,38.75,19,10.1,3,1.35,25,14.9,0.28,6.62,32,135,3.77,187.73,213.65,"1,874.67","3,624.62",165.04,"1,897.31","1,491.17"
2021-02-18,9.6,5.55,39,439.75,21,60,7,1.33,11.5,24,2.07,12.55,40,17.4,0.45,69,173,12.5,38.35,1.07,6.04,1.31,"1,855.00",0.36,3.45,45,265.25,80,39,4.74,2.48,1.47,5,6,3.83,370,"1,500.00",7.46,360,4.79,4.12,4.76,24.1,13,8.44,2,10.4,10,18,84,5.94,135,38.45,19,10.1,3.28,1.35,25,15,0.28,6.68,29.55,135,3.5,187.38,212.83,"1,875.71","3,617.11",164.31,"1,895.92","1,490.76"
2021-02-19,9.62,5.55,40.05,484.75,21,58,7,1.41,11.85,24,2.12,12.8,40,17.25,0.45,70.75,171,12.5,38.45,1.01,6.2,1.34,"1,855.00",0.37,3.51,44.8,265.25,84,39.5,4.7,2.48,1.49,5,6,3.83,370,"1,500.00",7.46,360,4.66,4.12,4.64,24.05,13.05,8.56,2,10.4,9.5,18,84,5.6,135,38.75,19,10.1,3.6,1.36,25,15,0.27,6.72,29.5,135,3.7,188.14,214.59,"1,888.47","3,638.57",165.55,"1,911.58","1,501.70"
2021-02-22,9.72,5.55,40.1,492.25,21,59,7.06,1.43,11.95,24,2.13,12.8,40,17.05,0.45,77,169.25,12.5,38.2,1.1,6.8,1.34,"1,855.00",0.39,3.45,45,266,81,39.3,4.7,2.47,1.42,5,6,3.83,370,"1,500.00",7.9,360,4.69,4.12,4.74,24.25,13.05,8.38,2,10.4,9.5,18.3,80,5.1,135,38.9,19,9.8,3.6,1.34,25,15,0.29,6.6,29.5,135,3.7,187.66,214.91,"1,877.46","3,637.31",165.86,"1,909.31","1,499.92"
2021-02-23,9.78,5.55,40.05,499.75,21.45,59,7.02,1.39,11.85,24,2.15,12.8,39.45,17,0.45,75,168.5,13.35,38.2,1.03,6.48,1.32,"1,855.00",0.37,3.62,43.45,265,81,38.75,4.67,2.46,1.45,5,6,3.83,370,"1,500.00",8,360,4.65,4.12,4.74,23.65,13.3,8.68,1.97,10.4,9.5,19.45,80,5.42,134.5,39,18,9.88,3.5,1.34,24,15.55,0.29,6.78,29.5,135,3.7,186.98,214.63,"1,883.64","3,627.37",165.89,"1,903.30","1,493.84"
2021-02-24,9.84,5.55,39.95,498.5,21.45,59,7,1.31,11.95,24,2.1,13,39,17,0.45,70.25,168,13.35,37.95,1.11,6.4,1.33,"1,855.00",0.36,3.61,45,264.5,84,38.4,4.66,2.49,1.45,5,6,3.83,370,"1,500.00",8,360,4.31,4.12,4.44,24.45,13.4,8.2,2,10.4,9.5,19.55,80,5.48,134.75,39,18,9.8,3.5,1.3,24,15.65,0.28,6.6,29.1,135,3.7,186.89,214.15,"1,877.67","3,628.83",165.85,"1,896.91","1,487.47"
2021-02-25,9.74,5.55,41.3,489.5,21.9,59,7.16,1.32,12,24,2.23,12.9,39.5,16.6,0.45,69.75,165.75,13,37.95,1.11,6.26,1.33,"1,855.00",0.38,3.53,42.6,265.25,84,38.1,4.63,2.55,1.45,5,6,3.83,370,"1,500.00",8.04,360,4.65,4.12,4.31,24.45,14.65,8.5,2.16,10.4,9.5,18.15,84,5.72,134.75,39,18.8,9.8,3.5,1.22,25,16,0.28,6.6,32,134,3.7,186.05,213.57,"1,896.68","3,618.30",165.64,"1,889.05","1,481.31"
2021-02-26,9.72,5.55,41.95,489.5,21.9,58,7.28,1.35,12.15,24,2.3,13.05,39.5,16.95,0.45,69.25,166,13,37.9,1.08,6.6,1.33,"1,855.00",0.4,3.49,44.95,266,85,38.75,4.69,2.49,1.48,5,6,3.83,370,"1,500.00",8.04,360,4.6,4.12,4.26,24.5,16.1,8.6,1.99,10.4,9.32,18.05,83,5.88,134.75,38.75,18,9.58,3.5,1.14,24.4,16,0.28,6.8,32,134.5,3.7,186.74,213.53,"1,915.68","3,624.96",165.39,"1,892.68","1,484.15"
2021-03-01,9.64,5.55,40.05,484,21.9,58,7.3,1.3,12.5,24,2.14,13,39.5,16.9,0.45,70,167.5,13.75,37.9,1.11,6.44,1.3,"1,855.00",0.38,3.47,44.95,266,85,38.8,4.66,2.48,1.45,5,6,3.83,371,"1,500.00",7.7,360,4.44,4.12,4.08,24.45,17.7,8.32,2,10.4,9.32,18,83,5.84,134.5,38.7,18,10,3.5,1.22,24.7,17,0.27,6.8,32,133.75,4,186.8,213.38,"1,912.79","3,623.76",165.2,"1,893.69","1,484.94"
2021-03-02,9.56,5.55,39.3,487,21,57,7.2,1.3,12.25,24,2.23,13.05,39.5,16.95,0.45,70.5,167.25,13.75,38,1.11,6.3,1.3,"1,855.00",0.38,3.4,44.9,265.25,85,38.7,4.66,2.6,1.44,5,6,3.83,365,"1,500.00",7.88,360,4.65,4.12,4.04,25.05,19.45,8.3,2,10.4,8.68,18,82,5.74,134.5,38.6,18.5,10,3.5,1.22,24.4,17,0.28,6.68,31,130,4,187.04,213.27,"1,922.58","3,622.31",164.92,"1,893.23","1,484.58"
2021-03-03,9.56,5.55,40.05,484,21,57,7.06,1.36,12.3,24,2.28,13.05,39.5,16.8,0.45,70.5,167,13,37.85,1.08,6.58,1.3,"1,855.00",0.38,3.45,44.6,265,85,38.35,4.69,2.61,1.41,5,6,3.83,365,"1,500.00",7.24,360,4.4,4.12,4.14,26.5,21.25,8.5,1.98,10.4,8.82,18,83.75,5.7,134.75,38,18.5,10.55,3.5,1.3,24.95,16.05,0.27,6.8,31,130.25,4,186.56,211.57,"1,934.90","3,605.78",163.43,"1,883.62","1,478.40"
2021-03-04,9.54,5.55,40.95,482.25,21,60,7.06,1.34,12.05,26,2.25,13.05,39.5,16.85,0.45,71.75,167,13,37.85,1.1,6.8,1.3,"1,855.00",0.38,3.49,44.6,265,85,37.95,4.68,2.68,1.4,5,6,3.83,365,"1,500.00",7.7,360,4.4,4.12,4.06,24.7,23.05,8.5,2,10.4,8.76,18,83,5.58,134.75,37.85,19,10.8,3.31,1.3,24.95,16,0.27,6.52,31,130.25,4.05,185.46,210.67,"1,936.89","3,589.32",162.79,"1,874.93","1,472.24"
2021-03-05,9.6,5.55,40.3,480.5,21,60,7.12,1.3,12.3,26,2.22,13,39.4,16.65,0.45,71.75,169,13,38.05,1.1,6.7,1.24,"1,855.00",0.38,3.45,44.05,270,85,38.2,4.63,2.62,1.38,5,6,3.83,365,"1,500.00",8.08,360,4.25,4.12,4.14,25.9,25.35,8.24,2,10.4,8.38,18,84.5,5.46,134.5,37.3,19,11.15,3.24,1.21,23.5,16,0.26,6.5,31,133,4,186.06,209.8,"1,941.39","3,587.07",161.67,"1,878.47","1,475.02"
2021-03-08,9.58,5.55,40.45,476.75,21,61.75,7.08,1.3,12.05,23.4,2.16,12.85,39.3,16.65,0.45,74.75,168.5,13,38,1.02,6.66,1.3,"1,855.00",0.38,3.47,44.95,270,85,38.15,4.69,2.63,1.41,5,6,3.83,365,"1,500.00",8.88,360,4.25,4.12,4.15,24.85,23.9,8.34,2,10.4,8.6,18.15,84.5,5.4,134.5,35.9,20.35,11.6,3.25,1.2,23.15,16.05,0.25,6.6,31,135,4.28,183.85,205.69,"1,932.93","3,532.09",157.92,"1,863.23","1,463.05"
2021-03-09,9.5,5.55,39.05,483.75,21,60,7.24,1.3,12.1,22.15,2.18,12.65,39,16.75,0.45,74.75,170,13,38.05,1.12,6.56,1.34,"1,855.00",0.36,3.49,44.15,269,78.25,38.9,4.69,2.63,1.41,5,6,3.83,365,"1,500.00",9.58,360,4.4,4.12,4.13,24.4,21.6,8.46,2,10.4,8.6,17.05,83,5.34,134.5,36.15,20.35,11.7,3.2,1.26,23.5,17.3,0.26,6.6,29,130,4.28,184.56,206.88,"1,921.94","3,539.89",158.6,"1,873.84","1,471.39"
2021-03-10,9.44,5.55,39.8,481.5,21,60,7.14,1.3,12.05,22.15,2.16,12.85,39.7,16.7,0.45,75,174.75,13,38.65,1.1,6.52,1.33,"1,855.00",0.37,3.46,44.15,266,78.25,39.15,4.65,2.66,1.4,5,6,3.83,365,"1,500.00",10.3,360,4.4,4.12,4.2,24,19.6,8.18,2.16,10.4,8.6,18,83,5.26,134.25,37.55,20.35,11.9,3.2,1.2,23.5,17.95,0.27,6.8,29,133,4.28,187.47,211.7,"1,915.14","3,606.07",162.7,"1,907.73","1,498.00"
2021-03-11,9.4,5.55,38.85,481.5,21,60,7.14,1.3,11.95,22.15,2.16,12.9,39.7,16.6,0.45,75,175.5,13,39.35,1.1,6.54,1.33,"1,855.00",0.38,3.37,43.15,266,78.25,39.25,4.63,2.68,1.39,5,6,3.83,365,"1,500.00",10.25,360,4.4,4.12,4.04,24.1,18.1,8.5,2.25,10.4,8.58,18,83,5.4,134.5,37.55,20.35,12.3,3.2,1.12,24,18,0.28,6.8,29,133,4.28,188.31,212.26,"1,913.35","3,614.43",162.85,"1,917.14","1,505.39"
2021-03-12,9.42,5.55,39.1,484.5,21,60,7.18,1.31,11.75,22.15,2.29,12.95,39.7,16.6,0.45,75.25,175.25,13.05,40,1.05,6.78,1.28,"1,855.00",0.38,3.41,43,261.75,78.25,39.95,4.61,2.6,1.39,5,6,3.83,365,"1,500.00",9.62,360,4.35,4.12,4.17,24.85,19.55,8.3,2.25,10.4,8,17.5,83,5.42,134.5,37.1,20.35,12.45,3.2,1.2,25,17.95,0.28,6.8,29,132.5,4.28,189.48,212.14,"1,923.04","3,617.79",162.08,"1,926.72","1,512.91"
2021-03-15,9.36,5.55,39.8,480,21,60,7.2,1.29,11.6,22.15,2.22,12.85,39.7,16.4,0.45,75,175,13,40,1.05,6.98,1.27,"1,855.00",0.38,3.48,43,270,78.25,39.65,4.68,2.59,1.38,5,6,3.83,365,"1,500.00",8.74,360,4.65,4.12,4.14,24.25,21.4,8.06,2.25,10.4,8.58,17.05,83,5.5,134.5,37.35,20.35,12.4,3.5,1.2,23.8,17.55,0.28,6.6,29,133,4.28,189.14,212.41,"1,926.37","3,618.98",162.52,"1,923.23","1,510.17"
2021-03-16,9.32,5.55,39.6,484,22,60,7.22,1.31,11,22.15,2.17,12.85,39.5,16.65,0.45,73.5,175,13,40.05,1.01,6.84,1.28,"1,855.00",0.38,3.44,43,276,78.25,39.95,4.63,2.54,1.39,5,6,3.83,365,"1,500.00",9.32,360,4.26,4.12,4.4,24.2,21,7.74,2.29,10.4,8.42,17.15,86.5,5.5,134.25,37.4,20.35,12,3.2,1.13,22.05,17.5,0.26,6.6,29,134.75,4.28,189.38,212.65,"1,922.70","3,627.26",162.82,"1,928.94","1,513.96"
2021-03-17,9.34,5.55,39.55,480.25,22,58.75,7.34,1.35,11.2,22.15,2.26,12.8,39.5,16.5,0.45,76.75,174.25,13.05,40.25,1.04,7,1.33,"1,855.00",0.38,3.48,43,280,78.25,40.1,4.65,2.62,1.38,5,6,3.83,365,"1,500.00",9.14,360,4.58,4.12,4.24,24.45,20.2,7.92,2.29,10.4,8.42,18,85.75,5.6,133.75,37.55,18.6,11.95,2.99,1.11,22.1,17.75,0.25,6.6,29,135,4.28,189.84,213.38,"1,930.06","3,637.24",163.33,"1,933.82","1,516.41"
2021-03-18,9.38,5.55,40,484,22,59.25,7.32,1.37,11.5,22.15,2.25,13.25,41,16.15,0.45,74.75,172,13.05,41.75,1.02,6.82,1.3,"1,855.00",0.38,3.48,43,280,84,40.85,4.65,2.62,1.36,5,6,3.83,360,"1,500.00",8.78,360,4.4,4.12,4.39,25.05,19.6,8.1,2.29,10.4,8,17.95,85.25,5.62,133.75,38.1,18.6,11.65,3.28,1.2,23.95,18,0.24,6.62,31,135,4,192.82,216.4,"1,936.22","3,685.25",165.42,"1,962.15","1,537.93"
2021-03-19,9.44,5.55,39.65,484,22.5,59.25,7.32,1.38,11.55,22.15,2.29,13.9,39,16.5,0.45,73.75,170,13.05,41.65,1.03,6.98,1.29,"1,855.00",0.37,3.42,43.2,285,85,41.35,4.63,2.65,1.36,5,6,3.83,360,"1,500.00",8.76,360,4.5,4.12,4.15,24.95,18.55,8,2.29,10.4,8.26,17,85.25,5.5,133,38.6,20.35,11.65,3.26,1.12,23,18,0.24,6.62,31,135,4.28,194.1,218.09,"1,933.60","3,711.22",166.94,"1,973.64","1,546.93"
2021-03-22,9.38,5.55,39.4,481.75,22.5,60,7.4,1.3,11.55,22.15,2.32,13.85,39,16.7,0.45,73.5,170,13.05,41.4,1,6.82,1.22,"1,855.00",0.37,3.76,43,293.75,85,40.9,4.64,2.61,1.33,5,6,3.83,360,"1,500.00",8.5,360,4.61,4.12,4.29,24.65,19,7.98,2.29,10.4,8.52,17,82.5,5.76,133,38.9,20.35,12,3.26,1.2,23,17.65,0.24,6.9,31,135,4.28,193.51,218.27,"1,931.35","3,709.84",167.5,"1,967.35","1,542.00"
2021-03-23,9.44,5.55,39.95,480,22.5,64,7.46,1.36,11.35,22.15,2.27,13.7,40.5,16.6,0.45,72,170,13.05,41.65,1,6.78,1.21,"1,855.00",0.37,4.13,45,296,84.5,41.2,4.6,2.65,1.32,5,6,3.83,362,"1,500.00",7.92,360,4.43,4.12,4.26,24.75,19,8,2.29,10.4,8.52,17.05,81.5,5.64,134.75,39.45,20.35,12.05,3.32,1.19,21.85,17.65,0.24,6.96,31,135.5,4.28,194.53,220.07,"1,931.34","3,736.79",169.11,"1,976.86","1,549.45"
2021-03-24,9,5.55,39,479.5,22.5,64,7.26,1.31,11.85,22.15,2.27,13.7,40.5,16.3,0.45,70.75,169.5,13.05,42,1.04,6.78,1.16,"1,855.00",0.38,4.54,43.2,284,84,41.85,4.59,2.65,1.28,5,6,3.83,355,"1,500.00",7.46,360,4.6,4.12,4.25,23.45,18,7.94,2.2,10.4,8.52,17,82.75,5.54,141,39.45,20.35,11.2,3.46,1.2,23.8,18,0.26,7,31,146.75,4.28,193.86,220.05,"1,910.17","3,723.71",168.96,"1,980.09","1,552.69"
2021-03-25,8.94,5.55,38.9,480,22.5,64,7.18,1.3,11.95,22.15,2.25,13.55,40.5,16.05,0.45,70,168,13.05,41.85,1.12,6.74,1.2,"1,855.00",0.37,4.99,43.05,267.75,84,42,4.58,2.57,1.34,5,6,3.83,355,"1,500.00",7.46,360,4.4,4.12,4.35,22.95,18,8.04,2.2,10.4,8.26,17.05,82.25,5.52,146.75,39.5,21.35,11.2,3.8,1.12,23.95,18,0.26,6.7,29.05,146.75,4.28,193.06,219.9,"1,907.32","3,710.63",168.85,"1,974.61","1,549.10"
2021-03-26,8.86,5.55,38.85,480.75,22.5,64,7.1,1.31,12,22.15,2.25,13.6,39.3,16.3,0.45,66.5,167.75,13.05,41,1.12,6.94,1.28,"1,855.00",0.37,4.58,43.15,267.75,84,41.1,4.58,2.6,1.34,5,6,3.83,355,"1,500.00",8.2,360,4.24,4.12,4.12,23.1,17.9,8.46,2.2,10.4,8.52,18.6,83.5,5.54,145,38.75,21.35,12,3.63,1.19,23.85,18,0.25,6.7,31,147.5,4.28,190.79,216.56,"1,903.06","3,666.29",166.48,"1,947.23","1,527.62"
2021-03-29,8.64,5.55,36.85,474.75,22.5,62,7.1,1.36,11.6,22.15,2.25,13.15,39.35,16,0.45,65,158.5,13.05,37.55,1.1,6.32,1.3,"1,855.00",0.37,4.17,42.9,267.75,84,39.4,4.59,2.46,1.34,5,6,3.83,355,"1,500.00",8.1,360,4.4,4.12,4.34,23.85,17.65,8.06,2.2,10.4,8.52,18.15,82,5.48,140,37.6,21.35,12,3.8,1.19,23,17.55,0.26,6.94,29.65,135.25,3.99,183.22,208.65,"1,853.25","3,531.67",161.28,"1,859.99","1,459.85"
2021-03-30,8.66,5.55,36.45,474.75,20.25,60,7,1.32,11.85,22.15,2.25,13.5,39.35,15.6,0.45,65,156,13.05,37.95,1.02,6.56,1.3,"1,855.00",0.37,4.1,44,275,84,40.35,4.54,2.4,1.31,5,6,3.83,355,"1,500.00",8.5,360,4.21,4.12,4.22,25.1,16.5,8.28,2.29,10.4,8.52,17.2,81.75,5.38,141.25,37.35,21.35,10.8,3.8,1.2,22.3,17.5,0.25,7.14,30.7,136.25,4,184.86,209.18,"1,846.76","3,544.40",160.97,"1,869.96","1,469.68"
2021-03-31,8.82,5.55,36.55,475,20.25,60.25,7.02,1.3,11.6,22.15,2.08,13.2,41.9,15.6,0.45,62.75,158,14.3,37.95,1,6.76,1.29,"1,855.00",0.38,4.01,50,270.5,84,41.3,4.55,2.44,1.35,5,6,3.83,355,"1,500.00",8.24,360,4.06,4.12,4.2,25.15,16.85,7.88,2.29,10.4,8.52,17.2,81.25,5.4,141.75,36.25,21,10.8,3.57,1.19,23.5,17.95,0.23,7.12,30.7,147,4,184.82,206.95,"1,846.41","3,531.58",158.62,"1,866.04","1,469.28"
2021-04-01,8.8,5.55,37.95,475,20.25,60.75,7,1.3,11.5,22.15,2.2,11.95,41.9,15.7,0.45,68,158,14.3,39.05,1,6.74,1.3,"1,855.00",0.38,3.78,49,278.5,87,41.1,4.56,2.53,1.36,5,6,3.83,355,"1,500.00",8.2,360,4.46,4.12,4.47,25.35,17.2,8.14,2.29,10.4,9,17.2,83.25,5.38,142,37.05,21,11,3.47,1.2,22.9,17.5,0.23,7.04,29,146.5,3.99,185.47,209.48,"1,864.44","3,559.40",160.68,"1,887.70","1,492.48"
2021-04-06,8.82,5.55,39,473.75,21,60,7,1.26,11.2,22.15,2.18,11.95,41.9,16.15,0.45,67.75,158,13.9,39,1.07,6.94,1.22,"1,855.00",0.39,4,50,290,87,40.15,4.55,2.54,1.33,5,6,3.83,351,"1,500.00",8.4,360,4.46,4.12,4.42,25.05,16.55,8.46,2.29,10.4,9,17.2,83.5,5.36,142,36.75,21,12,3.51,1.2,24,17.5,0.22,7,29,145.5,3.92,184.14,207.94,"1,863.10","3,547.08",159.85,"1,874.50","1,486.14"
2021-04-07,8.84,5.55,39,475,23.1,60,6.76,1.25,11.8,24,2.24,11.85,40,16.25,0.45,65,158.25,13.9,38.3,1.12,6.18,1.3,"1,855.00",0.4,4.17,49.75,290,81,39.85,4.51,2.52,1.33,5,6,3.83,351,"1,500.00",8.4,360,4.46,4.12,4.43,25.25,16.7,8.44,2.29,10.4,9,17.2,84.25,5.42,142.5,36.8,21,11,3.36,1.21,24.1,17,0.23,6.94,29,145.75,3.92,183.4,207.39,"1,856.13","3,535.84",159.79,"1,864.46","1,482.96"
2021-04-08,8.86,5.55,38.65,470.25,23.1,60,6.98,1.25,11.9,24,2.24,11.9,40,16.05,0.45,65.25,159.25,13.9,37.5,1.07,5.72,1.21,"1,855.00",0.39,3.95,48.05,290,81,39.8,4.54,2.48,1.33,5,6,3.83,351,"1,500.00",8.32,360,4.46,4.12,4.44,24.6,17.85,8.36,2.29,10.4,9,17.2,82.25,5.6,142.75,36.15,21,11,3.36,1.11,24.3,17,0.21,6.94,29,141.25,3.92,181.69,204.98,"1,856.97","3,496.87",157.77,"1,847.10","1,472.55"
2021-04-09,8.86,5.55,39.3,470.5,24,60,6.96,1.25,11.15,24,2.27,11.9,40,16.35,0.45,65.5,163.75,13.9,37.7,1.03,6.12,1.29,"1,855.00",0.39,4,47.4,285,81,40,4.53,2.5,1.39,5,6,3.83,351,"1,500.00",8.22,360,4.45,4.12,4.26,25,17.05,8.44,2.29,10.4,8.1,17.2,83,5.6,144,36.3,20.95,11.5,3.36,1.03,24.65,17.1,0.23,6.94,29,143,3.92,183.29,206.38,"1,868.76","3,518.06",158.59,"1,862.34","1,494.38"
2021-04-12,8.88,5.55,38.4,470.75,25,60,6.98,1.29,11.5,24,2.29,11.85,42.2,16,0.45,65,165.75,13.9,37.7,1.11,6.04,1.3,"1,855.00",0.38,4,47.05,285,81,40.65,4.5,2.49,1.36,5,6,3.83,351,"1,500.00",8.1,360,4.25,4.12,4.27,25.25,16.95,8.4,2.29,10.4,8.04,17.2,83,5.56,143,36.55,20.95,11.5,3.45,1.03,24.2,17.1,0.22,6.5,29.2,143,3.92,184.46,207.66,"1,862.87","3,534.19",159.41,"1,874.49","1,506.94"
2021-04-13,8.86,5.55,37.85,470.75,25,60,7.04,1.32,11.9,24,2.12,11.8,39,16.05,0.45,65,169.75,13.95,38.05,1.11,5.8,1.22,"1,855.00",0.39,4,47.2,285,89,40.9,4.5,2.43,1.35,5,6,3.83,351,"1,500.00",8.1,360,4.07,4.12,4.41,25.5,17,8.28,2.29,10.4,8,17.2,83,5.46,143.5,36.65,20.95,11,3.61,1.1,24.2,17,0.23,7.04,31.05,143,4,185.77,208.74,"1,861.44","3,553.49",160.05,"1,888.49","1,521.04"
2021-04-14,8.76,5.55,38,471,25,61.5,6.92,1.3,11.85,24,2.17,11.8,38,16,0.45,65,169.25,13.8,38.3,1.1,5.9,1.27,"1,855.00",0.38,3.91,47,285,82.5,41.35,4.5,2.45,1.37,5,6,3.83,355,"1,500.00",8.18,360,4.16,4.12,4.1,26.5,16.9,8.3,2.29,10.4,7.98,17.3,83,5.5,143,37.1,20,11,3.58,1.19,24.35,16.9,0.22,7.1,29.7,143,4,187.44,210.69,"1,867.15","3,577.01",161.38,"1,900.95","1,532.51"
2021-04-15,8.84,5.55,38.5,474.5,25,67,6.72,1.35,11.45,21.6,2.21,11.6,38,16,0.45,65,170,13.8,38.55,1.12,6,1.3,"1,855.00",0.37,3.9,46.95,285,89,41.85,4.5,2.46,1.4,5,6,3.83,355,"1,500.00",8.2,360,4.4,4.12,4.45,26.45,16.9,8.26,2.29,10.4,8,18.75,83,5.58,143,38.15,20,10.9,3.55,1.2,24.75,17,0.21,7.1,29.7,145.5,4,189.14,214.09,"1,873.46","3,620.10",164.32,"1,921.75","1,545.66"
2021-04-16,8.8,5.55,38.3,475,24.55,67,6.72,1.35,11.2,21.6,2.29,11.8,38,15.95,0.45,65,170,15,38.85,1.13,5.98,1.3,"1,855.00",0.4,4,46,282.25,89,42,4.5,2.45,1.4,4.53,6,3.83,355,"1,500.00",8.14,360,4.3,4.12,4.43,26.8,16.95,8.76,2.29,10.4,8,18.5,83.75,5.58,142.75,38.4,20,10.9,3.5,1.22,24.4,17,0.21,6.82,29.6,144,4.1,190.25,215.29,"1,882.96","3,635.74",165.08,"1,931.64","1,547.11"
2021-04-19,8.78,5.55,38.5,437.5,24.55,67,6.96,1.35,10.9,21.6,2.32,11.65,38,15.95,0.45,64.5,172.5,15,38.8,1.12,6,1.34,"1,855.00",0.41,3.91,46,288.75,89,41.5,4.49,2.47,1.43,4.53,6,3.83,355,"1,500.00",7.5,360,4.3,4.12,4.32,26.6,17.5,8.76,2.29,10.4,8,17.2,83.5,5.5,142.5,38,20,10.9,3.54,1.21,24.45,15.4,0.23,6.82,32,143,4.1,189.48,213.54,"1,879.06","3,616.93",163.73,"1,926.90","1,536.17"
2021-04-20,8.8,5.55,38.05,432.25,24.55,67,6.84,1.35,10.9,21.6,2.28,11.65,40.4,16.05,0.45,64,170.25,15,39.25,1.1,5.98,1.39,"1,855.00",0.4,3.87,46,288,89,42.05,4.48,2.44,1.48,4.53,6,3.83,355,"1,500.00",7.84,360,4.35,4.12,4.41,26.7,17,8.56,2.29,10.4,8,18.25,83,5.5,142.25,38.4,20,10.9,3.53,1.22,24.4,15.4,0.24,6.82,30.2,145,4.1,190.5,214.95,"1,873.93","3,633.40",164.82,"1,933.65","1,540.12"
2021-04-21,8.7,5.55,43.15,434.75,25,67,6.82,1.35,11.8,21.6,2.23,11.65,40.5,15.9,0.45,63,170,15,39.25,1.09,6,1.34,"1,855.00",0.38,3.9,45,290,85,42.3,4.43,2.52,1.47,4.53,6,3.83,355,"1,500.00",7.6,360,4.7,4.12,4.53,24.95,17.05,8.64,2.29,10.4,8,17.2,83,5.4,141,39,20,10.9,3.7,1.22,24.2,15.4,0.25,6.32,29.55,143.5,4.1,189.8,216.14,"1,878.02","3,643.64",166.18,"1,942.54","1,542.21"
2021-04-22,8.62,5.55,42.35,433,25,67,6.9,1.34,10.95,21.6,2.19,11.7,38.1,15.5,0.45,64,170,15,37.95,1.08,6,1.33,"1,855.00",0.38,3.88,45.05,290,81.25,41.6,4.49,2.55,1.46,4.53,6,3.83,355,"1,500.00",8,360,4.7,4.12,4.4,24.95,17.25,8.56,2.29,10.4,8,17.3,83,5.92,141.25,39.1,20,10.9,3.66,1.31,24.35,15.4,0.24,6.32,29.55,140.5,4.1,188.04,215.13,"1,881.87","3,625.37",165.98,"1,924.27","1,526.30"
2021-04-23,8.72,5.55,40.6,433.75,25,67,7,1.3,11.85,21.6,2.3,11.9,38.1,15.7,0.45,67.25,170,15,39.1,1.1,5.8,1.34,"1,855.00",0.37,3.88,45,290,82,41.6,4.35,2.56,1.46,4.53,6,3.83,355,"1,500.00",8,360,4.27,4.12,4.46,24.85,17,8.36,2.29,10.4,8,17.85,83,6.24,141,38.8,20.55,11.45,3.64,1.26,24,15.4,0.24,6.32,29.55,145,4.14,188.95,215.19,"1,888.25","3,635.87",165.61,"1,936.38","1,535.90"
2021-04-26,8.68,5.55,41.95,434.75,25,62,7.08,1.29,11.95,21.6,2.29,11.9,38.1,16,0.45,68.5,168.5,15,39.1,1.1,6.08,1.32,"1,855.00",0.38,3.97,45.35,280,82,41.8,4.27,2.5,1.44,4.53,6,3.83,355,"1,500.00",7.8,360,4.28,4.12,4.67,25,17,8.56,2.21,10.4,8,17.85,83,5.94,141,39,19,11.45,3.64,1.32,23.9,16.8,0.24,6.12,29.5,145,4.14,189.09,215.83,"1,888.68","3,641.27",166.08,"1,937.25","1,542.99"
2021-04-27,8.64,5.55,41.9,452,25,62,6.88,1.3,12.2,21.6,2.15,11.9,38.1,15.6,0.45,68.25,167.75,15,39.15,1.08,6.02,1.25,"1,855.00",0.39,3.96,47.5,280,82,39.7,4.24,2.42,1.44,4.53,6,3.83,355,"1,500.00",7.6,360,4.46,4.12,4.92,24.85,17,8.4,2.21,10.4,8,17.85,76,5.98,141,39.35,18.05,11.5,3.75,1.2,24,16.8,0.24,5.9,29.5,145,4.28,187.17,215.23,"1,868.38","3,629.75",166.42,"1,935.51","1,545.89"
2021-04-28,8.68,5.55,40.7,460,26,62,7.06,1.3,12,21.6,2.24,12,38.1,15.55,0.45,66.25,168.75,15,39.45,1.01,6.02,1.3,"1,855.00",0.4,3.8,45.05,277.5,82,39.95,4.3,2.47,1.41,4.53,6,3.83,355,"1,500.00",7.72,360,4.48,4.12,4.55,24.25,17,8.54,2,10.4,8,17.3,83,6,136.25,39.9,19,11.5,3.75,1.23,23.85,15.5,0.25,6.04,29.5,147,4.28,188.12,216.85,"1,876.88","3,656.78",168.04,"1,953.54","1,559.58"
2021-04-29,8.74,5.55,40.5,460,26,62,6.8,1.29,11.15,21.6,2.28,12,38.1,15.5,0.45,66.25,171,14,39,1.01,5.82,1.34,"1,855.00",0.4,3.98,44.5,290,82,40.2,4.28,2.48,1.37,4.53,6,3.83,355,"1,500.00",7.14,360,4.32,4.12,4.59,24.55,16.75,8.58,2,10.4,7.98,17.3,83,6.16,134.25,40.35,19,11.5,3.84,1.2,24,16.3,0.25,5.68,29.5,149.25,4.3,188.98,218.27,"1,873.57","3,675.72",169.19,"1,961.27","1,565.75"
2021-04-30,8.78,5.55,40.05,453.75,26.15,61.25,6.74,1.28,10.95,21.6,2.18,12.2,36,15.4,0.45,65.25,169.75,14,39.15,1.08,5.92,1.34,"1,855.00",0.41,3.97,44.05,281.75,82.5,40.25,4.25,2.47,1.38,4.53,6,3.83,358.25,"1,500.00",7.38,360,4.55,4.12,4.51,24.95,16.55,8.52,1.97,10.4,7.98,18.05,83,5.98,134,40.35,19,11.5,3.74,1.19,24,16.3,0.25,5.76,29.5,149.75,4.3,189.42,218.33,"1,866.58","3,674.77",169.15,"1,961.60","1,566.01"
2021-05-03,8.80,5.55,40.75,459.75,26.00,67.00,6.76,1.40,10.90,21.60,2.13,12.45,36.00,15.60,0.45,65.00,171.00,14.00,39.30,1.03,6.14,1.35,"1,855.00",0.38,3.76,44.95,288.75,82.50,40.05,4.21,2.40,1.35,4.53,6.00,3.83,358.25,"1,500.00",7.58,360.00,4.55,4.12,4.20,24.35,16.45,8.44,1.99,10.40,8.00,18.05,81.00,5.80,132.75,40.50,19.00,11.50,3.51,1.11,23.80,14.85,0.26,5.76,29.50,149.75,4.30,189.43,218.69,"1,858.26","3,686.02",169.61,"1,972.20","1,576.66"
2021-05-04,8.70,5.55,40.15,457.75,26.00,67.50,6.72,1.35,10.90,20.00,2.11,12.45,36.00,15.55,0.45,65.00,170.00,14.00,39.55,1.00,6.18,1.35,"1,855.00",0.38,3.81,43.05,282.00,82.50,40.05,4.16,2.40,1.33,4.53,6.00,3.83,358.25,"1,500.00",7.58,340.00,4.52,4.12,4.40,24.45,15.20,8.26,2.18,10.40,8.00,17.65,81.00,5.94,132.50,40.75,17.10,11.50,3.51,1.12,23.90,16.00,0.25,6.18,29.00,149.75,4.50,189.60,219.27,"1,845.80","3,685.33",170.07,"1,974.28","1,584.95"
2021-05-05,8.66,5.55,40.55,457.75,26.00,67.50,6.90,1.36,11.50,20.00,2.14,12.65,36.00,15.05,0.45,65.50,169.25,14.00,39.85,1.09,6.18,1.35,"1,855.00",0.40,3.99,42.75,282.00,82.50,40.40,4.16,2.48,1.38,4.53,6.00,3.83,360.00,"1,500.00",7.60,340.00,4.49,4.12,4.55,24.50,15.80,8.50,2.18,10.40,8.00,18.95,81.00,6.00,132.25,40.50,17.10,11.50,3.50,1.13,24.00,16.00,0.25,6.30,29.00,149.75,4.50,190.06,219.12,"1,862.07","3,685.10",169.69,"1,979.75","1,593.06"
2021-05-06,8.80,5.55,40.00,460.00,26.05,69.00,6.72,1.36,11.50,20.00,2.19,12.65,36.00,14.75,0.45,65.00,171.25,14.00,40.30,1.01,6.10,1.37,"1,855.00",0.41,3.92,42.65,284.75,82.50,41.50,4.17,2.40,1.39,4.53,6.00,3.83,360.00,"1,500.00",7.60,340.00,4.40,4.12,4.55,24.45,15.65,8.62,2.15,10.40,8.00,18.75,81.00,6.08,132.00,40.65,15.55,11.50,3.54,1.11,24.00,16.00,0.25,6.26,29.00,149.50,4.37,191.91,220.77,"1,861.81","3,710.28",170.51,"2,001.65","1,613.69"
2021-05-07,8.76,5.55,39.05,467.50,26.00,69.00,7.00,1.30,11.00,20.25,2.17,12.60,36.00,14.50,0.45,64.25,171.75,14.00,40.75,1.00,6.10,1.35,"1,855.00",0.40,3.68,42.60,284.75,82.50,41.95,4.09,2.39,1.38,4.53,6.00,3.83,360.00,"1,500.00",7.58,340.00,4.43,4.12,4.37,24.60,15.75,8.62,2.15,10.40,8.00,18.50,81.00,6.10,131.75,40.80,17.10,11.50,3.51,1.11,24.00,14.80,0.25,6.26,31.80,149.00,4.37,192.80,221.74,"1,862.50","3,725.72",171.09,"2,014.96","1,625.94"
2021-05-10,8.78,5.55,39.30,470.00,26.00,68.25,6.94,1.30,11.15,20.25,2.12,12.55,39.20,14.75,0.45,64.00,171.75,14.00,40.85,1.00,6.18,1.36,"1,855.00",0.39,4.00,42.60,284.75,82.50,42.40,4.11,2.42,1.39,4.53,6.00,3.83,360.00,"1,500.00",7.74,340.00,4.36,4.12,4.59,24.70,15.60,9.04,2.18,10.40,8.00,18.85,83.00,5.66,131.50,40.85,17.10,11.35,3.51,1.13,24.00,16.00,0.24,6.22,31.80,149.00,4.37,193.49,222.36,"1,866.53","3,735.35",171.45,"2,020.76","1,632.92"
2021-05-11,8.78,5.55,39.90,471.25,26.00,68.25,7.00,1.25,10.90,20.50,2.10,12.50,39.20,14.80,0.45,63.25,171.75,14.00,41.05,1.01,6.10,1.38,"1,855.00",0.42,4.00,24.85,280.50,82.50,42.45,4.12,2.38,1.41,4.53,6.00,3.83,360.00,"1,500.00",7.74,340.00,4.48,4.12,4.60,24.95,15.05,8.98,2.15,10.40,8.00,18.85,81.25,5.64,132.00,40.60,17.10,11.35,3.56,1.20,24.00,16.25,0.25,6.22,31.80,149.00,4.37,193.59,221.91,"1,862.84","3,631.03",168.95,"2,020.21","1,628.66"
2021-05-12,8.78,5.55,39.75,471.25,26.00,64.50,6.98,1.29,10.90,20.50,2.13,12.30,39.20,15.20,0.45,64.00,172.00,14.00,40.65,1.00,6.14,1.38,"1,855.00",0.45,3.98,24.55,285.00,82.25,41.75,4.12,2.40,1.40,4.53,6.00,3.83,360.00,"1,500.00",7.98,340.00,4.50,4.12,4.71,25.00,14.95,9.00,2.15,10.40,8.00,18.80,82.50,5.58,132.00,40.10,18.00,11.00,3.57,1.19,24.00,15.55,0.25,6.02,31.80,148.75,4.05,192.08,219.85,"1,861.14","3,604.01",167.40,"2,001.47","1,610.53"
2021-05-13,8.80,5.55,39.25,471.00,26.00,64.50,7.00,1.30,10.90,20.50,2.20,12.45,39.20,15.45,0.45,65.00,172.25,15.00,40.95,1.09,6.10,1.41,"1,855.00",0.42,4.00,24.30,280.00,82.25,41.95,4.12,2.39,1.40,4.53,6.00,3.83,360.00,"1,500.00",7.98,340.00,4.48,4.12,4.90,24.65,15.05,9.00,2.03,10.40,8.00,18.80,83.00,5.56,132.00,39.40,18.00,11.35,3.59,1.18,24.00,15.60,0.23,6.02,31.80,146.75,4.05,191.85,218.34,"1,863.25","3,586.62",165.76,"2,002.19","1,608.10"
2021-05-17,8.88,5.55,37.60,472.00,26.00,64.50,7.18,1.33,11.30,22.00,2.13,12.45,40.00,15.40,0.45,64.50,171.50,15.00,40.90,1.09,6.02,1.30,"1,855.00",0.44,3.96,23.90,285.00,80.00,41.00,4.11,2.37,1.40,4.53,6.00,3.83,360.00,"1,500.00",7.50,340.00,4.48,4.12,5.30,24.90,15.95,8.86,2.03,10.40,8.00,18.80,81.25,5.52,131.75,39.00,18.00,11.35,3.60,1.13,23.75,14.75,0.25,6.10,31.00,147.00,4.18,190.71,216.51,"1,859.08","3,562.38",164.44,"1,987.18","1,594.56"
2021-05-18,8.84,5.55,37.20,470.00,26.00,67.00,7.02,1.34,10.90,22.00,2.15,12.30,40.00,15.05,0.45,64.00,173.25,15.00,40.95,1.06,6.00,1.31,"1,860.00",0.42,3.63,23.10,280.25,81.50,41.05,4.08,2.37,1.40,4.53,6.00,3.83,360.00,"1,500.00",8.24,340.00,4.48,4.12,5.18,24.85,15.75,8.30,2.00,10.40,8.00,18.70,81.75,5.50,131.00,38.35,18.10,11.35,3.50,1.13,23.55,15.00,0.27,6.16,31.00,148.50,4.19,190.06,214.71,"1,842.47","3,534.82",162.62,"1,982.08","1,587.51"
2021-05-19,8.92,5.55,36.95,470.00,26.00,64.50,7.14,1.35,10.85,22.00,2.11,11.95,38.50,14.95,0.45,64.00,174.00,15.00,41.05,0.99,6.02,1.38,"1,860.00",0.42,3.80,23.25,280.00,81.50,40.25,4.01,2.38,1.39,4.53,6.00,3.83,360.00,"1,500.00",7.50,340.00,4.05,4.12,5.22,24.90,16.20,8.06,2.00,10.40,7.86,18.40,81.00,5.60,131.25,38.05,18.05,11.35,3.50,1.21,24.15,15.00,0.26,6.02,31.00,145.00,4.05,188.98,213.32,"1,838.25","3,517.87",161.58,"1,968.01","1,571.12"
2021-05-20,9.02,5.55,36.40,469.00,26.00,68.25,7.26,1.35,10.65,22.00,2.15,12.05,38.50,15.10,0.45,63.75,173.75,15.00,41.05,1.04,5.98,1.39,"1,860.00",0.41,3.75,23.35,278.00,81.50,40.55,4.02,2.34,1.40,4.53,6.00,3.83,360.00,"1,500.00",7.56,340.00,4.23,4.12,5.02,25.00,16.35,8.86,2.00,10.40,8.00,18.40,81.00,5.58,131.50,38.90,18.10,11.35,3.65,1.21,24.05,15.00,0.26,6.12,31.00,145.00,4.05,190.34,215.95,"1,852.28","3,552.80",163.93,"1,980.50","1,575.26"
2021-05-21,9.10,5.55,36.70,470.00,26.00,68.25,7.26,1.35,10.40,22.00,2.13,12.25,39.00,14.90,0.45,63.75,174.00,15.00,41.50,1.04,5.98,1.35,"1,860.00",0.40,3.62,23.35,280.00,81.50,41.00,4.01,2.36,1.39,4.53,6.00,3.83,360.00,"1,500.00",7.40,340.00,4.48,4.12,5.34,24.85,16.65,8.98,2.00,10.40,8.00,18.55,81.00,5.50,131.50,39.50,18.10,11.30,3.60,1.23,24.00,15.00,0.26,6.00,28.00,145.00,4.05,191.90,218.26,"1,858.87","3,586.44",165.76,"1,999.95","1,590.72"
2021-05-24,9.10,5.55,37.00,472.00,26.00,68.50,7.22,1.31,10.20,24.20,2.14,12.30,38.10,14.90,0.45,64.00,180.00,15.00,42.45,1.03,5.98,1.41,"1,860.00",0.39,3.79,22.90,280.00,82.25,41.85,3.97,2.32,1.39,4.53,6.00,3.83,360.00,"1,500.00",7.30,340.00,4.41,4.12,5.54,24.90,16.80,8.20,2.00,10.40,8.00,18.40,81.00,5.36,131.75,41.75,18.10,11.30,3.60,1.21,23.90,14.50,0.24,5.92,28.00,145.00,4.05,196.74,226.12,"1,860.40","3,691.12",172.20,"2,056.37","1,639.38"
2021-05-25,9.22,5.55,36.05,464.75,26.00,68.50,7.10,1.18,10.15,24.20,2.16,12.20,40.00,14.85,0.45,63.25,181.00,15.00,42.05,0.99,5.96,1.40,"1,860.00",0.38,4.00,22.65,278.00,82.25,42.25,3.98,2.32,1.38,4.53,6.00,3.83,360.00,"1,500.00",7.32,340.00,4.08,4.12,5.20,25.05,16.85,8.50,2.00,10.40,8.00,18.40,82.75,5.44,131.75,42.75,16.65,11.00,3.59,1.19,23.95,14.60,0.24,5.92,28.00,145.00,4.05,198.03,228.90,"1,863.86","3,724.48",174.73,"2,064.49","1,650.44"
2021-05-26,9.22,5.55,35.00,467.75,26.00,68.50,7.20,1.21,10.00,24.20,2.11,12.25,40.00,14.70,0.45,63.25,180.50,15.00,43.55,0.97,6.00,1.40,"1,860.00",0.40,3.90,22.25,280.00,82.25,43.00,3.97,2.33,1.37,4.53,6.00,3.83,360.00,"1,500.00",7.12,340.00,4.05,4.12,5.46,25.10,16.95,8.72,2.00,10.40,8.00,18.35,80.00,5.50,131.50,41.80,17.00,11.00,3.38,1.19,23.80,14.10,0.26,5.92,29.00,140.75,4.05,199.09,227.75,"1,865.30","3,711.80",172.68,"2,077.52","1,662.40"
2021-05-27,9.54,5.55,34.60,465.00,26.00,68.50,7.20,1.22,10.10,24.20,2.09,12.15,39.35,14.55,0.45,62.75,185.25,15.00,43.50,0.98,6.00,1.32,"1,860.00",0.40,4.01,22.20,280.00,80.00,42.00,3.98,2.32,1.37,4.53,6.00,3.83,360.00,"1,500.00",7.04,340.00,3.99,4.12,5.18,25.05,16.85,8.90,1.80,10.40,8.00,18.25,80.00,5.64,130.25,40.35,16.60,10.95,3.51,1.20,23.95,14.45,0.25,5.58,30.00,140.00,4.05,197.62,223.61,"1,863.68","3,667.90",168.94,"2,060.70","1,650.48"
2021-05-28,9.52,5.55,34.05,464.00,26.00,75.25,7.24,1.19,10.80,24.20,2.14,12.15,39.00,14.50,0.45,60.00,186.25,14.00,43.00,0.96,5.98,1.30,"1,860.00",0.38,3.85,21.55,280.00,80.00,42.40,3.97,2.31,1.33,4.53,6.00,3.83,360.00,"1,500.00",7.04,340.00,4.00,4.12,5.18,25.45,17.25,8.76,1.82,10.40,8.00,18.25,79.50,5.80,130.00,41.85,16.55,11.00,3.50,1.16,24.10,13.80,0.26,5.60,28.00,140.00,4.45,199.40,227.66,"1,862.15","3,712.70",172.69,"2,077.03","1,662.01"
2021-05-31,9.48,5.55,35.85,468.00,26.00,75.00,7.26,1.24,10.55,24.20,2.08,12.15,42.80,14.55,0.45,60.00,185.25,14.50,42.20,0.94,6.00,1.30,"1,860.00",0.39,3.81,21.30,279.25,80.50,42.30,3.96,2.30,1.34,4.53,6.00,3.83,360.00,"1,500.00",7.02,340.00,4.00,4.12,5.30,26.00,18.70,8.92,1.96,10.40,8.00,18.50,79.50,5.62,130.00,40.85,16.55,11.00,3.50,1.22,24.40,13.85,0.25,5.62,28.00,142.25,4.45,197.85,224.64,"1,871.55","3,669.57",169.97,"2,056.79","1,644.29"
2021-06-02,9.54,5.55,36.30,468.00,26.00,73.00,7.16,1.22,11.40,24.20,2.11,12.20,42.80,14.70,0.45,60.00,189.50,14.50,42.70,0.95,6.00,1.38,"1,890.00",0.39,3.57,21.40,280.00,80.50,42.00,3.99,2.41,1.33,4.53,6.00,3.83,380.00,"1,500.00",7.00,340.00,4.00,4.12,5.50,26.75,20.55,9.38,1.99,10.40,8.00,18.90,81.00,5.66,130.00,41.10,16.25,10.90,3.50,1.20,24.40,13.85,0.24,5.62,30.00,150.00,4.45,199.83,226.32,"1,899.68","3,701.41",171.19,"2,072.25","1,656.65"
2021-06-03,9.50,5.55,38.65,468.00,26.00,68.00,7.20,1.20,11.40,24.20,2.08,12.25,38.60,14.90,0.45,59.75,190.00,14.00,42.30,0.98,6.02,1.30,"1,890.00",0.40,3.60,21.30,280.00,82.25,42.00,3.98,2.50,1.30,4.53,6.00,3.83,380.00,"1,500.00",7.00,340.00,4.04,4.12,5.52,26.50,22.60,9.22,1.99,10.40,8.00,18.65,80.00,5.56,131.00,41.00,16.25,10.90,3.50,1.20,24.85,13.85,0.24,6.08,30.00,144.25,4.45,199.42,225.95,"1,911.64","3,694.54",170.94,"2,069.23","1,652.70"
2021-06-04,9.78,5.55,37.30,465.25,26.00,68.00,7.12,1.21,11.30,24.20,2.07,12.25,38.60,15.10,0.45,60.00,190.00,13.35,42.85,0.96,6.28,1.31,"1,890.00",0.42,3.65,22.00,280.00,81.00,42.25,3.99,2.50,1.35,4.53,6.00,3.83,380.00,"1,500.00",7.00,340.00,4.00,4.12,5.46,26.10,22.60,9.02,1.99,10.40,7.90,18.25,80.00,5.42,130.00,40.50,16.25,10.50,3.27,1.22,25.25,14.00,0.24,6.08,30.00,135.75,4.50,199.70,225.02,"1,908.82","3,692.00",169.87,"2,070.91","1,653.27"
2021-06-07,9.86,5.55,37.10,465.00,26.25,68.00,7.12,1.23,11.15,24.20,2.11,12.15,38.60,15.75,0.45,60.00,190.00,13.15,43.00,0.97,6.14,1.29,"1,890.00",0.40,3.80,22.00,299.75,81.00,42.25,3.97,2.47,1.33,4.53,6.00,3.83,380.00,"1,500.00",6.80,340.00,4.17,4.12,5.80,26.10,22.35,8.64,1.99,10.40,7.90,18.00,80.00,5.40,130.00,40.55,16.25,10.85,3.46,1.21,24.80,15.00,0.25,6.38,30.00,135.75,4.40,199.96,225.24,"1,904.15","3,700.23",170.18,"2,071.09","1,652.65"
2021-06-08,9.94,5.55,37.20,465.00,26.00,68.00,7.20,1.29,11.15,24.20,2.20,12.30,38.50,16.00,0.45,59.00,190.00,12.20,43.95,0.96,6.24,1.26,"1,890.00",0.41,3.78,21.50,300.25,82.25,42.50,3.97,2.47,1.33,4.53,6.00,3.83,380.00,"1,500.00",7.30,340.00,4.20,4.12,5.98,26.00,22.75,8.26,1.99,10.40,7.32,18.00,82.00,5.22,130.00,40.95,15.00,9.90,3.50,1.22,24.75,15.00,0.25,6.04,30.00,140.00,4.40,201.69,227.11,"1,907.05","3,730.55",171.54,"2,089.76","1,667.55"
2021-06-09,10.00,5.55,35.60,465.00,26.00,68.00,7.28,1.29,10.90,24.20,2.11,12.25,38.60,15.85,0.45,59.25,190.00,11.50,44.00,1.02,6.12,1.26,"1,890.00",0.44,3.72,21.75,301.25,82.25,42.95,3.97,2.52,1.34,4.53,6.00,3.83,380.00,"1,500.00",6.80,340.00,4.12,4.12,6.32,26.25,22.75,8.30,1.85,10.40,7.32,16.90,82.00,5.46,130.00,41.00,15.00,9.16,3.50,1.22,24.90,15.00,0.24,5.88,30.00,147.00,4.05,202.35,227.64,"1,913.13","3,739.16",171.77,"2,094.16","1,671.06"
2021-06-10,10.10,5.55,35.00,465.00,26.20,68.00,7.26,1.30,11.10,24.20,2.10,12.30,38.60,16.05,0.45,59.00,190.00,11.40,44.15,0.99,6.20,1.35,"1,890.00",0.44,3.77,21.65,305.00,82.25,42.85,3.98,2.50,1.33,4.53,6.00,3.83,380.00,"1,500.00",6.80,340.00,4.11,4.12,6.40,26.00,22.85,8.64,1.85,10.40,7.32,16.95,82.00,5.46,129.75,41.25,15.00,9.90,3.50,1.32,24.85,14.75,0.23,6.00,29.00,146.00,4.10,202.64,228.31,"1,915.98","3,750.06",172.48,"2,098.20","1,674.28"
2021-06-11,10.10,5.55,35.00,465.00,26.50,68.00,7.26,1.29,11.05,24.20,2.12,12.30,38.60,16.00,0.45,59.00,190.00,11.20,44.05,1.00,6.20,1.39,"1,890.00",0.44,3.76,21.50,306.25,82.00,42.60,3.94,2.49,1.33,4.53,6.00,3.83,380.00,"1,500.00",6.82,340.00,4.20,4.12,6.34,26.30,22.90,8.54,1.99,10.40,8.04,16.95,80.00,5.48,130.00,41.25,15.50,9.30,3.27,1.44,24.80,14.10,0.25,5.68,29.00,145.75,4.10,202.51,228.15,"1,911.92","3,745.10",172.33,"2,094.83","1,673.15"
2021-06-14,10.25,5.55,35.25,460.50,26.25,68.00,7.20,1.23,11.10,24.50,2.15,12.15,42.40,16.05,0.45,59.00,190.00,11.00,43.90,1.00,6.02,1.42,"1,890.00",0.41,3.67,21.25,305.25,80.75,42.40,4.19,2.44,1.34,4.53,6.00,3.83,405.00,"1,500.00",6.70,340.00,4.20,4.12,6.40,26.40,22.95,8.60,1.99,10.40,8.04,16.85,81.00,5.58,129.50,41.45,15.50,10.00,3.50,1.53,24.10,14.00,0.27,5.98,29.00,145.75,4.10,202.71,228.57,"1,919.56","3,748.20",172.90,"2,089.28","1,668.71"
2021-06-15,10.10,5.55,35.00,452.50,26.50,68.00,7.34,1.26,11.15,24.50,2.07,12.30,42.40,15.80,0.45,59.00,190.25,10.65,44.15,1.02,6.20,1.39,"1,890.00",0.41,3.70,21.95,305.50,80.00,42.40,4.04,2.39,1.36,4.53,6.00,3.83,405.00,"1,500.00",6.70,340.00,4.20,4.12,6.50,26.25,22.90,8.32,1.99,10.40,8.04,18.00,80.00,5.56,130.00,41.60,15.55,9.94,3.50,1.52,25.45,14.00,0.27,6.20,28.60,146.00,4.10,202.78,228.88,"1,909.18","3,757.55",173.34,"2,093.65","1,672.98"
2021-06-16,10.05,5.55,35.10,450.50,26.75,68.00,7.12,1.29,11.20,24.50,2.07,12.30,39.95,15.90,0.45,60.00,191.00,10.50,44.10,0.94,6.20,1.43,"1,890.00",0.41,3.68,21.90,305.00,82.25,42.50,4.02,2.45,1.38,4.53,6.00,3.83,385.00,"1,500.00",6.70,340.00,4.20,4.12,6.32,25.95,23.00,8.40,1.99,10.40,8.04,18.00,80.00,5.50,129.75,41.95,15.55,9.96,3.50,1.52,25.65,14.00,0.28,6.20,26.10,145.75,4.10,203.06,229.85,"1,911.45","3,768.21",174.17,"2,098.75","1,676.27"
2021-06-17,10.10,5.55,36.50,450.25,26.75,61.50,7.14,1.29,11.20,24.30,2.11,12.25,39.95,15.55,0.45,60.00,193.75,11.50,44.35,0.99,6.10,1.40,"1,890.00",0.42,3.62,21.85,305.00,82.25,42.55,4.02,2.39,1.38,4.53,6.00,3.83,380.00,"1,500.00",6.90,340.00,4.19,4.12,6.32,25.95,22.95,8.32,1.99,10.40,8.04,18.00,80.00,5.36,129.50,41.60,16.70,10.00,3.50,1.50,26.30,14.00,0.28,6.20,26.10,135.25,4.10,203.31,229.38,"1,908.57","3,766.20",173.48,"2,103.47","1,680.04"
2021-06-18,10.10,5.55,35.00,450.50,26.75,61.50,7.32,1.28,11.50,25.45,2.12,12.25,38.20,15.50,0.45,59.00,189.00,11.50,44.75,1.01,6.12,1.28,"1,890.00",0.41,3.63,21.80,309.50,82.25,42.55,4.01,2.42,1.36,4.53,6.00,3.83,380.00,"1,500.00",7.24,340.00,4.13,4.12,6.80,25.60,23.10,8.26,1.99,10.40,8.04,17.10,80.00,5.36,130.00,41.25,18.00,9.74,3.50,1.51,25.80,14.00,0.27,5.92,26.10,135.25,4.10,202.32,227.86,"1,901.21","3,747.26",172.38,"2,092.96","1,671.65"
2021-06-21,10.20,5.55,35.05,448.50,26.75,61.50,7.38,1.28,11.40,26.00,2.14,12.10,38.20,15.35,0.45,59.00,190.00,11.50,45.15,0.99,6.18,1.40,"1,890.00",0.42,3.65,21.45,305.00,80.00,43.00,4.01,2.45,1.35,4.53,6.00,3.83,380.00,"1,500.00",7.92,340.00,4.12,4.12,6.90,25.45,23.10,8.20,1.99,10.40,8.04,18.60,80.00,5.40,129.75,41.30,18.00,10.00,3.51,1.50,26.20,14.00,0.28,5.90,26.10,134.00,4.10,203.14,228.51,"1,902.75","3,755.62",172.70,"2,100.71","1,677.84"
2021-06-22,10.15,5.55,35.30,437.50,26.75,61.50,7.30,1.32,11.35,26.00,2.11,12.30,40.00,15.40,0.45,59.00,189.00,12.10,45.55,0.98,6.08,1.39,"1,890.00",0.39,3.67,21.50,320.25,80.00,43.25,3.96,2.40,1.33,4.53,6.00,3.83,405.00,"1,500.00",7.90,340.00,4.20,4.12,6.86,25.45,23.05,8.04,1.90,10.40,8.04,18.65,83.25,5.38,129.50,41.30,18.00,10.05,3.51,1.50,25.70,14.00,0.28,6.02,27.20,134.00,4.02,203.42,228.87,"1,898.91","3,768.13",172.94,"2,104.29","1,680.70"
2021-06-23,10.10,5.55,35.00,430.25,26.75,61.50,7.30,1.30,11.05,25.45,2.12,12.40,40.00,15.40,0.45,58.75,185.00,11.70,45.55,0.98,6.00,1.34,"1,890.00",0.42,3.67,21.35,320.25,80.00,43.35,3.98,2.40,1.35,4.53,6.00,3.83,405.00,"1,500.00",7.92,320.00,4.16,4.12,6.92,25.40,23.15,8.30,1.97,10.40,8.82,18.65,83.25,5.36,129.00,41.15,18.00,9.72,3.51,1.50,25.05,14.00,0.28,5.92,27.20,134.00,4.02,202.83,228.01,"1,898.68","3,753.14",172.30,"2,093.58","1,672.92"
2021-06-24,9.88,5.55,35.50,432.00,26.75,67.25,7.08,1.29,11.70,25.45,2.12,12.70,40.00,15.40,0.45,58.00,180.00,11.80,45.70,0.96,6.14,1.32,"1,890.00",0.41,3.64,21.50,315.00,80.00,43.65,3.96,2.43,1.30,4.53,6.00,3.83,405.00,"1,500.00",8.24,320.00,4.00,4.12,7.60,25.00,23.00,8.40,2.15,10.40,8.58,18.50,83.25,5.40,127.75,40.95,17.85,10.00,3.51,1.40,25.00,14.00,0.27,5.92,27.20,147.00,4.00,202.69,227.25,"1,890.30","3,736.36",171.61,"2,090.17","1,670.19"
2021-06-25,9.92,5.55,35.05,432.00,26.75,67.25,7.36,1.29,11.75,25.80,2.11,13.00,40.00,15.70,0.45,60.00,181.50,11.70,46.60,0.98,6.16,1.29,"1,890.00",0.42,3.63,21.10,310.00,82.75,43.85,3.95,2.41,1.30,4.53,6.00,3.83,405.00,"1,500.00",8.50,320.00,4.02,4.12,8.34,25.15,23.05,8.20,2.15,10.40,8.58,18.50,81.25,5.36,130.00,40.75,17.40,10.00,3.51,1.34,25.00,14.00,0.27,6.00,27.20,147.75,4.00,204.10,227.76,"1,899.11","3,749.19",171.62,"2,107.70","1,684.21"
2021-06-28,10.00,5.55,35.00,432.00,27.00,65.25,7.22,1.34,11.75,26.50,2.15,13.15,36.00,15.90,0.45,59.00,181.50,11.70,46.65,0.99,6.20,1.29,"1,890.00",0.43,3.70,22.00,313.50,85.00,44.00,3.93,2.44,1.33,4.53,6.00,3.83,405.00,"1,500.00",8.74,320.00,4.02,4.12,8.82,25.55,25.00,8.72,2.15,10.40,8.58,18.50,84.00,5.28,130.00,40.70,17.40,10.00,3.51,1.33,23.30,14.05,0.27,5.84,27.20,147.50,4.00,204.74,228.13,"1,918.66","3,764.12",171.83,"2,111.72","1,686.64"
2021-06-29,10.00,5.55,35.00,435.25,27.00,61.50,7.32,1.31,12.00,26.50,2.15,13.40,36.30,16.00,0.45,59.25,180.50,11.80,46.30,0.96,6.14,1.29,"1,890.00",0.43,3.69,21.90,324.00,85.00,43.60,3.91,2.47,1.34,4.53,6.00,3.83,405.00,"1,500.00",8.60,320.00,4.00,4.12,9.28,25.45,25.00,8.80,2.15,10.40,8.58,18.00,81.00,5.20,130.00,40.85,17.40,9.84,3.49,1.40,23.30,14.00,0.26,5.84,27.80,145.75,4.00,204.52,228.20,"1,918.69","3,762.02",172.09,"2,109.23","1,683.87"
2021-06-30,9.92,5.55,35.15,450.00,27.00,61.50,7.24,1.30,12.00,26.50,2.16,13.80,36.30,17.40,0.45,59.25,180.75,10.65,44.75,0.98,6.14,1.32,"1,890.00",0.43,3.87,21.85,350.50,86.75,42.65,3.94,2.47,1.40,4.53,6.00,3.83,405.00,"1,500.00",8.66,320.00,4.22,4.12,10.20,25.50,25.00,8.36,2.15,10.40,8.50,18.05,81.00,5.20,129.75,41.45,17.40,10.00,3.40,1.35,25.00,14.00,0.27,5.84,27.80,145.75,4.00,204.14,228.91,"1,927.53","3,772.19",173.53,"2,103.86","1,678.80"
2021-07-01,9.60,5.55,36.00,450.00,26.00,61.50,7.22,1.35,11.90,26.50,2.30,13.85,36.00,16.60,0.45,59.00,180.00,10.65,44.85,0.94,6.22,1.33,"1,890.00",0.44,3.85,21.45,379.75,90.00,42.50,3.98,2.43,1.40,4.53,6.00,3.83,405.00,"1,500.00",8.52,320.00,4.02,4.12,11.20,25.50,25.00,8.82,2.15,10.40,8.50,18.15,81.00,5.18,130.00,42.00,17.40,10.00,3.27,1.33,24.30,14.00,0.27,5.84,27.00,145.75,4.00,204.19,230.36,"1,926.93","3,788.02",174.87,"2,108.31","1,681.57"
2021-07-02,9.40,5.55,37.90,450.00,26.00,61.50,7.18,1.30,12.50,26.50,2.40,13.40,35.90,16.30,0.45,59.00,181.00,10.60,46.70,0.95,6.18,1.37,"1,890.00",0.43,3.90,21.55,375.50,94.25,42.50,3.99,2.42,1.39,4.53,6.00,3.83,405.00,"1,500.00",7.70,320.00,4.00,4.12,12.05,25.00,25.00,8.96,2.15,10.40,8.00,18.70,83.00,5.18,130.00,41.35,17.00,10.20,3.40,1.30,24.85,14.00,0.25,5.54,27.00,149.00,4.00,204.70,229.61,"1,928.42","3,781.20",171.21,"2,114.53","1,686.53"
2021-07-05,9.42,5.55,37.10,449.50,26.00,61.50,7.14,1.30,12.60,26.50,2.60,13.50,33.00,16.30,0.45,59.00,184.50,10.80,46.50,1.00,6.20,1.38,"1,890.00",0.43,3.89,21.85,389.75,94.00,42.70,4.00,2.40,1.40,4.53,6.00,3.83,405.00,"1,500.00",8.00,320.00,4.00,4.12,12.55,25.30,25.00,8.20,2.15,10.40,7.20,18.05,83.00,5.18,130.00,41.40,17.45,10.30,3.74,1.35,24.75,13.70,0.27,5.54,27.05,149.00,4.00,205.26,230.33,"1,921.39","3,797.47",173.97,"2,124.58","1,694.55"
2021-07-06,9.68,5.55,37.90,448.00,26.00,61.50,7.20,1.26,12.00,28.75,2.83,13.50,32.35,16.60,0.45,59.00,184.75,11.85,46.80,1.05,6.24,1.37,"1,890.00",0.42,3.89,21.65,390.00,94.00,42.95,4.00,2.40,1.39,4.53,6.00,3.83,405.00,"1,500.00",8.24,300.00,4.00,4.12,12.40,25.40,25.00,8.76,2.15,10.40,7.20,18.25,80.50,5.14,129.75,41.30,17.00,10.35,3.40,1.43,25.00,14.00,0.27,5.52,27.10,147.25,4.00,206.22,230.62,"1,931.57","3,803.01",173.93,"2,128.95","1,698.03"
2021-07-07,10.00,5.55,37.55,440.50,27.00,65.75,7.32,1.31,12.85,28.75,3.10,13.55,30.50,16.85,0.45,59.00,184.75,11.85,47.55,1.05,6.50,1.37,"1,890.00",0.41,3.90,22.00,390.00,94.00,43.80,4.00,2.38,1.39,4.53,6.00,3.83,405.00,"1,500.00",8.56,300.00,3.98,4.12,12.80,25.50,24.95,8.82,2.15,10.40,7.20,18.30,80.00,5.18,129.75,41.40,17.00,10.95,3.10,1.30,24.85,14.00,0.25,5.48,27.10,140.75,4.00,208.17,232.20,"1,939.44","3,830.60",174.80,"2,143.70","1,709.80"
2021-07-08,10.00,5.55,36.95,445.25,27.00,63.50,7.50,1.30,12.00,28.00,3.27,13.60,29.20,16.55,0.45,59.00,187.00,10.80,49.00,0.96,6.24,1.37,"1,890.00",0.42,3.91,21.75,390.00,85.50,45.50,4.00,2.39,1.37,4.53,6.00,3.83,405.00,"1,500.00",8.00,300.00,3.99,4.12,12.35,25.60,25.00,8.78,2.15,10.40,7.20,18.95,80.00,5.10,129.50,41.40,18.00,10.15,3.10,1.31,24.00,14.00,0.26,5.82,27.10,138.25,4.00,211.48,234.50,"1,945.11","3,866.74",175.64,"2,182.08","1,740.41"
2021-07-09,10.05,5.55,36.55,448.75,26.00,63.00,7.50,1.38,12.00,28.00,3.39,13.50,26.30,17.15,0.45,59.00,187.50,10.80,49.00,0.97,6.16,1.32,"1,890.00",0.42,3.90,21.55,390.00,85.00,45.50,4.00,2.43,1.38,4.53,6.00,3.83,372.75,"1,500.00",8.00,300.00,4.00,4.12,12.40,26.00,25.00,8.78,2.15,10.40,7.20,18.95,80.00,5.08,129.50,41.25,19.00,10.15,3.37,1.29,24.35,14.20,0.27,5.52,27.10,137.50,4.00,211.61,234.19,"1,951.41","3,865.03",175.22,"2,181.19","1,739.70"
2021-07-12,10.10,5.55,36.65,435.75,26.00,63.50,7.50,1.39,12.00,28.00,3.39,13.55,26.00,17.15,0.45,58.00,184.50,10.80,48.65,0.97,6.18,1.34,"1,890.00",0.43,3.90,22.15,355.00,85.00,44.75,4.00,2.53,1.37,4.53,6.00,3.83,372.75,"1,500.00",8.00,300.00,4.00,4.12,12.50,25.50,24.95,8.74,2.00,10.40,7.20,19.00,80.25,5.02,129.75,41.15,19.00,10.15,3.37,1.30,25.05,15.00,0.26,5.82,27.10,138.50,4.00,209.99,232.52,"1,943.89","3,837.27",174.44,"2,158.81","1,721.85"
2021-07-13,10.00,5.55,37.00,441.50,28.00,63.50,7.52,1.35,12.00,28.00,3.37,13.70,26.00,17.00,0.45,59.50,188.25,11.80,48.00,0.97,6.12,1.35,"1,890.00",0.44,3.83,21.55,356.00,85.00,44.75,4.00,2.52,1.39,4.53,6.00,3.83,372.75,"1,500.00",8.00,300.00,4.10,4.12,12.00,25.75,25.00,8.58,2.18,10.40,7.20,19.00,83.75,5.00,130.25,41.20,17.10,10.25,3.40,1.31,25.05,14.10,0.25,5.82,27.20,138.50,4.40,210.07,232.72,"1,953.37","3,844.58",174.84,"2,166.17","1,726.92"
2021-07-14,9.94,5.55,37.15,441.50,28.00,63.00,7.64,1.35,12.00,28.00,3.08,13.60,24.95,16.80,0.45,63.50,187.50,11.85,48.10,1.05,6.44,1.33,"1,890.00",0.43,3.79,21.55,358.00,93.50,44.60,4.00,2.50,1.40,4.53,6.00,3.83,372.75,"1,500.00",7.96,300.00,4.10,4.12,11.60,25.70,25.00,8.50,2.15,10.40,7.20,19.30,83.75,4.86,129.50,41.75,17.30,10.45,3.22,1.29,25.05,14.10,0.26,5.82,27.80,138.50,4.40,210.12,234.14,"1,955.47","3,860.78",176.15,"2,168.00","1,727.58"
2021-07-15,10.00,5.55,37.80,445.00,28.00,63.00,7.72,1.35,12.00,27.50,2.91,13.55,22.50,16.95,0.45,65.00,188.25,11.85,48.55,0.97,6.56,1.31,"1,890.00",0.44,3.70,21.55,385.00,98.25,44.95,4.32,2.49,1.42,4.53,6.00,3.83,372.75,"1,500.00",7.76,295.00,4.09,4.12,11.00,25.65,25.00,8.44,2.00,10.40,7.20,19.30,81.00,4.81,129.50,42.60,18.75,11.00,3.33,1.30,25.00,14.90,0.25,5.82,29.70,139.25,4.40,212.37,237.58,"1,969.79","3,904.50",178.78,"2,186.79","1,740.13"
2021-07-16,10.00,5.55,38.25,438.25,28.00,63.00,7.52,1.35,12.00,30.00,2.64,13.50,20.25,16.95,0.45,66.25,187.00,11.85,48.55,0.97,6.54,1.33,"1,890.00",0.41,3.70,21.50,385.00,98.00,44.85,4.38,2.51,1.41,4.53,6.00,3.83,372.75,"1,500.00",7.80,295.00,4.04,4.12,10.95,25.95,25.00,8.82,2.00,10.40,7.30,19.00,82.75,4.60,129.75,42.60,18.80,11.00,3.21,1.17,24.00,14.00,0.25,5.82,27.10,152.25,4.40,211.92,237.37,"1,972.33","3,902.04",178.65,"2,179.65","1,734.45"
2021-07-19,10.00,5.55,38.50,445.00,28.00,63.50,7.50,1.33,12.00,31.00,2.52,13.45,19.80,17.30,0.45,69.00,187.75,11.00,48.55,1.04,6.66,1.32,"1,890.00",0.43,3.73,21.50,353.75,98.00,44.75,4.36,2.52,1.40,4.53,6.00,3.83,372.75,"1,500.00",8.56,290.00,3.98,4.12,11.05,25.65,24.95,8.82,1.91,10.40,7.20,19.20,82.75,4.94,129.75,42.60,18.75,11.30,3.07,1.15,24.60,15.00,0.26,5.82,27.10,152.25,4.40,212.08,237.31,"1,985.02","3,897.29",178.61,"2,181.99","1,736.32"
2021-07-21,9.98,5.55,39.00,445.00,28.00,63.50,7.70,1.40,12.25,31.00,2.58,13.20,19.90,17.25,0.45,68.50,183.00,11.35,48.30,0.98,6.66,1.34,"1,890.00",0.43,3.71,21.50,359.50,92.00,44.75,4.34,2.51,1.39,4.53,6.00,3.83,372.75,"1,500.00",9.40,290.00,4.00,4.12,10.15,26.00,25.00,8.98,1.81,10.40,7.20,19.15,84.75,4.84,129.75,42.80,18.95,11.70,3.15,1.25,24.10,14.10,0.27,6.26,27.10,143.50,4.40,211.21,237.12,"1,985.36","3,892.67",178.89,"2,166.24","1,723.78"
2021-07-22,9.88,5.55,39.00,457.00,28.00,63.50,7.70,1.42,12.40,31.00,2.55,13.45,19.80,17.45,0.45,65.00,184.00,11.50,48.00,0.98,6.68,1.35,"1,890.00",0.44,3.75,21.80,359.00,90.00,44.75,4.30,2.52,1.39,4.53,6.00,3.83,372.75,"1,500.00",9.98,290.00,4.00,4.12,9.46,25.85,25.00,8.42,1.81,10.40,7.90,19.95,87.50,4.78,129.50,42.80,18.95,11.70,3.15,1.32,24.30,15.00,0.27,6.10,27.20,138.50,4.14,211.58,237.08,"1,978.99","3,896.89",179.01,"2,174.24","1,730.15"
2021-07-23,9.86,5.55,39.05,457.00,28.55,67.25,7.70,1.38,12.50,32.00,2.55,13.10,19.65,17.55,0.45,65.00,184.50,11.45,47.85,0.98,7.16,1.34,"1,890.00",0.40,3.85,22.15,370.00,90.00,44.55,4.32,2.52,1.40,4.53,6.00,3.83,372.75,"1,500.00",9.56,280.00,3.98,4.12,9.06,26.15,25.00,8.98,1.91,10.40,8.68,19.45,87.50,4.63,129.50,42.80,17.50,11.60,3.45,1.39,24.45,15.00,0.27,6.10,29.75,138.50,4.03,210.92,236.94,"1,981.91","3,895.50",178.98,"2,165.89","1,721.91"
2021-07-26,9.66,5.55,39.05,463.25,29.00,67.25,7.68,1.39,12.20,35.20,2.63,13.15,20.25,17.60,0.45,65.00,186.00,11.50,48.35,0.98,6.78,1.34,"1,890.00",0.40,3.99,22.75,384.50,89.00,44.80,4.43,2.54,1.39,4.53,6.00,3.83,372.75,"1,500.00",9.48,280.00,3.99,4.12,9.00,26.10,24.85,8.72,1.97,10.40,8.78,19.50,87.50,4.60,129.50,42.80,17.50,10.65,3.48,1.39,24.55,14.20,0.25,6.50,29.45,135.00,4.03,211.99,237.88,"1,982.24","3,911.79",179.45,"2,179.85","1,730.62"
2021-07-27,9.74,5.55,38.40,469.50,29.00,64.50,7.98,1.33,12.05,35.20,2.67,13.45,21.90,16.15,0.45,66.25,184.00,11.50,48.50,1.01,6.94,1.33,"1,890.00",0.40,3.91,22.90,370.50,89.00,45.00,4.46,2.55,1.40,4.53,6.00,3.83,410.00,"1,500.00",9.54,280.00,3.98,4.12,8.36,26.40,25.00,8.72,1.97,10.40,8.78,19.95,89.75,4.51,129.50,41.80,17.50,10.65,3.74,1.39,24.65,14.10,0.25,6.48,29.00,134.00,4.03,211.42,235.25,"1,983.51","3,885.43",177.14,"2,175.72","1,726.54"
2021-07-28,9.88,5.55,37.60,461.50,29.50,62.50,8.00,1.39,12.50,35.20,2.70,13.50,22.45,15.25,0.45,66.25,183.00,11.50,48.15,0.97,6.56,1.38,"1,890.00",0.38,3.82,22.90,370.50,89.00,45.35,4.45,2.55,1.40,4.53,6.00,3.83,397.00,"1,500.00",9.48,280.00,3.97,4.12,7.56,26.80,25.00,8.94,1.90,10.40,9.10,19.20,88.50,4.52,129.50,41.75,17.50,10.65,3.65,1.39,24.95,14.35,0.25,6.50,29.40,134.00,4.03,210.95,234.96,"1,978.03","3,880.85",176.92,"2,170.67","1,720.95"
2021-07-29,9.94,5.55,38.40,465.00,29.50,62.00,8.00,1.42,12.40,35.40,2.83,13.55,23.20,15.65,0.45,66.00,184.50,11.50,49.10,1.00,6.48,1.37,"1,890.00",0.41,3.75,22.95,380.00,85.50,45.60,4.46,2.56,1.40,4.53,6.00,3.83,410.00,"1,500.00",9.06,263.00,4.00,4.12,8.00,26.75,25.00,8.98,1.96,10.40,8.20,19.50,87.00,4.55,129.50,41.90,17.50,11.60,3.50,1.37,24.95,14.35,0.25,6.50,29.40,135.00,4.14,212.85,236.56,"1,987.50","3,906.56",177.81,"2,189.72","1,736.05"
2021-07-30,9.94,5.55,38.00,465.00,29.00,62.00,7.86,1.39,12.00,35.20,2.96,13.55,23.95,15.45,0.45,65.75,179.50,11.50,48.90,1.00,6.74,1.30,"1,890.00",0.40,3.78,22.95,379.00,89.00,45.70,4.41,2.57,1.40,4.53,6.00,3.83,415.00,"1,500.00",9.06,280.00,4.00,4.12,8.28,26.55,25.00,8.84,2.07,10.40,8.20,19.20,85.00,4.52,129.50,41.95,17.50,11.00,3.49,1.37,25.05,14.75,0.23,6.50,30.00,133.25,4.14,212.18,236.02,"1,974.29","3,890.09",177.52,"2,177.64","1,726.47"
2021-08-02,9.92,5.55,37.50,460.25,29.50,62.00,8.02,1.35,12.05,35.25,3.00,13.50,24.70,15.45,0.45,65.50,182.25,11.70,48.90,1.00,6.94,1.31,"1,890.00",0.41,3.77,22.85,375.00,89.00,45.70,4.36,2.57,1.39,4.53,6.00,3.83,415.00,"1,500.00",9.02,304.75,4.00,4.12,8.04,26.50,25.00,8.90,2.18,10.40,9.00,19.45,85.00,4.53,130.25,41.40,19.00,11.45,3.33,1.26,24.15,14.85,0.25,6.14,28.30,130.00,4.14,211.59,234.66,"1,972.65","3,874.63",176.16,"2,185.25","1,731.71"
2021-08-03,9.82,5.55,37.50,450.00,29.50,62.00,8.02,1.34,12.00,35.00,3.03,13.55,24.95,15.85,0.45,65.00,180.00,11.80,49.00,0.98,6.94,1.31,"1,890.00",0.40,3.74,22.75,370.00,89.50,45.95,4.24,2.57,1.38,4.53,6.00,3.83,415.00,"1,500.00",8.24,304.75,3.99,4.12,7.32,26.65,25.00,8.94,2.19,10.40,8.42,19.95,88.50,4.55,130.00,41.05,19.00,11.60,3.50,1.37,24.05,13.80,0.25,6.46,28.30,134.50,4.14,210.92,233.45,"1,972.00","3,862.24",175.16,"2,176.92","1,725.10"
2021-08-04,9.76,5.55,38.50,455.00,29.75,62.00,8.02,1.41,12.00,35.00,3.05,13.45,24.95,15.65,0.45,64.00,179.75,12.00,49.10,0.98,6.92,1.30,"1,890.00",0.41,3.66,22.70,370.00,89.50,46.20,4.19,2.60,1.40,4.53,6.00,3.83,415.00,"1,500.00",8.24,320.00,4.00,4.12,7.16,26.25,25.75,8.62,2.19,10.40,8.42,19.95,90.00,4.50,132.00,41.10,19.00,11.60,3.37,1.35,24.10,14.30,0.25,6.40,31.00,135.00,4.14,211.28,233.78,"1,973.58","3,864.65",175.37,"2,180.30","1,726.99"
2021-08-05,9.82,5.55,38.30,450.00,31.85,64.50,7.94,1.44,12.20,35.00,3.07,13.55,25.00,15.65,0.45,65.00,178.50,12.30,49.40,0.98,6.80,1.31,"1,890.00",0.40,3.71,22.30,370.00,89.50,46.45,4.20,2.68,1.38,4.53,6.00,3.83,415.00,"1,500.00",8.24,320.00,4.00,4.12,6.90,26.20,26.10,8.52,2.18,10.40,8.42,20.00,90.00,4.50,130.00,41.25,19.00,11.00,3.15,1.28,24.30,14.55,0.26,6.40,31.00,134.50,4.14,211.94,234.39,"1,974.95","3,871.97",175.89,"2,184.30","1,729.36"
2021-08-06,9.80,5.55,38.00,454.00,32.40,64.25,7.90,1.44,12.25,35.00,3.10,13.65,25.95,15.55,0.45,65.75,179.00,12.15,50.00,0.98,6.98,1.32,"1,890.00",0.41,3.75,22.55,370.00,87.00,46.75,4.21,2.58,1.40,4.53,6.00,3.83,415.00,"1,500.00",9.06,300.00,4.00,4.12,6.96,26.20,24.75,8.48,2.18,10.40,9.00,20.00,92.50,4.46,131.00,42.10,18.55,10.80,3.15,1.31,24.75,13.80,0.27,6.40,31.00,134.50,4.50,213.71,237.46,"1,974.46","3,917.17",178.50,"2,206.44","1,746.09"
2021-08-09,9.80,5.55,38.00,445.50,32.40,68.00,7.90,1.43,12.25,35.00,3.18,13.65,25.60,15.75,0.45,65.75,179.25,12.15,50.25,0.96,6.78,1.32,"1,890.00",0.41,3.70,22.50,361.50,87.00,46.60,4.15,2.58,1.38,4.53,6.00,3.83,415.00,"1,500.00",9.28,300.00,4.00,4.12,6.48,25.85,24.95,9.10,2.20,10.40,9.00,19.50,86.50,4.62,131.50,42.95,20.00,10.65,3.37,1.36,24.95,14.00,0.25,6.40,31.00,134.50,4.50,214.40,239.72,"1,976.98","3,936.49",180.46,"2,213.92","1,751.20"
2021-08-10,9.80,5.55,38.80,450.00,32.40,68.00,8.02,1.44,12.45,35.00,3.16,13.80,25.35,15.50,0.45,65.25,179.25,11.30,50.25,0.96,6.96,1.32,"1,890.00",0.40,3.71,22.45,360.25,85.00,46.45,4.14,2.60,1.39,4.53,6.00,3.83,415.00,"1,500.00",9.28,300.00,3.98,4.12,6.20,25.50,24.85,8.78,2.02,10.40,8.66,19.95,89.75,4.43,131.00,42.95,20.00,10.80,3.38,1.31,24.05,14.05,0.25,6.40,31.00,134.75,4.50,214.60,239.66,"1,975.02","3,939.02",180.53,"2,216.76","1,750.24"
2021-08-11,9.92,5.55,37.95,450.50,35.40,67.75,7.88,1.44,12.50,35.00,3.10,13.75,25.20,15.60,0.45,65.00,179.00,11.35,50.25,1.01,6.76,1.40,"1,890.00",0.39,3.71,22.55,360.00,85.00,46.60,4.12,2.55,1.39,4.53,6.00,3.83,415.00,"1,500.00",8.38,300.00,4.00,4.12,5.92,25.45,24.95,8.50,2.20,10.40,8.66,19.80,86.00,4.40,131.00,42.95,20.00,11.55,3.46,1.38,23.90,14.95,0.25,6.40,31.00,134.75,4.59,214.67,239.70,"1,962.25","3,934.24",180.56,"2,216.91","1,748.75"
2021-08-12,9.76,5.55,38.00,452.00,35.40,67.75,7.90,1.44,12.00,31.50,3.05,13.70,25.50,15.55,0.45,65.00,179.00,11.30,50.25,0.96,7.00,1.35,"1,890.00",0.38,3.71,22.70,358.75,85.00,46.90,4.13,2.50,1.35,4.53,6.00,3.83,415.00,"1,500.00",8.40,300.00,4.00,4.12,6.06,25.10,24.90,8.24,2.00,10.40,8.66,19.95,86.00,4.40,131.00,43.00,20.00,11.15,3.18,1.36,23.90,14.00,0.24,7.00,31.00,137.00,4.20,214.70,239.91,"1,952.28","3,933.23",180.67,"2,219.95","1,750.34"
2021-08-13,9.78,5.55,38.15,453.00,38.25,67.75,8.30,1.44,12.45,31.50,3.15,13.80,25.55,15.45,0.45,64.50,179.00,11.30,51.00,1.00,6.90,1.32,"1,890.00",0.36,3.72,22.75,358.75,85.00,47.15,4.05,2.50,1.36,4.53,6.00,3.83,415.00,"1,500.00",8.40,300.00,4.00,4.12,5.92,25.40,25.00,8.46,1.98,10.40,8.66,19.30,86.00,4.36,130.75,43.00,20.00,11.55,3.17,1.35,24.50,14.00,0.25,7.00,29.05,130.75,4.20,215.74,240.61,"1,961.07","3,950.14",181.18,"2,233.26","1,759.23"
2021-08-16,9.80,5.55,38.15,456.00,38.55,67.75,8.22,1.45,12.45,34.50,3.16,13.80,25.60,15.55,0.45,64.25,177.00,11.30,51.00,0.95,6.96,1.32,"1,890.00",0.37,4.00,22.95,358.75,82.25,48.10,4.17,2.51,1.40,4.53,6.00,3.83,415.00,"1,500.00",9.24,300.00,4.00,4.12,5.50,25.30,25.00,8.82,2.00,10.40,8.66,19.70,86.00,4.35,131.00,43.60,20.00,11.50,3.17,1.31,24.95,14.90,0.23,6.86,29.05,131.00,4.14,217.41,242.90,"1,973.23","3,975.42",182.96,"2,245.00","1,766.86"
2021-08-17,10.00,5.55,38.40,457.00,38.55,67.75,8.04,1.42,12.45,34.50,3.10,13.70,25.35,15.50,0.45,64.00,180.00,12.40,53.00,0.93,6.98,1.35,"1,890.00",0.38,3.90,22.80,359.75,82.00,49.90,4.19,2.48,1.39,4.53,6.00,3.83,415.00,"1,500.00",9.24,300.00,4.00,4.12,5.24,25.40,25.10,9.10,2.00,10.40,8.66,19.90,94.00,4.37,131.00,44.90,18.00,11.10,3.29,1.33,24.50,14.90,0.23,6.56,29.05,135.00,4.14,222.67,249.30,"1,996.26","4,075.27",187.46,"2,301.41","1,810.43"
2021-08-18,10.15,5.55,38.70,461.00,38.55,64.50,8.38,1.42,11.75,35.00,3.02,13.75,25.35,15.55,0.45,64.00,180.00,13.50,54.00,1.00,7.00,1.35,"1,890.00",0.41,3.90,22.80,360.00,82.00,49.70,4.14,2.46,1.39,4.53,6.00,3.83,415.00,"1,500.00",8.42,300.00,3.99,4.12,4.79,26.15,24.95,9.12,2.20,10.40,8.66,19.00,92.00,4.32,130.25,44.20,18.00,11.30,3.45,1.29,24.30,14.90,0.24,6.56,30.00,131.00,4.14,223.00,247.94,"2,000.76","4,068.32",185.93,"2,304.59","1,812.10"
2021-08-19,10.25,5.55,39.00,460.00,38.55,64.50,8.20,1.44,11.70,35.00,2.83,13.70,25.85,15.60,0.45,64.00,180.00,13.50,52.25,1.07,7.00,1.35,"1,890.00",0.41,3.95,22.90,360.00,82.00,48.15,4.21,2.47,1.40,4.53,6.00,3.83,382.00,"1,500.00",8.38,300.00,3.99,4.12,4.93,27.05,25.30,9.46,2.20,10.40,8.66,19.70,91.25,4.29,134.50,43.85,19.55,11.30,3.48,1.24,24.50,14.40,0.26,6.50,32.75,131.00,4.14,219.72,245.02,"2,005.77","4,028.92",184.47,"2,267.34","1,782.00"
2021-08-20,10.15,5.55,38.75,469.00,38.55,67.75,8.28,1.42,11.70,35.00,2.78,13.70,26.00,15.75,0.45,65.00,180.00,14.40,52.50,0.98,7.00,1.32,"1,890.00",0.37,3.98,23.00,360.00,82.00,47.95,4.49,2.47,1.39,4.53,6.00,3.83,382.00,"1,500.00",9.00,300.00,4.00,4.12,5.22,27.10,24.95,9.78,2.20,10.40,8.66,20.00,94.00,4.03,134.75,44.45,19.55,11.90,3.30,1.24,25.20,14.40,0.25,6.54,32.75,131.00,4.14,220.84,246.93,"2,015.77","4,056.31",186.33,"2,277.50","1,789.99"
2021-08-23,10.30,5.55,38.75,469.00,38.55,66.00,8.18,1.46,11.75,35.00,2.77,13.70,26.00,15.95,0.45,65.00,180.00,13.25,53.00,0.97,7.04,1.30,"1,890.00",0.37,3.98,22.85,360.00,82.00,48.00,4.58,2.46,1.40,4.53,6.00,3.83,415.00,"1,500.00",8.20,300.00,3.99,4.12,5.24,26.95,25.00,9.64,2.20,10.40,8.50,19.95,94.25,3.99,136.25,44.95,19.00,11.30,3.48,1.24,26.00,14.40,0.25,6.64,32.75,132.50,4.14,222.20,248.77,"2,020.37","4,081.23",187.86,"2,288.25","1,797.61"
2021-08-24,10.55,5.55,39.05,466.00,38.55,66.00,8.24,1.43,11.60,35.00,2.81,13.80,26.00,16.15,0.45,66.75,178.50,13.25,53.00,0.99,7.02,1.32,"1,890.00",0.38,3.96,22.80,360.75,82.00,48.15,4.74,2.47,1.37,4.53,6.00,3.83,415.00,"1,500.00",8.20,300.00,3.99,4.12,5.28,27.15,25.10,9.44,2.20,10.40,8.66,20.00,95.00,3.97,139.00,44.95,17.65,11.30,3.50,1.24,25.15,15.00,0.24,7.20,32.75,132.75,4.14,222.84,249.12,"2,030.87","4,088.73",188.20,"2,286.86","1,795.70"
2021-08-25,10.55,5.55,38.60,467.00,38.55,62.00,8.22,1.44,11.85,35.00,2.73,13.95,26.45,16.85,0.45,65.25,175.75,13.25,53.00,0.95,7.04,1.32,"1,890.00",0.40,3.85,22.80,360.00,82.00,48.25,4.89,2.50,1.39,4.53,6.00,3.83,415.00,"1,500.00",8.60,300.00,3.96,4.12,5.12,26.60,25.00,9.48,2.20,10.40,8.28,19.85,95.00,3.88,139.00,44.60,17.65,11.30,3.80,1.29,25.15,14.50,0.24,7.10,33.15,133.50,4.14,222.93,248.08,"2,032.09","4,071.48",187.22,"2,280.77","1,789.28"
2021-08-26,10.95,5.55,38.45,466.00,38.55,66.00,8.08,1.44,11.55,35.00,2.90,13.85,26.35,17.05,0.45,65.50,178.00,13.00,54.00,0.91,6.96,1.31,"1,890.00",0.39,3.79,22.95,360.00,82.00,48.30,4.98,2.51,1.39,4.53,6.00,3.83,415.00,"1,500.00",8.56,300.00,4.00,4.12,4.91,26.80,25.10,9.92,2.09,10.40,8.20,19.00,95.00,3.61,140.00,44.45,18.35,11.30,3.50,1.24,25.50,14.70,0.26,7.10,33.15,133.50,3.81,224.46,248.85,"2,038.77","4,092.00",187.40,"2,292.84","1,797.94"
2021-08-27,11.00,5.55,38.00,466.00,38.55,66.75,8.12,1.45,11.50,35.00,2.75,13.80,26.30,17.05,0.45,65.25,178.50,13.00,54.25,0.98,6.78,1.31,"1,890.00",0.40,3.99,23.00,360.00,82.00,48.55,4.92,2.48,1.39,4.53,6.00,3.83,415.00,"1,500.00",8.58,300.00,3.99,4.12,5.28,26.45,25.15,9.94,2.10,10.40,8.20,18.65,95.00,3.57,140.00,44.35,17.95,11.30,3.67,1.32,26.00,14.70,0.26,7.06,33.15,133.50,4.19,224.71,248.89,"2,034.30","4,093.06",187.20,"2,296.97","1,800.36"
2021-08-30,11.00,5.55,37.50,466.00,40.00,66.50,8.28,1.52,11.60,35.00,2.84,13.75,28.50,16.70,0.45,65.50,178.50,14.00,54.00,0.95,6.70,1.35,"1,890.00",0.36,3.86,23.00,375.00,88.50,48.65,4.68,2.48,1.39,4.53,6.00,3.83,415.00,"1,500.00",8.84,300.00,4.00,4.12,5.22,27.60,25.10,10.10,2.14,10.40,7.50,19.85,95.25,3.57,140.00,43.70,18.65,10.45,3.88,1.31,25.55,15.00,0.25,7.00,33.00,137.00,4.60,223.40,247.01,"2,032.02","4,077.76",185.71,"2,287.72","1,793.11"
2021-08-31,10.95,5.55,37.55,460.00,40.00,66.50,8.18,1.58,11.50,33.50,2.75,13.65,28.05,16.80,0.45,65.00,175.75,14.00,53.25,0.95,6.54,1.35,"1,890.00",0.36,3.77,23.25,374.00,88.50,48.50,4.71,2.48,1.40,4.53,6.00,3.83,410.00,"1,500.00",8.96,320.00,4.00,4.12,5.34,28.15,25.00,10.15,2.20,10.40,7.50,18.70,91.00,3.60,138.25,42.60,18.65,10.50,3.88,1.27,25.75,15.00,0.25,7.00,33.00,137.00,4.60,220.86,243.00,"2,020.77","4,018.77",182.33,"2,256.92","1,768.16"
2021-09-01,10.90,5.55,37.50,456.50,40.00,66.50,8.30,1.58,11.45,33.50,2.90,13.55,30.10,16.85,0.45,65.25,176.75,14.00,52.50,0.98,6.98,1.35,"1,890.00",0.38,3.71,23.00,374.00,88.50,48.00,4.83,2.45,1.39,4.53,6.00,3.83,383.25,"1,500.00",8.50,320.00,4.02,4.12,5.74,28.05,25.00,9.68,2.01,10.40,7.50,18.50,91.00,4.06,137.75,42.60,18.00,10.50,3.88,1.30,25.30,14.05,0.25,7.00,33.00,135.00,4.55,219.70,242.19,"2,026.14","4,004.08",182.03,"2,243.91","1,757.97"
2021-09-02,10.50,5.55,38.00,465.00,39.95,66.50,8.30,1.60,11.45,35.00,2.90,13.45,31.45,16.85,0.45,65.25,175.75,14.00,51.50,1.03,6.96,1.34,"1,890.00",0.39,3.69,22.70,365.00,88.50,47.15,4.60,2.48,1.38,4.53,6.00,3.83,383.25,"1,500.00",8.32,320.00,4.03,4.12,6.30,27.95,25.10,9.66,2.10,10.40,7.80,18.50,94.00,4.33,136.50,42.45,18.05,10.50,3.50,1.33,25.05,14.95,0.26,7.00,33.00,135.00,4.20,217.10,240.06,"2,024.40","3,969.97",180.97,"2,223.21","1,740.17"
2021-09-03,10.55,5.55,38.05,461.75,36.00,67.50,8.30,1.60,11.50,35.00,2.84,13.40,32.90,16.85,0.45,65.00,175.50,14.00,49.90,1.02,6.84,1.33,"1,890.00",0.39,3.66,22.75,360.00,88.50,46.80,4.73,2.50,1.36,4.53,6.00,3.83,383.25,"1,500.00",8.30,320.00,3.99,4.12,6.88,27.20,25.00,9.76,2.20,10.40,8.56,18.70,94.00,4.63,136.25,42.15,18.65,10.50,3.50,1.33,25.15,14.95,0.26,7.00,33.00,135.00,4.20,215.03,237.97,"2,025.37","3,932.50",179.47,"2,197.99","1,720.43"
2021-09-06,10.40,5.55,39.75,460.50,36.00,65.50,8.30,1.60,11.10,35.00,2.77,13.55,33.00,16.70,0.45,65.00,171.25,12.95,49.20,1.01,6.90,1.32,"1,890.00",0.38,3.61,22.50,365.00,90.00,46.25,4.69,2.50,1.49,4.53,6.00,3.83,383.00,"1,500.00",8.28,320.00,3.99,4.12,7.56,27.05,25.00,9.98,2.20,10.40,9.40,18.70,91.00,5.06,135.50,42.15,18.10,10.50,3.63,1.33,25.05,14.95,0.24,6.32,32.95,142.25,4.00,213.53,236.73,"2,038.45","3,905.97",178.84,"2,178.04","1,704.04"
2021-09-07,10.30,5.55,39.80,463.75,36.00,67.75,8.22,1.59,11.05,35.00,2.76,13.45,32.95,16.85,0.45,64.50,175.50,12.95,49.05,0.96,6.90,1.34,"1,890.00",0.38,3.67,22.60,360.25,90.00,46.35,4.86,2.51,1.55,4.53,6.00,3.83,383.00,"1,500.00",8.00,320.00,4.00,4.12,8.08,27.10,25.00,9.74,2.20,10.40,9.00,18.70,91.00,5.56,135.25,41.60,18.10,10.70,3.48,1.40,25.15,15.00,0.25,6.30,32.95,142.25,4.00,213.58,235.69,"2,053.00","3,893.52",177.65,"2,181.01","1,706.20"
2021-09-08,10.30,5.55,38.60,463.00,35.00,69.75,8.22,1.60,11.10,35.00,2.80,13.45,32.65,16.85,0.45,64.75,175.00,13.00,49.60,0.96,7.02,1.35,"1,890.00",0.39,3.66,22.50,353.50,88.50,46.30,4.94,2.50,1.70,4.53,6.00,3.83,385.25,"1,500.00",8.20,320.00,3.99,4.12,8.08,27.40,25.15,9.82,2.20,10.40,8.54,18.80,89.25,5.74,135.25,42.00,18.00,10.85,3.48,1.38,25.20,15.45,0.26,6.60,32.95,142.25,4.00,214.46,237.01,"2,066.46","3,909.72",178.74,"2,188.82","1,711.70"
2021-09-09,10.30,5.55,38.95,460.00,32.65,68.50,8.32,1.60,11.10,33.50,2.81,13.35,32.40,16.85,0.45,64.25,175.00,12.85,49.85,0.94,7.18,1.35,"1,890.00",0.40,3.73,22.50,358.00,88.50,46.30,4.95,2.52,1.62,4.53,6.00,3.83,385.25,"1,500.00",8.04,320.00,4.00,4.12,7.42,27.65,25.50,9.78,2.01,10.40,8.58,19.50,90.50,5.46,135.00,42.50,18.00,9.92,3.80,1.38,25.25,15.45,0.26,6.90,32.95,134.00,4.00,215.01,238.44,"2,062.22","3,931.36",179.98,"2,193.73","1,719.44"
2021-09-10,10.40,5.55,38.15,462.00,29.80,74.50,8.34,1.59,11.00,33.50,2.80,13.40,32.25,16.95,0.45,64.00,175.00,13.80,51.00,0.92,7.16,1.35,"1,890.00",0.39,3.79,22.50,359.25,88.50,46.60,4.98,2.52,1.58,4.53,6.00,3.83,385.25,"1,500.00",7.64,320.00,4.00,4.12,6.82,27.65,25.55,9.72,2.01,10.40,8.58,20.15,89.25,5.56,135.00,42.50,18.00,9.92,3.54,1.38,25.70,14.95,0.26,6.66,32.95,134.00,4.40,216.56,239.44,"2,063.44","3,948.99",180.14,"2,209.77","1,731.22"
2021-09-13,10.45,5.55,37.10,461.00,30.00,75.00,8.30,1.58,11.00,32.60,2.82,13.40,32.05,17.00,0.45,65.00,174.75,13.45,52.00,0.96,7.20,1.33,"1,890.00",0.39,3.81,22.50,360.00,88.50,46.80,4.96,2.52,1.61,4.53,6.00,3.83,385.25,"1,500.00",8.34,320.00,4.00,4.12,6.18,28.00,25.60,9.36,2.02,10.40,8.58,20.45,90.75,5.36,135.00,42.40,18.00,9.92,3.85,1.38,25.65,15.00,0.25,7.16,32.95,141.25,4.40,217.49,239.90,"2,061.36","3,963.37",180.30,"2,219.75","1,739.04"
2021-09-14,10.60,5.55,37.15,455.50,29.05,74.25,8.32,1.48,11.00,32.60,2.85,13.35,32.00,17.10,0.45,63.25,175.00,13.45,51.50,0.94,7.12,1.35,"1,890.00",0.40,3.87,22.60,360.00,88.50,46.75,4.93,2.60,1.62,4.53,6.00,3.83,385.25,"1,500.00",8.30,320.00,4.00,4.12,5.90,28.00,25.45,9.10,2.10,10.40,8.60,20.75,91.00,5.40,135.00,42.45,17.70,10.70,3.73,1.32,25.55,15.00,0.24,7.00,32.95,140.00,4.40,217.09,239.64,"2,059.33","3,960.07",180.23,"2,212.47","1,732.55"
2021-09-15,10.60,5.55,37.25,451.00,28.00,74.25,8.34,1.55,11.15,32.60,2.82,13.05,32.00,17.05,0.45,63.50,175.00,13.45,51.00,1.02,7.04,1.34,"1,830.00",0.40,3.90,22.95,360.00,90.00,46.85,4.67,2.60,1.60,4.53,6.00,3.83,385.25,"1,500.00",8.26,350.00,4.00,4.12,5.98,27.75,25.60,9.00,2.17,10.40,8.70,20.30,91.00,5.38,134.25,42.45,16.05,11.00,3.51,1.34,25.50,15.00,0.22,7.00,32.95,140.00,4.40,215.83,239.12,"2,046.58","3,949.56",179.81,"2,201.48","1,723.16"
2021-09-16,10.45,5.55,37.95,455.00,28.00,74.25,8.30,1.57,11.35,32.60,2.79,13.10,31.65,17.00,0.45,63.25,175.00,13.45,52.00,1.01,6.90,1.31,"1,830.00",0.40,4.00,22.80,360.00,90.00,46.95,4.82,2.53,1.70,4.53,6.00,3.83,385.25,"1,500.00",7.72,350.00,4.00,4.12,6.32,27.65,25.20,9.26,2.02,10.40,8.52,20.30,91.00,5.22,131.00,42.65,16.05,11.45,3.44,1.35,25.50,15.00,0.21,7.00,32.95,140.00,4.40,217.30,240.33,"2,051.80","3,965.48",180.52,"2,216.92","1,734.46"
2021-09-17,10.35,5.55,37.55,450.00,28.45,74.25,8.32,1.59,11.55,32.60,2.71,13.50,32.00,17.00,0.45,62.75,176.00,13.45,53.25,1.01,7.02,1.35,"1,830.00",0.40,3.92,22.65,350.25,90.00,48.55,4.85,2.53,1.70,4.53,6.00,3.83,385.25,"1,500.00",8.00,320.00,4.14,4.12,6.46,27.65,25.10,9.26,2.00,10.40,8.48,20.15,91.00,5.20,134.50,43.20,16.05,11.50,3.44,1.37,25.50,15.50,0.22,7.00,32.95,140.00,4.40,220.82,243.89,"2,061.45","4,015.08",182.75,"2,257.99","1,764.98"
2021-09-20,10.35,5.55,37.45,449.25,28.00,74.25,8.24,1.60,11.85,31.00,2.74,13.25,32.00,17.00,0.45,63.25,175.00,14.00,53.00,0.97,7.00,1.35,"1,830.00",0.40,3.84,22.65,350.00,90.00,48.35,4.80,2.50,1.68,4.53,6.00,3.83,385.25,"1,500.00",8.30,320.00,4.03,4.12,6.40,27.85,25.00,9.82,2.00,10.40,8.40,19.65,91.00,5.12,133.25,42.90,16.05,11.50,3.40,1.37,24.05,15.00,0.22,7.00,32.95,140.00,4.40,219.53,242.53,"2,056.99","3,994.19",181.64,"2,243.45","1,752.82"
2021-09-21,10.50,5.55,37.20,445.75,28.00,74.25,8.22,1.53,11.45,31.00,2.69,13.30,32.00,17.00,0.45,64.00,174.00,13.00,51.75,1.02,7.00,1.35,"1,830.00",0.40,3.93,22.65,347.00,90.00,47.95,4.74,2.50,1.68,4.53,6.00,3.83,385.25,"1,500.00",8.12,320.00,4.30,4.12,6.78,26.95,25.05,9.12,2.00,10.40,8.44,19.90,91.00,5.20,130.50,41.80,17.45,11.50,3.27,1.40,25.35,16.00,0.23,6.60,30.00,134.00,4.61,216.85,238.26,"2,039.21","3,934.00",178.20,"2,212.84","1,727.34"
2021-09-22,10.50,5.55,36.85,445.00,27.85,72.75,8.16,1.55,11.90,31.00,2.68,13.55,32.00,17.05,0.45,64.00,173.25,13.00,51.25,0.98,7.00,1.35,"1,855.00",0.40,3.99,22.90,350.00,90.00,47.05,4.75,2.50,1.68,4.53,6.00,3.83,385.25,"1,500.00",8.04,320.00,4.00,4.12,6.90,27.85,25.05,9.08,2.00,10.40,8.26,19.95,91.00,5.40,130.25,41.85,17.45,11.75,3.21,1.30,24.50,16.00,0.24,6.86,30.00,134.00,4.61,215.80,237.57,"2,043.06","3,930.22",178.20,"2,202.16","1,717.45"
2021-09-23,10.60,5.55,37.85,445.50,27.95,72.75,8.08,1.56,11.50,31.00,2.69,13.20,29.75,17.00,0.45,64.00,173.50,13.00,50.75,0.97,6.94,1.35,"1,855.00",0.40,3.96,22.60,350.00,90.00,47.20,4.76,2.50,1.69,4.53,6.00,3.83,385.25,"1,500.00",8.14,320.00,4.20,4.12,7.32,28.00,25.20,9.12,2.00,10.40,7.66,20.00,92.00,5.38,130.75,41.95,17.45,11.75,3.34,1.30,24.85,16.00,0.22,6.86,30.00,138.00,4.50,215.42,237.54,"2,046.17","3,926.62",178.33,"2,194.21","1,711.25"
2021-09-24,10.55,5.55,38.00,446.00,27.90,71.00,8.08,1.56,12.00,31.00,2.73,13.20,26.80,17.05,0.45,63.50,173.50,12.80,50.50,1.05,6.98,1.33,"1,855.00",0.39,4.08,23.00,368.75,90.75,47.10,4.70,2.50,1.71,4.53,6.00,3.83,390.00,"1,500.00",8.14,320.00,4.05,4.12,7.16,27.05,25.00,9.10,2.00,10.40,7.90,20.10,92.00,5.40,130.00,41.80,17.45,11.90,3.50,1.35,24.75,15.35,0.22,6.78,30.00,138.00,4.50,214.88,237.10,"2,039.75","3,918.47",177.81,"2,189.35","1,709.01"
2021-09-27,10.60,5.55,37.75,447.00,28.35,72.25,8.14,1.54,12.00,31.00,2.82,13.25,26.85,17.35,0.45,63.75,174.00,13.90,50.50,1.09,6.90,1.35,"1,855.00",0.38,3.98,22.80,368.75,90.75,47.00,4.71,2.50,1.70,4.53,6.00,3.83,390.00,"1,500.00",7.76,320.00,4.20,4.12,6.54,27.40,25.05,9.80,2.00,10.40,7.90,20.25,92.00,5.58,130.00,41.85,17.45,11.90,3.32,1.40,24.75,15.80,0.23,6.78,30.00,140.00,4.50,215.12,237.34,"2,055.40","3,924.61",178.07,"2,191.33","1,709.00"
2021-09-28,10.55,5.55,37.90,445.75,28.00,72.25,8.16,1.55,11.45,34.00,2.93,13.10,27.00,17.50,0.45,63.50,174.00,13.80,50.75,1.04,6.86,1.35,"1,855.00",0.40,3.87,22.80,368.75,90.00,46.90,4.70,2.50,1.71,4.53,6.00,3.83,390.00,"1,500.00",8.02,320.00,4.19,4.12,6.54,26.70,24.65,9.66,2.00,10.40,8.20,20.20,92.00,5.54,129.75,41.55,17.45,12.00,3.50,1.40,25.40,15.35,0.24,7.00,30.00,139.25,4.50,214.71,236.46,"2,047.82","3,910.68",177.20,"2,186.67","1,703.82"
2021-09-29,10.55,5.55,37.55,446.00,28.00,72.25,8.12,1.55,11.95,34.00,2.99,13.05,27.15,17.45,0.45,62.25,172.00,13.00,50.75,1.09,6.78,1.34,"1,855.00",0.40,3.85,22.80,350.00,90.00,46.70,4.65,2.50,1.72,4.53,6.00,3.83,390.00,"1,500.00",8.02,300.00,4.00,4.12,6.38,25.75,24.35,9.04,1.88,10.40,8.20,20.05,92.00,5.54,129.75,41.65,17.40,11.50,3.42,1.39,25.40,15.35,0.24,7.00,30.00,139.25,4.50,214.24,236.06,"2,030.15","3,895.96",177.04,"2,180.39","1,699.55"
2021-09-30,10.55,5.55,37.50,451.00,28.00,71.00,8.08,1.53,11.95,34.00,2.98,13.35,27.15,17.60,0.45,62.25,170.75,13.00,50.75,1.16,6.76,1.33,"1,855.00",0.40,3.87,22.80,350.00,90.00,46.75,4.65,2.50,1.72,4.53,6.00,3.83,384.50,"1,500.00",8.12,300.00,4.00,4.12,6.84,26.00,23.35,9.50,1.88,10.40,8.20,20.00,92.00,5.26,130.25,42.10,17.40,11.50,3.26,1.39,25.35,15.35,0.24,7.00,30.00,139.00,4.45,215.09,237.40,"2,031.17","3,914.52",178.31,"2,189.76","1,706.23"
2021-10-01,10.50,5.55,37.85,451.00,28.00,68.00,8.08,1.58,11.85,35.00,2.96,13.40,28.10,17.85,0.45,63.50,172.00,13.90,50.50,1.22,6.90,1.33,"1,855.00",0.40,3.96,22.75,350.00,89.75,46.75,4.70,2.50,1.74,4.53,6.00,3.83,384.50,"1,500.00",8.12,300.00,4.00,4.12,6.88,26.00,23.00,9.88,2.00,10.40,8.20,20.00,92.00,4.99,130.75,43.20,17.40,11.50,3.42,1.27,25.60,16.00,0.24,7.00,30.00,140.00,4.39,216.25,240.50,"2,038.08","3,952.17",181.23,"2,202.53","1,715.40"
2021-10-04,10.40,5.55,37.40,448.75,30.75,71.50,8.06,1.51,11.50,36.00,2.88,13.45,30.90,17.75,0.45,63.25,170.25,13.90,50.00,1.18,6.92,1.34,"1,855.00",0.40,3.87,22.40,350.00,89.75,46.60,4.71,2.50,1.84,4.53,6.00,3.83,384.50,"1,500.00",8.00,300.00,4.01,4.12,6.80,25.95,22.50,9.46,1.95,10.40,7.90,19.10,88.00,5.00,130.50,43.60,17.40,11.50,3.26,1.32,25.50,16.00,0.23,6.62,30.00,139.25,4.39,215.67,240.78,"2,027.64","3,944.31",181.92,"2,196.25","1,709.74"
2021-10-05,10.25,5.55,37.00,449.50,30.10,71.50,8.06,1.49,11.55,36.00,2.82,13.35,31.85,17.50,0.45,63.00,166.50,14.00,49.90,1.14,6.76,1.31,"1,855.00",0.40,3.84,22.40,350.25,89.75,45.20,4.74,2.48,1.82,4.53,6.00,3.83,384.50,"1,500.00",7.94,300.00,4.20,4.12,6.32,25.75,22.45,9.04,2.00,10.40,7.90,19.95,92.00,5.10,131.25,42.95,17.40,11.50,3.25,1.33,25.30,16.00,0.22,6.60,30.00,139.50,4.21,212.79,237.39,"2,015.81","3,901.11",179.69,"2,164.97","1,684.63"
2021-10-06,10.30,5.55,36.05,450.00,28.00,71.50,8.06,1.50,11.45,36.00,2.83,13.30,32.00,17.50,0.45,63.00,166.75,13.00,49.45,1.18,6.96,1.31,"1,855.00",0.40,3.88,22.00,350.25,89.75,45.50,4.80,2.50,1.78,4.53,6.00,3.83,384.50,"1,500.00",7.86,300.00,4.05,4.12,6.90,25.55,22.55,9.70,2.00,10.40,7.90,19.10,92.00,5.02,131.00,42.95,16.10,12.00,3.39,1.39,25.25,16.50,0.22,6.62,30.00,135.00,4.40,212.69,237.31,"2,018.13","3,895.54",179.49,"2,163.17","1,682.47"
2021-10-07,10.25,5.55,36.90,448.00,28.00,71.50,7.94,1.55,11.50,36.00,2.74,13.20,32.00,17.50,0.45,62.25,165.00,13.00,49.30,1.15,6.84,1.32,"1,855.00",0.39,3.83,22.00,350.00,89.75,45.90,4.66,2.48,1.77,4.53,6.00,3.83,384.50,"1,500.00",7.86,300.00,4.05,4.12,6.32,25.20,22.35,9.16,1.92,10.40,7.90,19.10,93.50,5.00,130.00,42.35,16.10,11.55,3.41,1.40,25.25,16.50,0.23,6.70,29.60,137.50,4.40,211.72,235.43,"2,002.23","3,868.38",177.70,"2,152.64","1,673.52"
2021-10-08,10.25,5.55,37.05,445.50,30.00,70.50,8.08,1.52,11.65,36.00,2.81,13.15,30.65,17.40,0.45,60.50,164.75,13.00,49.35,1.14,6.62,1.35,"1,855.00",0.40,3.69,21.80,350.00,89.75,46.10,4.78,2.50,1.79,4.53,6.00,3.83,384.50,"1,500.00",7.80,300.00,4.11,4.12,5.80,25.25,22.35,9.12,1.95,10.40,7.90,19.00,86.25,4.93,129.25,41.65,16.10,11.90,3.14,1.40,25.25,16.50,0.23,6.64,29.60,135.00,4.40,211.30,233.55,"1,992.92","3,834.90",175.82,"2,145.35","1,667.85"
2021-10-12,10.15,5.55,36.30,445.00,30.00,70.00,7.64,1.52,11.80,36.00,2.81,13.10,30.00,17.20,0.45,60.25,164.75,12.00,49.50,1.05,6.50,1.35,"1,855.00",0.40,3.70,21.55,350.00,89.00,45.80,4.70,2.50,1.77,4.53,6.00,3.83,384.50,"1,500.00",7.80,300.00,3.99,4.12,6.32,25.05,22.45,9.30,1.95,10.40,8.20,19.85,86.25,4.95,129.00,41.85,16.10,12.00,3.14,1.40,24.65,16.50,0.24,6.80,30.00,135.00,4.40,210.90,233.75,"1,981.44","3,832.73",176.09,"2,145.05","1,666.86"
2021-10-13,10.10,5.55,36.15,441.25,30.00,70.00,7.56,1.51,11.55,36.00,2.77,13.10,30.00,17.45,0.45,60.25,163.50,12.00,49.15,1.06,6.50,1.35,"1,855.00",0.38,3.77,21.70,350.00,87.25,45.40,4.65,2.45,1.77,4.53,6.00,3.83,384.50,"1,500.00",8.14,300.00,4.00,4.12,6.40,25.35,22.25,9.04,1.91,10.40,8.10,19.15,86.25,5.04,128.75,42.00,17.10,11.95,3.14,1.40,25.00,16.00,0.24,6.50,30.00,135.00,4.40,209.96,233.43,"1,974.15","3,828.16",176.17,"2,135.03","1,658.33"
2021-10-14,10.25,5.55,37.00,439.75,28.20,70.00,7.56,1.50,11.75,36.00,2.79,13.05,30.00,17.50,0.45,60.00,163.00,13.00,49.25,1.09,6.50,1.35,"1,855.00",0.38,3.74,21.60,340.00,87.25,45.05,4.53,2.46,1.77,4.53,6.00,3.83,384.50,"1,500.00",7.78,330.00,3.97,4.12,5.94,25.70,22.00,9.04,1.91,10.40,8.10,19.10,86.25,4.90,129.25,42.45,16.90,11.95,3.11,1.29,24.65,15.45,0.24,6.48,30.00,134.50,4.40,210.12,234.30,"1,972.91","3,840.40",177.10,"2,134.84","1,658.19"
2021-10-15,10.15,5.55,37.00,435.50,28.20,70.00,7.64,1.48,11.70,36.00,2.69,13.00,30.00,17.50,0.45,59.50,164.75,13.00,49.50,1.09,6.54,1.33,"1,855.00",0.39,3.71,21.50,348.50,88.00,45.10,4.57,2.46,1.70,4.53,6.00,3.83,384.50,"1,500.00",7.78,330.00,3.95,4.12,5.94,25.75,22.15,9.00,2.00,10.40,8.10,19.05,86.00,4.91,128.25,43.10,16.90,11.95,3.15,1.40,24.45,16.00,0.23,6.66,30.00,130.75,4.40,210.88,236.31,"1,970.44","3,867.27",178.86,"2,146.28","1,666.31"
2021-10-18,10.10,5.55,37.65,430.00,28.00,70.00,7.66,1.50,11.20,36.00,2.69,12.85,30.80,17.50,0.45,58.25,164.75,13.00,49.85,1.04,6.52,1.33,"1,855.00",0.37,3.72,21.55,350.00,87.50,44.80,4.79,2.45,1.68,4.53,6.00,3.83,384.50,"1,500.00",8.00,330.00,3.96,4.12,6.36,25.55,21.75,8.54,1.98,10.40,8.10,20.00,86.00,4.90,129.00,42.90,16.90,11.50,3.01,1.40,24.30,16.00,0.23,6.66,30.00,130.75,4.40,210.64,235.67,"1,962.74","3,857.89",178.36,"2,140.23","1,660.87"
2021-10-19,10.20,5.55,37.35,430.00,27.50,70.00,7.50,1.47,11.30,36.00,2.69,12.75,30.80,17.50,0.45,57.75,165.00,13.00,49.65,1.05,6.54,1.35,"1,855.00",0.36,3.98,21.50,350.00,87.50,44.60,4.72,2.46,1.68,4.53,6.00,3.83,384.50,"1,500.00",7.70,330.00,3.98,4.12,6.08,25.10,21.65,8.94,2.00,10.40,8.00,21.50,90.00,4.75,129.25,42.15,16.15,11.50,3.07,1.37,24.65,16.25,0.22,6.90,30.00,130.75,4.40,209.47,233.36,"1,959.67","3,831.25",176.35,"2,127.29","1,649.35"
2021-10-21,10.05,5.55,37.00,437.50,27.50,70.00,7.54,1.48,11.25,36.00,2.65,12.70,30.60,17.50,0.45,58.00,170.00,13.20,49.50,1.00,6.98,1.35,"1,855.00",0.39,3.85,21.50,350.00,87.50,44.45,4.76,2.45,1.70,4.53,6.00,3.83,384.50,"1,500.00",7.80,330.00,3.97,4.12,5.54,25.10,21.75,8.94,2.00,10.40,7.82,20.25,90.00,4.58,129.50,42.50,16.10,11.50,3.14,1.37,24.25,16.50,0.22,6.90,30.00,131.00,4.31,210.03,234.64,"1,961.32","3,848.81",177.39,"2,141.46","1,661.08"
2021-10-22,10.05,5.55,37.00,435.50,28.00,70.00,7.50,1.44,11.20,36.00,2.63,12.75,30.90,17.50,0.45,58.25,169.25,13.20,49.95,0.90,6.98,1.35,"1,855.00",0.39,3.76,21.50,350.00,87.50,44.20,4.72,2.45,1.69,4.53,6.00,3.83,384.50,"1,500.00",7.76,330.00,3.95,4.12,5.06,25.00,21.75,8.98,2.00,10.40,7.62,21.00,90.00,4.59,129.25,42.95,15.30,11.65,3.02,1.38,24.30,16.45,0.22,6.84,30.00,130.75,3.88,210.49,235.84,"1,960.75","3,865.42",178.54,"2,146.74","1,663.67"
2021-10-25,10.10,5.55,36.85,436.25,27.50,70.00,7.54,1.34,11.40,36.00,2.65,12.60,30.75,17.50,0.45,58.75,167.00,12.75,49.50,0.98,6.78,1.35,"1,855.00",0.37,3.69,21.50,350.00,87.50,44.00,4.73,2.46,1.65,4.53,6.00,3.83,384.50,"1,500.00",7.80,330.00,3.95,4.12,4.84,24.85,20.20,8.22,2.00,10.40,8.00,19.80,90.00,4.88,129.50,42.35,15.00,11.60,3.15,1.27,24.55,16.60,0.22,6.52,30.00,130.75,3.88,208.82,233.48,"1,945.20","3,830.60",176.59,"2,126.45","1,647.21"
2021-10-26,10.10,5.55,36.30,435.00,27.50,64.50,7.56,1.34,11.50,35.00,2.60,12.55,30.50,17.55,0.45,59.75,166.00,12.75,49.90,1.04,6.58,1.35,"1,855.00",0.40,3.75,21.50,350.00,85.00,43.95,4.73,2.43,1.65,4.53,6.00,3.83,384.50,"1,500.00",7.50,330.00,3.74,4.12,5.00,24.65,21.25,8.32,1.91,10.40,8.00,19.00,90.00,4.80,129.25,42.05,14.75,11.50,3.00,1.26,24.55,16.95,0.23,6.32,30.00,130.75,3.50,208.62,232.78,"1,946.97","3,821.81",175.77,"2,123.21","1,644.70"
2021-10-27,10.15,5.55,36.50,432.50,27.50,70.00,7.72,1.33,11.55,35.00,2.48,12.55,30.70,17.50,0.45,58.75,166.00,12.45,49.90,1.00,6.88,1.35,"1,855.00",0.39,3.75,21.50,350.00,85.00,44.00,4.75,2.40,1.69,4.53,6.00,3.83,385.00,"1,500.00",8.00,330.00,3.82,4.12,5.40,24.55,21.25,8.46,1.85,10.40,7.80,19.50,93.50,4.85,129.50,42.00,15.00,11.50,3.01,1.26,24.45,15.80,0.23,6.60,30.00,132.00,3.79,208.61,232.64,"1,955.23","3,825.51",175.82,"2,122.26","1,644.70"
2021-10-28,10.20,5.55,36.45,430.00,26.50,70.00,8.00,1.32,11.50,36.00,2.46,12.50,30.90,17.80,0.45,58.00,165.00,12.45,49.70,0.96,6.90,1.32,"1,855.00",0.38,3.89,21.55,349.50,85.00,44.00,4.76,2.40,1.70,4.53,6.00,3.83,385.00,"1,500.00",7.50,330.00,3.90,4.12,5.22,24.40,21.60,8.48,1.90,10.40,7.80,20.00,93.50,4.80,129.25,42.85,15.00,11.50,3.01,1.27,24.45,15.45,0.23,6.60,30.00,140.00,4.00,209.21,234.69,"1,960.30","3,849.53",177.85,"2,125.03","1,645.37"
2021-10-29,10.20,5.55,36.65,430.00,29.00,70.00,7.96,1.28,11.50,36.00,2.56,12.50,32.00,17.75,0.45,58.75,166.00,12.00,49.70,1.00,6.72,1.35,"1,855.00",0.40,3.81,21.45,360.00,85.00,43.95,4.69,2.42,1.72,4.53,6.00,3.83,385.00,"1,500.00",8.00,330.00,3.91,4.12,5.04,24.10,20.70,8.80,2.00,10.40,7.80,19.95,94.00,4.79,130.00,42.80,15.00,11.50,3.04,1.35,24.70,16.00,0.23,6.64,30.00,138.00,4.00,209.13,234.75,"1,961.33","3,851.67",177.96,"2,126.35","1,644.91"
2021-11-01,10.10,5.55,36.75,430.00,29.00,70.00,8.00,1.25,11.80,36.00,2.48,12.65,32.00,17.60,0.45,57.25,165.75,12.45,49.75,1.01,7.04,1.35,"1,855.00",0.40,3.99,21.75,360.00,90.00,43.95,4.57,2.40,2.02,4.53,6.00,3.83,415.00,"1,500.00",8.00,300.00,3.96,4.12,5.34,24.10,21.05,9.18,2.00,10.40,8.10,20.00,92.75,4.73,129.25,41.95,15.00,11.70,2.86,1.32,24.25,16.00,0.23,6.88,30.00,138.00,4.19,208.40,232.48,"1,972.02","3,823.47",175.83,"2,120.02","1,640.01"
2021-11-02,10.10,5.55,36.15,430.00,28.75,64.50,7.76,1.30,12.30,36.00,2.44,12.50,32.75,17.75,0.45,57.50,167.00,12.40,50.00,1.00,7.04,1.34,"1,855.00",0.38,3.80,21.90,350.00,85.00,43.85,4.71,2.39,1.98,4.53,6.00,3.83,385.00,"1,500.00",8.06,300.00,3.93,4.12,5.12,24.10,21.50,8.48,1.94,10.40,8.00,19.05,87.00,4.85,129.00,41.65,15.00,11.70,3.00,1.31,24.45,15.50,0.22,6.98,28.50,138.00,4.19,208.30,231.77,"1,958.66","3,806.15",174.85,"2,118.71","1,638.27"
2021-11-03,10.15,5.55,36.05,430.00,28.75,70.00,7.72,1.30,13.25,36.00,2.45,12.50,32.00,17.65,0.45,57.00,169.25,13.55,50.00,1.04,7.06,1.33,"1,815.00",0.37,3.72,21.85,350.00,85.00,43.55,4.72,2.40,1.94,4.53,6.00,3.83,385.00,"1,500.00",8.00,300.00,3.77,4.12,4.93,24.50,21.50,8.54,2.00,10.40,8.00,20.00,95.00,4.89,130.00,41.60,15.00,12.00,3.00,1.30,24.35,15.50,0.22,6.98,28.50,138.00,4.19,208.21,231.72,"1,968.60","3,819.69",175.04,"2,120.56","1,639.70"
2021-11-04,10.30,5.55,36.75,429.50,28.75,70.00,7.70,1.30,13.10,36.00,2.43,12.50,32.00,17.70,0.45,57.00,169.00,13.00,50.00,0.97,7.10,1.23,"1,815.00",0.40,3.81,21.70,350.00,85.00,43.50,4.72,2.39,1.91,4.53,6.00,3.83,385.00,"1,500.00",7.50,300.00,3.71,4.12,4.83,24.45,21.20,8.38,1.92,10.40,8.00,20.00,87.00,4.90,129.75,41.05,16.00,11.50,3.00,1.30,24.60,16.00,0.22,6.90,28.50,138.00,4.22,207.81,230.19,"1,956.28","3,791.12",173.40,"2,113.57","1,630.63"
2021-11-05,10.25,5.55,36.45,430.00,26.50,70.00,7.82,1.41,13.05,36.00,2.40,12.50,32.00,17.65,0.45,57.00,169.00,13.00,49.90,0.96,7.06,1.35,"1,815.00",0.41,3.82,21.75,343.75,85.00,43.50,4.68,2.32,1.91,4.53,6.00,3.83,385.00,"1,500.00",7.50,300.00,3.80,4.12,4.98,24.10,21.55,8.32,1.92,10.40,8.00,19.65,87.00,4.85,129.75,40.20,16.00,12.40,3.01,1.30,24.25,16.00,0.22,6.40,28.50,138.00,4.22,206.70,227.71,"1,948.87","3,757.80",170.94,"2,103.85","1,623.13"
2021-11-08,10.25,5.55,36.05,430.00,26.50,66.25,7.54,1.38,13.05,36.00,2.38,12.40,32.00,17.65,0.45,57.50,165.25,14.00,50.25,0.96,7.00,1.35,"1,815.00",0.40,4.16,21.85,345.25,81.00,44.00,4.61,2.32,1.90,4.53,6.00,3.83,385.00,"1,500.00",6.80,300.00,3.91,4.12,4.97,24.15,20.00,8.20,1.97,10.40,8.00,19.90,87.00,5.00,129.50,40.05,16.00,12.40,2.97,1.30,24.80,16.00,0.22,6.30,28.50,138.00,3.80,206.63,227.40,"1,935.91","3,749.82",170.41,"2,100.10","1,619.51"
2021-11-09,10.40,5.55,35.50,428.25,27.00,68.75,7.54,1.28,13.05,36.00,2.36,12.40,33.60,17.70,0.45,60.00,165.00,14.00,51.75,0.95,7.06,1.35,"1,815.00",0.39,4.17,21.80,345.25,81.00,44.40,4.52,2.33,1.90,4.53,6.00,3.83,385.00,"1,500.00",7.00,300.00,3.91,4.12,4.98,24.15,20.00,8.40,1.97,10.40,8.00,19.00,87.00,4.54,129.25,40.10,16.00,12.50,2.81,1.30,24.80,16.00,0.22,6.40,28.50,134.00,3.80,208.37,228.80,"1,934.83","3,775.33",171.03,"2,118.32","1,631.37"
2021-11-10,10.30,5.55,35.15,429.50,28.50,69.00,7.52,1.25,13.00,36.00,2.41,12.35,32.70,17.50,0.45,57.75,164.00,14.00,53.25,0.89,6.94,1.35,"1,815.00",0.40,4.24,22.25,345.25,81.00,44.65,4.60,2.32,1.88,4.53,6.00,3.83,385.00,"1,500.00",7.00,300.00,3.95,4.12,4.96,24.05,20.00,8.42,2.00,10.40,8.00,19.00,87.25,4.60,129.50,40.50,16.00,12.50,2.99,1.30,24.95,16.85,0.22,6.30,28.50,134.00,3.80,210.15,230.81,"1,933.28","3,804.97",172.48,"2,137.24","1,645.94"
2021-11-11,10.30,5.55,35.60,429.00,27.85,70.00,7.52,1.22,13.00,36.00,2.41,12.45,30.75,15.95,0.45,58.00,162.75,12.70,53.00,0.85,6.98,1.30,"1,815.00",0.37,4.23,21.90,340.00,81.00,44.65,4.60,2.30,1.88,4.53,6.00,3.83,415.00,"1,500.00",7.38,300.00,3.78,4.12,5.14,24.00,20.00,8.44,2.00,10.40,8.00,18.45,94.00,4.57,129.25,40.50,16.00,11.50,2.99,1.17,24.75,16.55,0.21,6.38,28.50,134.00,3.50,209.54,230.32,"1,931.01","3,803.30",172.42,"2,133.40","1,641.52"
2021-11-12,10.20,5.55,35.40,429.00,28.50,70.00,7.50,1.29,13.00,32.95,2.39,12.55,31.60,15.15,0.45,58.00,162.25,13.90,52.50,0.85,6.98,1.33,"1,815.00",0.37,4.15,21.95,340.00,81.00,44.50,4.53,2.33,1.84,4.53,6.00,3.83,415.00,"1,500.00",7.02,300.00,3.93,4.12,5.32,23.95,20.00,8.38,2.00,10.40,8.00,18.10,94.00,4.54,130.50,40.20,16.00,11.50,2.99,1.17,24.65,16.20,0.21,6.40,28.50,134.00,3.50,208.25,228.95,"1,919.95","3,782.92",171.47,"2,124.40","1,635.32"
2021-11-15,10.40,5.55,36.50,429.00,28.50,70.00,7.56,1.23,12.95,32.50,2.33,12.50,30.50,15.25,0.45,57.50,160.00,13.90,52.00,0.89,6.52,1.35,"1,815.00",0.39,4.45,21.60,340.00,81.00,44.35,4.56,2.33,1.80,4.53,6.00,3.83,415.00,"1,500.00",7.60,300.00,3.91,4.12,5.04,24.00,20.00,8.24,2.00,10.40,8.00,18.25,94.00,4.50,129.50,40.05,14.45,11.85,2.89,1.20,24.55,16.20,0.22,6.40,28.50,132.00,3.80,207.63,227.90,"1,917.51","3,766.71",170.83,"2,110.27","1,623.00"
2021-11-16,10.35,5.55,36.50,428.25,26.90,68.00,7.40,1.28,13.05,32.90,2.31,12.50,30.50,15.55,0.45,57.50,160.25,13.90,51.50,0.89,6.54,1.35,"1,815.00",0.38,4.51,21.55,340.00,81.00,44.55,4.58,2.27,1.78,4.53,6.00,3.83,385.00,"1,500.00",7.00,300.00,3.92,4.12,4.92,23.75,20.00,8.24,1.93,10.40,8.00,18.25,94.00,4.41,130.50,40.05,14.45,11.50,2.71,1.30,24.55,16.20,0.22,6.40,28.50,133.75,3.54,207.35,227.77,"1,911.00","3,759.79",170.54,"2,107.44","1,620.09"
2021-11-17,10.35,5.55,35.35,428.75,26.90,68.00,7.22,1.29,13.15,32.90,2.32,12.45,30.50,15.35,0.45,57.25,158.50,13.90,51.50,0.93,6.70,1.30,"1,815.00",0.38,4.49,21.65,328.00,81.00,44.55,4.56,2.26,1.78,4.53,6.00,3.83,385.00,"1,500.00",7.50,300.00,3.90,4.12,4.45,23.75,20.15,8.50,1.82,10.40,7.20,18.00,90.50,4.38,129.75,39.85,14.45,11.50,2.71,1.19,24.50,15.60,0.22,6.80,28.50,133.75,3.54,206.72,226.84,"1,900.18","3,739.78",169.70,"2,100.59","1,614.83"
2021-11-18,10.45,5.55,35.65,428.75,26.90,68.00,7.02,1.28,12.95,32.90,2.26,12.45,30.50,15.05,0.45,57.50,158.75,13.90,52.00,0.98,6.70,1.30,"1,930.00",0.38,4.78,21.50,328.00,81.00,45.30,4.51,2.23,1.76,4.53,6.00,3.83,385.00,"1,500.00",7.50,297.00,3.98,4.12,4.10,23.65,20.00,8.22,1.99,10.40,7.20,18.00,90.75,4.31,129.00,39.70,14.70,11.50,2.71,1.19,24.50,15.60,0.23,6.80,28.50,137.50,3.80,207.76,227.23,"1,890.59","3,745.85",169.50,"2,111.76","1,620.52"
2021-11-19,10.50,5.55,36.00,426.50,26.90,68.00,7.24,1.30,13.00,35.50,2.30,12.30,30.50,15.05,0.45,57.00,157.00,13.90,52.00,0.89,6.84,1.31,"1,930.00",0.40,4.90,21.45,328.00,82.00,45.90,4.60,2.27,1.71,4.53,6.00,3.83,385.00,"1,500.00",7.46,297.00,3.98,4.12,3.81,23.75,20.00,8.32,2.00,10.40,7.20,18.65,91.75,4.26,128.75,39.25,15.50,11.50,2.85,1.18,24.40,15.60,0.24,6.80,28.50,134.00,3.80,207.70,226.22,"1,893.65","3,732.47",168.43,"2,105.24","1,616.96"
2021-11-22,10.45,5.55,35.55,423.75,26.40,70.00,7.26,1.29,13.00,35.50,2.27,12.45,30.50,15.00,0.45,57.00,158.00,13.90,52.00,0.88,6.96,1.33,"1,930.00",0.40,4.85,21.00,328.00,82.00,44.95,4.48,2.26,1.73,4.53,6.00,3.83,385.00,"1,500.00",7.04,300.00,4.00,4.12,4.18,23.50,19.15,8.20,2.00,10.40,7.20,18.00,91.75,4.11,128.50,37.95,15.30,11.50,2.61,1.20,24.35,15.75,0.23,6.90,28.50,134.00,3.80,205.39,221.93,"1,876.11","3,679.83",164.81,"2,086.57","1,599.77"
2021-11-23,10.75,5.55,35.55,424.00,28.00,68.75,7.14,1.27,13.00,35.50,2.15,12.35,30.50,15.10,0.45,57.00,157.50,14.00,51.75,0.88,6.88,1.30,"1,930.00",0.39,4.70,21.25,340.00,82.00,44.70,4.34,2.26,1.75,4.53,6.00,3.83,385.00,"1,500.00",6.78,300.00,4.04,4.12,4.57,23.55,19.50,8.24,1.82,10.40,7.20,18.00,91.75,4.25,128.50,37.55,14.85,11.50,2.87,1.30,24.40,15.45,0.23,6.50,28.50,130.50,3.80,204.51,220.64,"1,878.46","3,667.92",163.78,"2,074.67","1,589.94"
2021-11-24,10.90,5.55,35.25,424.00,27.00,68.75,7.00,1.20,13.10,35.50,2.00,12.30,30.50,14.90,0.45,55.75,155.00,14.00,51.50,0.85,6.80,1.28,"1,930.00",0.39,4.46,21.15,340.00,82.00,44.00,4.43,2.26,1.74,4.53,6.00,3.83,423.50,"1,500.00",6.74,300.00,4.00,4.12,5.00,23.10,19.35,8.30,2.00,10.40,7.60,18.00,91.75,4.22,128.00,36.95,14.85,11.40,2.65,1.30,24.45,15.00,0.22,6.50,28.50,131.75,4.05,202.81,218.02,"1,866.97","3,630.33",161.84,"2,052.55","1,572.29"
2021-11-25,10.90,5.55,35.25,424.00,27.00,67.25,7.46,1.29,12.90,35.50,2.18,12.30,30.50,14.55,0.45,56.25,153.50,14.00,51.50,0.85,6.60,1.30,"1,930.00",0.38,4.14,21.15,349.00,82.00,44.00,4.45,2.29,1.76,4.53,6.00,3.83,423.50,"1,500.00",6.80,300.00,3.97,4.12,5.30,23.25,18.65,8.28,1.95,10.40,7.60,18.00,93.00,4.24,127.75,37.00,15.00,11.00,2.63,1.30,24.25,15.00,0.22,6.90,28.50,131.75,3.80,202.65,218.07,"1,871.93","3,635.00",162.14,"2,049.60","1,570.02"
2021-11-26,10.95,5.55,35.60,434.00,26.60,70.00,7.42,1.29,12.90,35.50,2.30,12.35,30.50,14.95,0.45,57.00,154.00,14.00,51.50,0.88,6.68,1.35,"1,930.00",0.39,4.32,20.90,340.00,82.00,43.85,4.40,2.36,1.79,4.53,6.00,3.83,423.50,"1,500.00",6.80,300.00,3.93,4.12,5.68,23.50,18.85,8.42,2.00,10.40,7.60,18.10,91.00,4.24,127.50,38.00,14.85,11.00,2.65,1.23,24.50,15.00,0.23,6.90,27.55,131.00,3.80,204.19,220.88,"1,886.35","3,668.11",164.77,"2,064.30","1,579.18"
2021-11-29,11.25,5.55,35.15,430.00,26.60,70.00,7.50,1.29,11.65,32.45,2.29,12.30,30.50,15.45,0.45,56.50,154.50,12.90,50.25,0.92,6.70,1.30,"1,930.00",0.40,4.33,21.00,345.00,82.00,43.55,4.38,2.31,1.76,4.53,6.00,3.83,423.50,"1,500.00",6.80,300.00,3.90,4.12,6.10,24.20,18.70,8.70,1.98,10.40,7.00,18.20,92.25,4.16,128.25,38.05,14.90,11.85,2.68,1.24,24.25,14.20,0.21,6.90,27.55,131.00,3.80,203.02,220.21,"1,888.29","3,664.47",164.77,"2,048.22","1,566.87"
2021-11-30,11.05,5.55,35.25,430.25,26.60,70.00,7.20,1.29,11.20,32.45,2.24,12.20,30.50,15.05,0.45,56.00,153.00,12.70,49.00,0.86,6.72,1.30,"1,875.00",0.40,4.21,20.80,340.00,82.00,43.40,4.42,2.33,1.75,4.53,6.00,3.83,423.50,"1,500.00",6.56,300.00,3.91,4.12,6.00,24.70,18.15,8.64,1.81,10.40,7.00,18.20,92.25,4.01,128.25,37.95,15.00,11.50,2.68,1.31,24.25,14.20,0.23,6.90,27.55,130.25,3.80,201.01,218.59,"1,871.31","3,633.46",163.90,"2,028.01","1,551.41"
2021-12-01,10.90,5.55,35.50,430.00,26.60,70.00,7.20,1.24,11.00,35.50,2.19,12.05,30.50,15.05,0.45,54.75,152.00,12.80,48.25,0.92,6.54,1.28,"1,875.00",0.39,4.20,20.90,340.00,82.00,42.25,4.42,2.33,1.75,4.53,6.00,3.83,423.50,"1,500.00",6.74,300.00,3.90,4.12,5.98,24.60,18.80,8.66,1.99,10.40,7.04,19.00,91.75,4.02,129.00,37.90,13.55,11.50,2.74,1.26,23.75,15.40,0.23,6.90,27.55,129.00,3.80,198.73,216.91,"1,866.08","3,605.51",163.20,"2,003.97","1,532.34"
2021-12-02,10.80,5.55,35.45,428.50,27.00,70.00,7.14,1.24,11.15,31.95,2.08,11.80,30.50,14.80,0.45,55.50,149.75,13.95,47.35,0.94,6.70,1.28,"1,875.00",0.40,4.17,20.75,340.00,82.00,41.10,4.04,2.37,1.75,4.53,6.00,3.83,423.50,"1,500.00",6.52,300.00,3.64,4.12,5.98,24.25,17.95,8.68,1.99,10.40,7.00,19.00,90.75,4.07,129.00,37.90,13.50,11.50,2.89,1.26,24.05,15.40,0.24,6.90,27.55,129.25,3.80,195.42,214.88,"1,844.03","3,569.30",162.24,"1,973.83","1,508.62"
2021-12-03,11.05,5.55,35.05,427.00,27.00,70.00,6.94,1.25,11.05,35.00,2.16,11.80,30.60,14.35,0.45,55.25,150.00,13.95,46.60,0.96,6.68,1.30,"1,875.00",0.40,4.10,20.60,339.75,82.00,41.15,4.34,2.32,1.74,4.53,6.00,3.83,423.50,"1,500.00",6.98,300.00,3.90,4.12,5.88,24.00,18.35,8.58,1.99,10.40,7.00,19.00,90.50,4.07,129.00,37.05,14.65,11.50,2.77,1.30,25.00,15.40,0.22,6.90,27.55,129.25,4.17,194.49,212.33,"1,839.46","3,533.74",160.03,"1,957.89","1,495.78"
2021-12-06,10.80,5.55,34.25,420.25,27.00,70.00,6.90,1.28,10.90,35.00,2.23,12.00,30.60,14.40,0.45,58.50,148.50,13.80,45.00,1.01,6.54,1.25,"1,875.00",0.40,3.88,21.10,339.75,82.00,41.10,4.21,2.28,1.74,4.53,6.00,3.83,423.50,"1,500.00",7.04,300.00,3.90,4.12,6.00,23.15,17.80,8.58,1.94,10.40,7.00,18.40,87.00,4.09,129.00,36.95,13.55,11.40,2.89,1.31,24.00,14.00,0.22,6.90,27.65,127.00,4.17,192.14,210.91,"1,822.26","3,499.54",159.06,"1,937.83","1,479.80"
2021-12-07,10.85,5.55,33.55,421.50,24.30,71.00,7.00,1.19,10.80,35.00,2.18,11.80,30.50,14.90,0.45,57.00,150.00,13.80,45.15,1.02,6.16,1.35,"1,875.00",0.37,3.99,21.00,306.00,90.00,41.00,4.23,2.23,1.74,4.53,6.00,3.83,423.50,"1,500.00",7.24,300.00,3.99,4.12,5.60,23.15,18.00,8.50,1.97,10.40,7.00,18.40,87.00,4.22,128.75,36.50,14.45,11.55,3.00,1.25,24.05,14.00,0.22,6.30,27.65,126.00,4.17,191.79,209.41,"1,822.72","3,478.41",157.53,"1,934.11","1,475.65"
2021-12-08,10.95,5.55,33.90,421.50,26.35,72.00,6.80,1.25,10.80,35.00,2.13,11.95,30.50,14.30,0.45,56.50,150.50,13.80,46.95,1.02,6.20,1.35,"1,875.00",0.39,3.99,21.00,336.00,90.00,42.75,4.29,2.29,1.80,4.53,6.00,3.83,423.50,"1,500.00",7.00,300.00,3.95,4.12,5.94,23.50,17.70,8.58,1.99,10.40,7.00,18.40,87.25,4.11,127.50,36.60,13.55,11.50,2.70,1.34,24.50,14.00,0.22,6.30,27.65,126.00,4.17,195.60,212.43,"1,830.85","3,529.61",158.96,"1,973.70","1,505.18"
2021-12-09,10.95,5.55,33.80,430.00,26.35,72.00,6.96,1.21,10.80,31.50,2.15,12.00,31.10,14.80,0.45,58.00,149.50,13.80,47.05,1.02,6.40,1.35,"1,875.00",0.39,4.00,20.95,336.00,90.00,43.15,4.28,2.27,1.76,4.53,6.00,3.83,423.50,"1,500.00",6.90,300.00,3.98,4.12,5.98,23.95,17.90,8.52,1.99,10.40,7.00,18.85,87.00,4.14,124.00,36.95,14.90,11.50,2.70,1.28,24.50,15.40,0.22,6.30,27.65,126.00,4.17,196.69,213.71,"1,838.69","3,548.33",160.03,"1,983.81","1,512.89"
2021-12-10,11.05,5.55,35.15,430.00,26.35,72.00,6.98,1.24,10.80,34.00,2.16,12.20,31.10,14.45,0.45,56.00,149.00,13.95,47.50,1.02,6.52,1.35,"1,875.00",0.39,3.97,20.95,336.00,90.00,43.25,4.49,2.29,1.74,4.53,6.00,3.83,423.50,"1,500.00",7.16,300.00,4.00,4.12,6.04,24.05,18.90,8.44,1.99,10.40,6.48,20.60,92.25,4.04,127.00,37.80,14.90,11.50,2.75,1.28,24.00,15.40,0.23,6.30,27.65,126.00,4.17,198.78,216.60,"1,856.45","3,594.17",162.77,"2,010.03","1,532.89"
2021-12-14,11.20,5.55,34.95,427.50,26.35,72.00,7.18,1.22,10.80,34.00,2.13,12.30,31.10,14.60,0.45,56.00,149.00,13.60,48.65,1.04,6.62,1.35,"1,875.00",0.39,4.00,20.95,330.00,90.00,43.20,4.55,2.29,1.73,4.53,6.00,3.83,423.50,"1,500.00",7.32,300.00,4.00,4.12,6.14,24.50,18.60,8.50,1.95,10.40,7.00,20.60,92.25,3.98,127.00,37.75,13.60,11.50,2.69,1.30,24.00,15.05,0.23,6.90,27.65,126.00,4.17,200.05,217.20,"1,863.18","3,611.70",163.11,"2,021.52","1,541.66"
2021-12-15,11.05,5.55,35.00,429.00,26.35,72.00,7.24,1.25,10.70,34.00,2.11,12.30,31.10,14.75,0.45,56.00,149.00,13.60,48.95,1.03,6.60,1.35,"1,875.00",0.38,3.96,20.65,330.00,90.00,43.75,4.51,2.35,1.70,4.53,6.00,3.83,385.00,"1,500.00",7.32,300.00,3.98,4.12,6.16,24.95,18.75,8.58,1.80,10.40,6.52,22.40,92.25,4.00,127.00,37.70,13.65,11.55,2.69,1.30,24.05,15.40,0.23,6.90,27.65,126.00,4.17,200.66,217.54,"1,869.49","3,617.10",163.13,"2,029.83","1,547.99"
2021-12-16,11.00,5.55,35.00,429.00,26.35,72.00,7.02,1.28,10.80,34.00,2.12,12.30,31.10,14.60,0.45,57.00,150.00,13.60,49.35,1.04,6.62,1.35,"1,875.00",0.39,3.81,20.35,329.75,90.00,44.00,4.48,2.32,1.70,4.53,6.00,3.83,385.00,"1,500.00",7.04,300.00,3.95,4.12,6.00,25.05,18.15,8.50,1.95,10.40,6.06,20.55,92.25,3.96,126.75,37.75,14.95,11.55,2.69,1.30,23.15,15.40,0.23,6.90,27.65,126.00,4.15,201.20,218.10,"1,862.44","3,623.83",163.31,"2,039.12","1,553.70"
2021-12-17,11.20,5.55,35.05,435.00,26.40,72.00,7.10,1.28,10.80,34.00,2.14,12.30,31.50,14.45,0.45,57.00,148.25,13.60,48.65,1.02,6.62,1.35,"1,875.00",0.39,3.74,20.80,329.75,90.00,44.10,4.13,2.22,1.73,4.53,6.00,3.83,385.00,"1,500.00",7.24,300.00,4.00,4.12,6.48,25.05,18.50,8.50,1.98,10.40,6.06,20.30,92.50,3.91,126.50,37.95,14.50,11.50,2.80,1.30,23.20,15.40,0.23,6.90,27.65,126.00,4.15,200.52,218.11,"1,854.55","3,625.08",163.64,"2,033.20","1,549.19"
2021-12-20,11.10,5.55,34.65,435.00,26.65,72.00,7.06,1.21,10.80,34.00,2.11,12.20,30.50,14.40,0.45,57.25,151.00,12.85,48.75,1.01,6.66,1.35,"1,880.00",0.40,3.96,20.95,329.75,90.00,44.50,4.27,2.32,1.70,4.53,6.00,3.83,385.00,"1,500.00",7.24,305.00,4.00,4.12,6.34,25.00,18.95,8.46,2.00,10.40,6.06,20.30,94.00,4.00,127.50,38.00,14.95,11.55,2.77,1.30,23.50,15.40,0.23,6.90,27.65,138.50,4.15,201.47,219.00,"1,865.84","3,637.61",164.09,"2,043.19","1,556.12"
2021-12-21,11.20,5.55,34.10,435.00,27.40,72.00,6.74,1.29,10.80,33.90,2.07,12.45,30.50,14.50,0.45,57.00,161.75,12.85,49.00,1.04,6.60,1.35,"1,880.00",0.39,3.69,21.15,328.50,90.00,44.65,4.28,2.30,1.70,4.53,6.00,3.83,385.00,"1,500.00",7.00,335.00,3.95,4.12,6.22,25.05,20.00,8.32,1.92,10.40,6.06,21.95,92.00,4.00,127.00,38.05,14.95,11.55,2.73,1.25,24.10,15.40,0.23,6.90,27.65,129.00,4.15,203.60,220.69,"1,871.02","3,670.42",164.92,"2,077.14","1,583.37"
2021-12-22,11.20,5.55,34.25,436.00,28.65,72.00,7.04,1.26,10.65,33.90,2.12,12.50,30.50,14.20,0.45,57.25,164.50,12.85,49.15,1.01,6.56,1.35,"1,880.00",0.37,3.85,21.25,310.25,90.00,44.75,4.28,2.32,1.73,4.53,6.00,3.83,385.00,"1,500.00",7.24,335.00,3.99,4.12,6.22,25.50,18.05,8.32,2.00,10.40,6.06,21.85,92.00,4.00,127.00,38.65,14.95,11.55,2.54,1.30,23.95,15.40,0.23,7.00,27.65,138.50,3.85,204.80,222.62,"1,872.60","3,698.61",166.79,"2,093.58","1,594.49"
2021-12-23,11.30,5.55,36.45,440.00,28.00,70.50,7.08,1.22,11.00,33.90,2.10,12.50,30.50,14.25,0.45,57.25,165.00,13.80,48.65,0.96,6.52,1.34,"1,880.00",0.39,4.00,21.25,310.25,89.00,44.90,4.31,2.30,1.75,4.53,6.00,3.83,385.00,"1,500.00",7.04,335.00,3.96,4.12,5.76,25.45,18.95,8.42,1.97,10.40,6.06,21.95,92.00,4.00,127.00,39.95,14.95,11.55,2.78,1.30,24.00,15.40,0.24,7.00,27.65,135.00,3.85,206.38,226.23,"1,890.21","3,741.95",170.12,,
2021-12-24,11.55,5.55,36.60,440.00,28.00,70.50,7.04,1.22,11.00,33.90,2.20,12.45,30.50,14.10,0.45,59.50,168.00,13.80,48.50,0.99,6.48,1.35,"1,880.00",0.40,3.90,21.50,310.25,89.00,45.20,4.24,2.29,1.74,4.53,6.00,3.83,385.00,"1,500.00",7.04,320.00,3.96,4.12,5.36,25.75,19.95,8.42,1.78,10.40,6.06,21.90,92.00,4.05,128.00,40.00,14.95,11.55,2.78,1.30,24.95,15.25,0.23,7.00,27.65,130.25,3.85,207.44,227.09,"1,901.97","3,759.84",170.57,"2,114.21","1,609.49"
2021-12-28,11.60,5.55,36.05,435.00,28.95,70.00,7.48,1.21,11.00,33.95,2.20,12.70,31.95,14.20,0.45,60.00,168.00,13.50,49.60,0.95,6.50,1.35,"1,880.00",0.39,3.91,21.50,316.75,89.00,44.95,4.15,2.25,1.73,4.53,6.00,3.83,385.00,"1,500.00",7.18,320.00,4.00,4.12,5.08,25.45,18.15,8.38,1.81,10.40,6.06,21.90,86.75,4.11,128.00,39.35,13.55,11.55,2.68,1.19,25.20,15.00,0.23,7.00,27.65,130.00,4.04,207.46,225.90,"1,890.05","3,748.11",169.10,,
2021-12-29,11.80,5.55,37.15,441.50,28.50,70.00,7.68,1.20,10.90,31.00,2.18,12.90,31.95,14.20,0.45,60.00,167.75,13.50,50.00,0.98,6.52,1.35,"1,880.00",0.37,3.88,21.40,316.75,95.50,45.00,4.19,2.29,1.74,4.53,6.00,3.83,385.00,"1,500.00",7.40,320.00,4.00,4.12,5.56,25.30,18.35,8.30,1.97,10.40,6.06,20.75,86.75,4.00,128.00,38.75,13.55,11.55,2.78,1.17,25.70,15.25,0.23,6.74,27.65,130.00,4.10,207.86,224.85,"1,899.29","3,740.80",167.88,"2,122.26","1,614.90"
2021-12-30,11.70,5.55,37.65,441.50,29.00,70.00,7.66,1.23,11.00,33.95,2.29,12.90,31.95,14.20,0.45,59.50,165.25,13.50,51.00,0.98,6.26,1.33,"1,880.00",0.39,3.93,21.40,316.75,95.50,45.15,4.10,2.24,1.74,4.53,6.00,3.83,385.00,"1,500.00",7.40,320.00,4.00,4.12,5.78,26.00,18.15,8.26,1.99,10.40,6.06,18.70,88.00,4.11,128.00,37.65,13.55,11.55,2.78,1.17,25.70,15.25,0.23,6.74,27.65,130.00,4.10,207.14,222.24,"1,897.62","3,715.09",165.27,"2,116.42","1,610.46"
2021-12-31,11.85,5.55,38.00,441.50,29.00,70.00,7.50,1.20,11.00,33.95,2.21,12.95,30.50,14.10,0.45,59.50,165.00,13.50,52.75,0.98,6.26,1.26,"1,880.00",0.40,3.90,21.10,316.75,95.50,45.45,4.19,2.30,1.75,4.53,6.00,3.83,385.00,"1,500.00",7.00,320.00,4.00,4.12,6.06,25.20,18.45,8.00,2.00,10.40,6.66,18.70,87.25,4.14,128.25,37.95,13.55,11.55,2.86,1.17,25.00,15.25,0.24,6.74,27.65,130.00,4.10,209.50,224.40,"1,902.57","3,743.90",166.46,"2,140.45","1,628.74"
